file,category,start,end,n_bins,n_speech,prio,reasons,aed_speech,aed_singing,aed_music,silero_p
Asm_O_DCdDWGv_s.wav,Asm,86.500,87.500,2,1,1,aed_khong_chac+lech_silero,0.219,0.000,0.000,0.625
Asm_XHdsNxh9C7k.wav,Asm,16.500,17.000,1,0,1,lech_silero,0.050,0.000,0.000,0.596
Asm_XHdsNxh9C7k.wav,Asm,119.500,120.000,1,0,1,lech_silero,0.059,0.032,0.000,0.486
Babble_0RLrdoIo-kc.wav,Babble,0.000,19.500,39,39,1,aed_khong_chac+babble+lech_silero+speech_va_singing,0.842,0.281,0.593,0.120
Babble_2HoIimGWZPM.wav,Babble,0.000,2.500,5,1,1,aed_khong_chac+babble+lech_silero,0.333,0.004,0.017,0.059
Babble_2HoIimGWZPM.wav,Babble,4.500,9.500,10,7,1,aed_khong_chac+babble+lech_silero,0.448,0.014,0.008,0.005
Babble_2HoIimGWZPM.wav,Babble,10.500,31.000,41,34,1,aed_khong_chac+babble+lech_silero,0.583,0.032,0.061,0.003
Babble_2HoIimGWZPM.wav,Babble,31.500,42.500,22,13,1,aed_khong_chac+babble+lech_silero,0.432,0.040,0.070,0.000
Babble_2HoIimGWZPM.wav,Babble,43.500,44.000,1,0,1,babble,0.201,0.008,0.012,0.000
Babble_2HoIimGWZPM.wav,Babble,45.000,70.000,50,43,1,aed_khong_chac+babble+lech_silero,0.557,0.024,0.053,0.000
Babble_2HoIimGWZPM.wav,Babble,70.500,82.500,24,11,1,aed_khong_chac+babble+lech_silero,0.419,0.033,0.065,0.000
Babble_2HoIimGWZPM.wav,Babble,84.500,111.000,53,41,1,aed_khong_chac+babble+lech_silero,0.534,0.027,0.050,0.002
Babble_2HoIimGWZPM.wav,Babble,111.500,120.000,17,14,1,aed_khong_chac+babble+lech_silero+speech_va_singing,0.463,0.049,0.098,0.000
Babble_54VNL7YDimU.wav,Babble,0.000,120.000,240,236,1,aed_khong_chac+babble+lech_silero+speech_va_singing,0.823,0.081,0.105,0.003
Babble_7Cb40fiBGeY.wav,Babble,0.000,0.500,1,0,1,babble,0.216,0.063,0.500,0.013
Babble_7Cb40fiBGeY.wav,Babble,74.000,75.000,2,1,1,aed_khong_chac+babble+lech_silero,0.347,0.272,0.688,0.000
Babble_7lUPtZheLEU.wav,Babble,2.000,3.500,3,1,1,aed_khong_chac+babble+lech_silero,0.278,0.012,0.038,0.206
Babble_7lUPtZheLEU.wav,Babble,4.000,11.500,15,11,1,aed_khong_chac+babble+lech_silero,0.439,0.009,0.025,0.043
Babble_7lUPtZheLEU.wav,Babble,13.000,15.000,4,0,1,babble,0.256,0.015,0.191,0.001
Babble_7lUPtZheLEU.wav,Babble,16.500,22.000,11,5,1,aed_khong_chac+babble+lech_silero,0.362,0.025,0.044,0.000
Babble_7lUPtZheLEU.wav,Babble,23.500,30.500,14,4,1,aed_khong_chac+babble+lech_silero,0.365,0.007,0.037,0.000
Babble_7lUPtZheLEU.wav,Babble,31.000,31.500,1,0,1,babble,0.209,0.014,0.109,0.000
Babble_7lUPtZheLEU.wav,Babble,32.000,42.000,20,4,1,aed_khong_chac+babble+lech_silero,0.315,0.005,0.021,0.000
Babble_7lUPtZheLEU.wav,Babble,44.500,49.500,10,5,1,aed_khong_chac+babble+lech_silero,0.358,0.006,0.038,0.000
Babble_7lUPtZheLEU.wav,Babble,54.500,56.500,4,2,1,aed_khong_chac+babble+lech_silero,0.356,0.002,0.006,0.000
Babble_7lUPtZheLEU.wav,Babble,57.500,59.000,3,0,1,aed_khong_chac+babble,0.278,0.003,0.004,0.000
Babble_7lUPtZheLEU.wav,Babble,60.000,67.500,15,10,1,aed_khong_chac+babble+lech_silero,0.442,0.011,0.043,0.000
Babble_7lUPtZheLEU.wav,Babble,69.000,71.000,4,0,1,aed_khong_chac+babble,0.318,0.008,0.100,0.000
Babble_7lUPtZheLEU.wav,Babble,72.500,78.000,11,5,1,aed_khong_chac+babble+lech_silero,0.357,0.021,0.055,0.000
Babble_7lUPtZheLEU.wav,Babble,79.500,94.500,30,7,1,aed_khong_chac+babble+lech_silero,0.341,0.009,0.049,0.000
Babble_7lUPtZheLEU.wav,Babble,95.500,97.500,4,0,1,aed_khong_chac+babble,0.281,0.002,0.010,0.000
Babble_7lUPtZheLEU.wav,Babble,100.000,103.000,6,4,1,aed_khong_chac+babble+lech_silero,0.484,0.004,0.038,0.000
Babble_7lUPtZheLEU.wav,Babble,104.000,105.000,2,1,1,aed_khong_chac+babble+lech_silero,0.339,0.006,0.020,0.000
Babble_7lUPtZheLEU.wav,Babble,110.000,111.500,3,0,1,babble,0.263,0.002,0.010,0.000
Babble_7lUPtZheLEU.wav,Babble,113.000,114.500,3,0,1,aed_khong_chac+babble,0.302,0.003,0.004,0.001
Babble_7lUPtZheLEU.wav,Babble,115.500,120.000,9,7,1,aed_khong_chac+babble+lech_silero,0.466,0.029,0.051,0.001
Babble_9Dl429xL-Os.wav,Babble,26.500,27.500,2,1,1,babble+lech_silero,0.441,0.005,0.991,0.002
Babble_9Dl429xL-Os.wav,Babble,69.000,69.500,1,1,1,aed_khong_chac+babble+lech_silero,0.489,0.060,0.988,0.011
Babble_9Dl429xL-Os.wav,Babble,98.000,99.000,2,1,1,aed_khong_chac+babble+lech_silero,0.341,0.013,0.995,0.001
Babble_9Dl429xL-Os.wav,Babble,103.500,104.500,2,1,1,aed_khong_chac+babble+lech_silero,0.448,0.004,0.998,0.000
Babble_9Dl429xL-Os.wav,Babble,106.500,107.000,1,0,1,babble,0.216,0.012,0.973,0.000
Babble_9Dl429xL-Os.wav,Babble,117.000,118.500,3,3,1,aed_khong_chac+babble+lech_silero,0.572,0.008,0.960,0.000
Babble_BkUlhr0kIXU.wav,Babble,3.500,4.500,2,0,1,babble,0.245,0.032,0.099,0.007
Babble_BkUlhr0kIXU.wav,Babble,11.000,13.500,5,5,1,babble+lech_silero+speech_va_singing,0.671,0.118,0.991,0.002
Babble_BkUlhr0kIXU.wav,Babble,14.500,17.000,5,4,1,aed_khong_chac+babble+lech_silero+speech_va_singing,0.598,0.208,0.997,0.001
Babble_BkUlhr0kIXU.wav,Babble,20.000,20.500,1,0,1,babble,0.293,0.257,0.993,0.001
Babble_BkUlhr0kIXU.wav,Babble,30.500,31.500,2,2,1,babble+lech_silero+speech_va_singing,0.393,0.401,0.994,0.000
Babble_BkUlhr0kIXU.wav,Babble,81.500,83.500,4,4,1,babble+lech_silero,0.583,0.120,0.954,0.000
Babble_BkUlhr0kIXU.wav,Babble,85.500,86.000,1,0,1,babble,0.235,0.321,0.994,0.000
Babble_BkUlhr0kIXU.wav,Babble,112.500,113.000,1,0,1,babble,0.260,0.190,0.983,0.000
Babble_E26RNN6sKW0.wav,Babble,0.500,2.500,4,0,1,babble+lech_silero+silero_nghe_hat,0.008,0.639,0.864,0.850
Babble_E26RNN6sKW0.wav,Babble,4.500,6.000,3,3,1,aed_khong_chac+babble+lech_silero+speech_va_singing,0.460,0.542,0.911,0.053
Babble_E26RNN6sKW0.wav,Babble,6.500,15.500,18,16,1,aed_khong_chac+babble+lech_silero+speech_va_singing,0.528,0.519,0.871,0.045
Babble_E26RNN6sKW0.wav,Babble,16.500,26.000,19,18,1,aed_khong_chac+babble+lech_silero+speech_va_singing,0.716,0.326,0.804,0.022
Babble_E26RNN6sKW0.wav,Babble,29.000,30.500,3,2,1,aed_khong_chac+babble+lech_silero,0.374,0.009,0.040,0.003
Babble_E26RNN6sKW0.wav,Babble,31.000,31.500,1,0,1,babble,0.222,0.460,0.803,0.009
Babble_E26RNN6sKW0.wav,Babble,34.000,38.000,8,8,1,aed_khong_chac+babble+lech_silero+speech_va_singing,0.552,0.413,0.773,0.014
Babble_E26RNN6sKW0.wav,Babble,46.500,47.000,1,1,1,babble+lech_silero,0.581,0.020,0.910,0.000
Babble_E26RNN6sKW0.wav,Babble,51.000,52.500,3,3,1,babble+lech_silero+speech_va_singing,0.501,0.273,0.411,0.000
Babble_IKB3Qiglyro.wav,Babble,1.500,6.000,9,2,1,aed_khong_chac+babble+lech_silero,0.374,0.035,0.025,0.004
Babble_IKB3Qiglyro.wav,Babble,7.500,9.500,4,0,1,aed_khong_chac+babble,0.264,0.082,0.010,0.000
Babble_IKB3Qiglyro.wav,Babble,10.500,12.000,3,2,1,aed_khong_chac+babble+lech_silero,0.338,0.175,0.017,0.000
Babble_IKB3Qiglyro.wav,Babble,15.500,18.000,5,0,1,aed_khong_chac+babble,0.333,0.119,0.076,0.001
Babble_IKB3Qiglyro.wav,Babble,20.500,45.000,49,37,1,aed_khong_chac+babble+lech_silero+speech_va_singing,0.469,0.131,0.051,0.000
Babble_IKB3Qiglyro.wav,Babble,45.500,52.000,13,5,1,aed_khong_chac+babble+lech_silero,0.376,0.133,0.036,0.000
Babble_IKB3Qiglyro.wav,Babble,52.500,68.000,31,4,1,aed_khong_chac+babble+lech_silero,0.305,0.154,0.022,0.000
Babble_IKB3Qiglyro.wav,Babble,68.500,70.500,4,0,1,aed_khong_chac+babble,0.283,0.241,0.019,0.000
Babble_IKB3Qiglyro.wav,Babble,71.500,74.500,6,1,1,aed_khong_chac+babble+lech_silero+speech_va_singing,0.297,0.389,0.143,0.001
Babble_IKB3Qiglyro.wav,Babble,75.000,76.500,3,0,1,aed_khong_chac+babble,0.339,0.090,0.027,0.000
Babble_IKB3Qiglyro.wav,Babble,78.500,83.500,10,6,1,aed_khong_chac+babble+lech_silero,0.422,0.199,0.087,0.000
Babble_IKB3Qiglyro.wav,Babble,84.000,116.500,65,40,1,aed_khong_chac+babble+lech_silero+speech_va_singing,0.435,0.109,0.037,0.000
Babble_IKB3Qiglyro.wav,Babble,117.500,120.000,5,2,1,aed_khong_chac+babble+lech_silero,0.436,0.088,0.039,0.000
Babble_Mckcmh-OU5M.wav,Babble,2.500,7.000,9,6,1,aed_khong_chac+babble+lech_silero,0.494,0.018,0.602,0.152
Babble_Mckcmh-OU5M.wav,Babble,8.000,9.000,2,0,1,babble,0.297,0.012,0.304,0.046
Babble_Mckcmh-OU5M.wav,Babble,26.500,27.000,1,0,1,babble,0.235,0.094,0.999,0.000
Babble_Mckcmh-OU5M.wav,Babble,45.500,47.000,3,3,1,aed_khong_chac+babble+lech_silero,0.545,0.336,0.998,0.000
Babble_Mckcmh-OU5M.wav,Babble,47.500,48.000,1,0,1,babble,0.249,0.313,0.999,0.000
Babble_Mckcmh-OU5M.wav,Babble,69.500,70.000,1,0,1,babble,0.269,0.011,0.991,0.000
Babble_Mckcmh-OU5M.wav,Babble,78.000,78.500,1,1,1,aed_khong_chac+babble+lech_silero,0.343,0.164,0.989,0.000
Babble_Mckcmh-OU5M.wav,Babble,83.500,84.000,1,0,1,babble,0.210,0.517,0.998,0.000
Babble_Mckcmh-OU5M.wav,Babble,89.500,90.000,1,0,1,babble,0.290,0.011,0.999,0.000
Babble_Mckcmh-OU5M.wav,Babble,106.500,107.500,2,0,1,babble,0.256,0.297,0.999,0.000
Babble_QbXCfH7wyBQ.wav,Babble,27.500,28.000,1,0,1,babble,0.220,0.001,0.002,0.000
Babble_QbXCfH7wyBQ.wav,Babble,58.500,59.000,1,0,1,babble,0.241,0.001,0.003,0.005
Babble_QbXCfH7wyBQ.wav,Babble,61.000,61.500,1,0,1,aed_khong_chac+babble,0.312,0.002,0.009,0.013
Babble_UnhpCJ5tkW4.wav,Babble,0.000,23.000,46,45,1,aed_khong_chac+babble+lech_silero,0.712,0.014,0.052,0.419
Babble_UnhpCJ5tkW4.wav,Babble,24.000,31.500,15,13,1,aed_khong_chac+babble+lech_silero,0.691,0.125,0.093,0.317
Babble_UnhpCJ5tkW4.wav,Babble,32.000,120.000,176,171,1,aed_khong_chac+babble+lech_silero+silero_nghe_hat+speech_va_singing,0.751,0.070,0.101,0.346
Babble_YDLrtJ5usLo.wav,Babble,2.500,3.000,1,0,1,babble,0.224,0.004,0.030,0.011
Babble_YDLrtJ5usLo.wav,Babble,3.500,7.500,8,4,1,aed_khong_chac+babble+lech_silero,0.387,0.026,0.090,0.010
Babble_YDLrtJ5usLo.wav,Babble,10.500,12.000,3,0,1,aed_khong_chac+babble,0.259,0.011,0.034,0.002
Babble_YDLrtJ5usLo.wav,Babble,14.500,21.500,14,10,1,aed_khong_chac+babble+lech_silero,0.500,0.014,0.031,0.000
Babble_YDLrtJ5usLo.wav,Babble,25.500,26.500,2,0,1,babble,0.247,0.004,0.039,0.000
Babble_YDLrtJ5usLo.wav,Babble,27.500,30.000,5,3,1,aed_khong_chac+babble+lech_silero,0.425,0.020,0.102,0.000
Babble_YDLrtJ5usLo.wav,Babble,35.500,37.500,4,4,1,aed_khong_chac+babble+lech_silero,0.424,0.011,0.049,0.000
Babble_YDLrtJ5usLo.wav,Babble,39.000,40.500,3,0,1,babble,0.280,0.007,0.041,0.000
Babble_YDLrtJ5usLo.wav,Babble,41.000,41.500,1,0,1,aed_khong_chac+babble,0.307,0.022,0.031,0.000
Babble_YDLrtJ5usLo.wav,Babble,42.500,43.500,2,0,1,babble,0.263,0.008,0.020,0.000
Babble_YDLrtJ5usLo.wav,Babble,44.000,45.000,2,0,1,babble,0.212,0.003,0.022,0.000
Babble_YDLrtJ5usLo.wav,Babble,47.500,50.500,6,4,1,aed_khong_chac+babble+lech_silero,0.404,0.015,0.077,0.000
Babble_YDLrtJ5usLo.wav,Babble,51.000,53.000,4,3,1,aed_khong_chac+babble+lech_silero,0.362,0.015,0.382,0.000
Babble_YDLrtJ5usLo.wav,Babble,54.500,60.000,11,7,1,aed_khong_chac+babble+lech_silero,0.410,0.015,0.192,0.000
Babble_gSQtLtV8kbQ.wav,Babble,0.500,7.000,13,7,1,aed_khong_chac+babble+lech_silero,0.341,0.023,0.057,0.012
Babble_gSQtLtV8kbQ.wav,Babble,7.500,9.000,3,1,1,aed_khong_chac+babble+lech_silero,0.356,0.014,0.087,0.006
Babble_gSQtLtV8kbQ.wav,Babble,11.000,11.500,1,0,1,babble,0.212,0.012,0.079,0.000
Babble_gSQtLtV8kbQ.wav,Babble,22.500,23.000,1,0,1,aed_khong_chac+babble,0.310,0.007,0.031,0.000
Babble_gSQtLtV8kbQ.wav,Babble,23.500,24.500,2,0,1,aed_khong_chac+babble,0.310,0.003,0.017,0.001
Babble_gSQtLtV8kbQ.wav,Babble,25.000,25.500,1,0,1,babble,0.242,0.004,0.024,0.000
Babble_gSQtLtV8kbQ.wav,Babble,26.000,27.000,2,0,1,babble,0.248,0.005,0.026,0.000
Babble_gSQtLtV8kbQ.wav,Babble,29.000,29.500,1,0,1,babble,0.227,0.012,0.079,0.000
Babble_gSQtLtV8kbQ.wav,Babble,42.000,43.000,2,0,1,babble,0.243,0.003,0.007,0.000
Babble_gSQtLtV8kbQ.wav,Babble,49.000,50.500,3,2,1,aed_khong_chac+babble+lech_silero,0.387,0.015,0.022,0.000
Babble_gSQtLtV8kbQ.wav,Babble,51.000,57.500,13,10,1,aed_khong_chac+babble+lech_silero,0.462,0.007,0.025,0.001
Babble_gSQtLtV8kbQ.wav,Babble,58.000,62.500,9,8,1,aed_khong_chac+babble+lech_silero,0.511,0.031,0.088,0.000
Babble_gSQtLtV8kbQ.wav,Babble,63.500,67.000,7,2,1,aed_khong_chac+babble+lech_silero,0.314,0.013,0.042,0.000
Babble_gSQtLtV8kbQ.wav,Babble,69.500,71.500,4,0,1,babble,0.255,0.006,0.006,0.001
Babble_gSQtLtV8kbQ.wav,Babble,72.500,79.000,13,6,1,aed_khong_chac+babble+lech_silero,0.363,0.012,0.024,0.003
Babble_gSQtLtV8kbQ.wav,Babble,81.500,84.000,5,1,1,aed_khong_chac+babble+lech_silero,0.310,0.005,0.031,0.000
Babble_gSQtLtV8kbQ.wav,Babble,85.500,88.000,5,2,1,aed_khong_chac+babble+lech_silero,0.311,0.206,0.368,0.000
Babble_gSQtLtV8kbQ.wav,Babble,89.000,90.500,3,0,1,babble,0.243,0.012,0.076,0.001
Babble_gSQtLtV8kbQ.wav,Babble,91.000,95.000,8,1,1,aed_khong_chac+babble+lech_silero,0.301,0.005,0.022,0.001
Babble_gSQtLtV8kbQ.wav,Babble,95.500,96.000,1,0,1,babble,0.209,0.007,0.017,0.001
Babble_gSQtLtV8kbQ.wav,Babble,96.500,105.000,17,10,1,aed_khong_chac+babble+lech_silero,0.412,0.012,0.056,0.001
Babble_gSQtLtV8kbQ.wav,Babble,105.500,106.000,1,0,1,babble,0.232,0.009,0.048,0.000
Babble_gSQtLtV8kbQ.wav,Babble,106.500,107.500,2,0,1,babble,0.219,0.008,0.317,0.001
Babble_gSQtLtV8kbQ.wav,Babble,108.500,109.500,2,0,1,aed_khong_chac+babble,0.298,0.004,0.018,0.002
Babble_gSQtLtV8kbQ.wav,Babble,110.500,115.000,9,0,1,aed_khong_chac+babble,0.286,0.067,0.072,0.001
Babble_gSQtLtV8kbQ.wav,Babble,116.000,117.500,3,0,1,aed_khong_chac+babble,0.261,0.019,0.035,0.000
Babble_lnGI1NPTIi4.wav,Babble,10.000,40.500,61,61,1,aed_khong_chac+babble+speech_va_singing,0.950,0.076,0.180,0.972
Babble_lnGI1NPTIi4.wav,Babble,41.000,42.500,3,3,1,babble+lech_silero,0.677,0.000,0.000,0.702
Babble_lnGI1NPTIi4.wav,Babble,43.000,120.000,154,153,1,aed_khong_chac+babble+speech_va_singing,0.958,0.115,0.285,0.989
Babble_mLld3JVwxew.wav,Babble,0.000,72.000,144,141,1,aed_khong_chac+babble+lech_silero+speech_va_singing,0.756,0.128,0.167,0.378
Babble_mLld3JVwxew.wav,Babble,72.500,120.000,95,90,1,aed_khong_chac+babble+lech_silero+silero_nghe_hat+speech_va_singing,0.787,0.134,0.154,0.498
Babble_oGtH8v0qVBc.wav,Babble,10.000,12.000,4,2,1,aed_khong_chac+babble+lech_silero,0.380,0.007,0.972,0.003
Babble_oGtH8v0qVBc.wav,Babble,19.500,20.500,2,2,1,aed_khong_chac+babble+lech_silero,0.281,0.003,0.981,0.000
Babble_oGtH8v0qVBc.wav,Babble,22.500,24.000,3,0,1,aed_khong_chac+babble,0.267,0.003,0.993,0.000
Babble_oGtH8v0qVBc.wav,Babble,25.500,26.500,2,0,1,babble,0.224,0.008,0.847,0.000
Babble_oGtH8v0qVBc.wav,Babble,43.500,45.500,4,4,1,aed_khong_chac+babble+lech_silero,0.512,0.069,0.937,0.000
Babble_oGtH8v0qVBc.wav,Babble,53.000,53.500,1,0,1,babble,0.250,0.041,0.884,0.000
Babble_oGtH8v0qVBc.wav,Babble,57.000,58.000,2,2,1,aed_khong_chac+babble+lech_silero,0.392,0.027,0.996,0.000
Babble_oGtH8v0qVBc.wav,Babble,60.000,62.500,5,4,1,aed_khong_chac+babble+lech_silero,0.451,0.009,0.997,0.000
Babble_oGtH8v0qVBc.wav,Babble,68.500,70.000,3,3,1,babble+lech_silero,0.639,0.005,0.995,0.000
Babble_oGtH8v0qVBc.wav,Babble,78.500,79.000,1,1,1,aed_khong_chac+babble+lech_silero,0.412,0.014,0.951,0.000
Babble_oGtH8v0qVBc.wav,Babble,101.000,104.000,6,2,1,aed_khong_chac+babble+lech_silero,0.327,0.045,0.983,0.000
Babble_oGtH8v0qVBc.wav,Babble,113.500,114.000,1,0,1,babble,0.206,0.011,0.998,0.000
Babble_rjsapC5SDHs.wav,Babble,0.500,22.000,43,29,1,aed_khong_chac+babble+lech_silero+silero_nghe_hat+speech_va_singing,0.510,0.573,0.758,0.508
Babble_rjsapC5SDHs.wav,Babble,23.500,25.500,4,2,1,aed_khong_chac+babble+lech_silero+silero_nghe_hat+speech_va_singing,0.326,0.769,0.976,0.397
Babble_rjsapC5SDHs.wav,Babble,26.000,28.500,5,3,1,aed_khong_chac+babble+lech_silero+speech_va_singing,0.385,0.833,0.859,0.401
Babble_rjsapC5SDHs.wav,Babble,29.500,34.000,9,9,1,babble+lech_silero+speech_va_singing,0.770,0.316,0.671,0.588
Babble_rjsapC5SDHs.wav,Babble,37.000,41.500,9,4,1,aed_khong_chac+babble+lech_silero+silero_nghe_hat+speech_va_singing,0.360,0.786,0.954,0.399
Babble_rjsapC5SDHs.wav,Babble,43.000,43.500,1,0,1,babble,0.287,0.917,0.977,0.190
Babble_rjsapC5SDHs.wav,Babble,44.000,53.000,18,16,1,aed_khong_chac+babble+lech_silero+silero_nghe_hat+speech_va_singing,0.687,0.416,0.737,0.601
Babble_rjsapC5SDHs.wav,Babble,53.500,67.000,27,25,1,aed_khong_chac+babble+lech_silero+silero_nghe_hat+speech_va_singing,0.839,0.213,0.620,0.452
Babble_rjsapC5SDHs.wav,Babble,69.000,76.500,15,15,1,aed_khong_chac+babble+lech_silero+speech_va_singing,0.721,0.292,0.659,0.150
Babble_rjsapC5SDHs.wav,Babble,78.500,79.500,2,0,1,babble,0.239,0.897,0.928,0.256
Babble_rjsapC5SDHs.wav,Babble,82.000,96.000,28,24,1,aed_khong_chac+babble+lech_silero+speech_va_singing,0.731,0.408,0.688,0.159
Babble_rjsapC5SDHs.wav,Babble,96.500,103.000,13,12,1,aed_khong_chac+babble+lech_silero+speech_va_singing,0.800,0.209,0.411,0.062
Babble_rjsapC5SDHs.wav,Babble,104.000,114.500,21,20,1,aed_khong_chac+babble+lech_silero+speech_va_singing,0.650,0.371,0.569,0.046
Babble_rjsapC5SDHs.wav,Babble,116.500,120.000,7,6,1,aed_khong_chac+babble+lech_silero+speech_va_singing,0.524,0.700,0.830,0.018
Babble_sJUl4CH4f-c.wav,Babble,0.000,107.000,214,209,1,aed_khong_chac+babble+lech_silero+speech_va_singing,0.781,0.485,0.827,0.319
Babble_sJUl4CH4f-c.wav,Babble,108.000,116.500,17,14,1,aed_khong_chac+babble+lech_silero+speech_va_singing,0.522,0.619,0.963,0.228
Babble_sJUl4CH4f-c.wav,Babble,117.000,120.000,6,5,1,aed_khong_chac+babble+lech_silero+speech_va_singing,0.587,0.628,0.978,0.396
Babble_sUOTOHCVGGk.wav,Babble,0.500,4.500,8,5,1,aed_khong_chac+babble+lech_silero,0.397,0.017,0.078,0.029
Babble_sUOTOHCVGGk.wav,Babble,15.500,16.000,1,1,1,aed_khong_chac+babble+lech_silero,0.444,0.010,0.165,0.000
Babble_sUOTOHCVGGk.wav,Babble,22.000,22.500,1,0,1,babble,0.253,0.011,0.108,0.000
Babble_sUOTOHCVGGk.wav,Babble,57.500,59.000,3,3,1,aed_khong_chac+babble+lech_silero,0.463,0.004,0.016,0.000
Babble_sUOTOHCVGGk.wav,Babble,59.500,60.500,2,1,1,aed_khong_chac+babble+lech_silero,0.329,0.002,0.013,0.000
Babble_sUOTOHCVGGk.wav,Babble,81.000,81.500,1,0,1,babble,0.255,0.005,0.063,0.000
Babble_sUOTOHCVGGk.wav,Babble,82.000,85.500,7,7,1,aed_khong_chac+babble+lech_silero,0.570,0.003,0.010,0.000
Babble_sUOTOHCVGGk.wav,Babble,90.000,90.500,1,1,1,aed_khong_chac+babble+lech_silero,0.332,0.002,0.009,0.000
Babble_sUOTOHCVGGk.wav,Babble,112.500,113.000,1,1,1,aed_khong_chac+babble+lech_silero,0.476,0.003,0.051,0.000
Babble_sUOTOHCVGGk.wav,Babble,114.000,116.000,4,4,1,babble+lech_silero,0.870,0.014,0.118,0.101
Babble_sUOTOHCVGGk.wav,Babble,118.500,119.000,1,0,1,babble,0.223,0.080,0.964,0.000
Babble_sXJLT3kYdhk.wav,Babble,14.500,16.000,3,3,1,babble+lech_silero,0.488,0.012,0.108,0.000
Babble_sXJLT3kYdhk.wav,Babble,28.000,29.500,3,3,1,aed_khong_chac+babble+lech_silero,0.501,0.000,0.001,0.000
Babble_s_m1QKaQXVc.wav,Babble,9.500,10.000,1,0,1,aed_khong_chac+babble,0.393,0.029,0.950,0.000
Babble_s_m1QKaQXVc.wav,Babble,19.000,20.500,3,0,1,babble,0.239,0.067,0.788,0.000
Babble_s_m1QKaQXVc.wav,Babble,41.000,42.500,3,0,1,babble,0.253,0.071,0.716,0.000
Babble_s_m1QKaQXVc.wav,Babble,46.500,48.000,3,0,1,aed_khong_chac+babble,0.335,0.033,0.503,0.000
Babble_s_m1QKaQXVc.wav,Babble,50.500,51.500,2,0,1,babble,0.213,0.102,0.744,0.000
Babble_s_m1QKaQXVc.wav,Babble,54.000,57.000,6,5,1,aed_khong_chac+babble+lech_silero,0.487,0.088,0.575,0.000
Babble_s_m1QKaQXVc.wav,Babble,63.500,64.500,2,0,1,aed_khong_chac+babble,0.305,0.040,0.718,0.000
Babble_s_m1QKaQXVc.wav,Babble,66.500,70.000,7,3,1,aed_khong_chac+babble+lech_silero,0.342,0.210,0.566,0.000
Babble_s_m1QKaQXVc.wav,Babble,73.000,75.000,4,3,1,aed_khong_chac+babble+lech_silero,0.455,0.028,0.936,0.000
Babble_s_m1QKaQXVc.wav,Babble,85.500,86.000,1,0,1,aed_khong_chac+babble,0.356,0.016,0.406,0.000
Babble_s_m1QKaQXVc.wav,Babble,89.000,90.500,3,1,1,aed_khong_chac+babble+lech_silero,0.382,0.004,0.996,0.000
Babble_s_m1QKaQXVc.wav,Babble,98.000,98.500,1,0,1,babble,0.206,0.209,0.756,0.000
Babble_s_m1QKaQXVc.wav,Babble,103.000,108.500,11,8,1,aed_khong_chac+babble+lech_silero+speech_va_singing,0.400,0.181,0.834,0.000
Babble_s_m1QKaQXVc.wav,Babble,116.500,119.500,6,2,1,aed_khong_chac+babble+lech_silero,0.295,0.060,0.885,0.000
Babble_unxrg8UfGx8.wav,Babble,8.000,8.500,1,0,1,babble,0.266,0.031,0.975,0.006
Babble_unxrg8UfGx8.wav,Babble,52.000,54.000,4,2,1,aed_khong_chac+babble+lech_silero,0.260,0.017,0.760,0.001
Babble_unxrg8UfGx8.wav,Babble,115.000,115.500,1,0,1,babble,0.202,0.030,0.925,0.000
Babble_unxrg8UfGx8.wav,Babble,119.500,120.000,1,0,1,babble,0.299,0.024,0.051,0.000
Babble_vZLIiLuDvgM.wav,Babble,0.500,5.000,9,3,1,aed_khong_chac+babble+lech_silero,0.361,0.017,0.009,0.008
Babble_vZLIiLuDvgM.wav,Babble,10.000,11.000,2,0,1,aed_khong_chac+babble,0.301,0.000,0.002,0.000
Babble_vZLIiLuDvgM.wav,Babble,16.500,17.000,1,0,1,babble,0.233,0.001,0.025,0.001
Babble_vZLIiLuDvgM.wav,Babble,24.500,28.000,7,1,1,aed_khong_chac+babble+lech_silero,0.318,0.013,0.012,0.000
Babble_vZLIiLuDvgM.wav,Babble,29.000,32.000,6,0,1,aed_khong_chac+babble,0.294,0.006,0.005,0.000
Babble_vZLIiLuDvgM.wav,Babble,33.500,35.500,4,0,1,aed_khong_chac+babble,0.260,0.010,0.007,0.000
Babble_vZLIiLuDvgM.wav,Babble,36.000,38.000,4,0,1,aed_khong_chac+babble,0.288,0.015,0.013,0.000
Babble_vZLIiLuDvgM.wav,Babble,40.000,40.500,1,0,1,babble,0.209,0.004,0.018,0.000
Babble_vZLIiLuDvgM.wav,Babble,42.500,45.000,5,3,1,aed_khong_chac+babble+lech_silero,0.325,0.001,0.004,0.000
Babble_vZLIiLuDvgM.wav,Babble,46.500,49.500,6,0,1,aed_khong_chac+babble,0.259,0.003,0.007,0.000
Babble_vZLIiLuDvgM.wav,Babble,50.000,51.500,3,0,1,babble,0.217,0.003,0.007,0.000
Babble_vZLIiLuDvgM.wav,Babble,52.500,55.500,6,1,1,aed_khong_chac+babble+lech_silero,0.307,0.012,0.016,0.000
Babble_vZLIiLuDvgM.wav,Babble,57.000,61.000,8,2,1,aed_khong_chac+babble+lech_silero,0.359,0.014,0.020,0.000
Babble_vZLIiLuDvgM.wav,Babble,62.000,64.000,4,0,1,aed_khong_chac+babble,0.236,0.005,0.011,0.000
Babble_vZLIiLuDvgM.wav,Babble,66.000,67.000,2,0,1,babble,0.259,0.001,0.004,0.000
Babble_vZLIiLuDvgM.wav,Babble,67.500,68.000,1,0,1,babble,0.250,0.005,0.002,0.000
Babble_vZLIiLuDvgM.wav,Babble,69.500,70.500,2,0,1,babble,0.231,0.003,0.015,0.000
Babble_vZLIiLuDvgM.wav,Babble,72.000,73.000,2,0,1,babble,0.233,0.002,0.006,0.000
Babble_vZLIiLuDvgM.wav,Babble,73.500,82.000,17,3,1,aed_khong_chac+babble+lech_silero,0.344,0.002,0.006,0.000
Babble_vZLIiLuDvgM.wav,Babble,84.000,86.000,4,3,1,aed_khong_chac+babble+lech_silero,0.431,0.007,0.008,0.000
Babble_vZLIiLuDvgM.wav,Babble,90.000,92.000,4,0,1,aed_khong_chac+babble,0.257,0.002,0.007,0.000
Babble_vZLIiLuDvgM.wav,Babble,93.000,93.500,1,0,1,babble,0.224,0.000,0.003,0.000
Babble_vZLIiLuDvgM.wav,Babble,94.500,98.500,8,0,1,aed_khong_chac+babble,0.300,0.005,0.007,0.000
Babble_vZLIiLuDvgM.wav,Babble,99.500,101.000,3,0,1,aed_khong_chac+babble,0.278,0.009,0.009,0.000
Babble_vZLIiLuDvgM.wav,Babble,103.500,109.000,11,5,1,aed_khong_chac+babble+lech_silero,0.355,0.014,0.016,0.000
Babble_vZLIiLuDvgM.wav,Babble,109.500,120.000,21,15,1,aed_khong_chac+babble+lech_silero,0.410,0.033,0.010,0.000
Babble_zRrkB2DeqBQ.wav,Babble,8.500,10.000,3,2,1,aed_khong_chac+babble+lech_silero,0.334,0.041,0.798,0.000
Babble_zRrkB2DeqBQ.wav,Babble,29.500,32.500,6,0,1,aed_khong_chac+babble,0.308,0.454,0.772,0.000
Babble_zRrkB2DeqBQ.wav,Babble,38.000,40.500,5,1,1,aed_khong_chac+babble+lech_silero,0.308,0.186,0.815,0.001
Babble_zRrkB2DeqBQ.wav,Babble,41.500,44.000,5,4,1,aed_khong_chac+babble+lech_silero,0.488,0.029,0.244,0.001
Babble_zRrkB2DeqBQ.wav,Babble,47.000,48.000,2,0,1,babble,0.222,0.252,0.750,0.000
Babble_zRrkB2DeqBQ.wav,Babble,51.000,52.500,3,1,1,aed_khong_chac+babble+lech_silero,0.354,0.115,0.739,0.000
Babble_zRrkB2DeqBQ.wav,Babble,54.000,55.500,3,2,1,aed_khong_chac+babble+lech_silero,0.357,0.027,0.150,0.000
Babble_zRrkB2DeqBQ.wav,Babble,67.500,69.500,4,3,1,aed_khong_chac+babble+lech_silero,0.366,0.239,0.467,0.000
Babble_zRrkB2DeqBQ.wav,Babble,72.000,73.000,2,0,1,babble,0.271,0.057,0.178,0.000
Babble_zRrkB2DeqBQ.wav,Babble,83.500,84.500,2,0,1,babble,0.237,0.352,0.505,0.000
Babble_zRrkB2DeqBQ.wav,Babble,91.500,92.500,2,0,1,babble,0.225,0.542,0.666,0.000
Babble_zRrkB2DeqBQ.wav,Babble,96.000,96.500,1,0,1,babble,0.210,0.178,0.824,0.001
Babble_zRrkB2DeqBQ.wav,Babble,100.000,100.500,1,0,1,babble,0.256,0.412,0.797,0.004
Babble_zRrkB2DeqBQ.wav,Babble,105.000,105.500,1,0,1,babble,0.211,0.181,0.687,0.001
Babble_zRrkB2DeqBQ.wav,Babble,109.500,112.000,5,2,1,aed_khong_chac+babble+lech_silero,0.292,0.129,0.250,0.012
Babble_zRrkB2DeqBQ.wav,Babble,112.500,113.000,1,0,1,babble,0.235,0.614,0.581,0.001
Babble_zRrkB2DeqBQ.wav,Babble,116.000,116.500,1,0,1,babble,0.236,0.436,0.628,0.000
Babble_zRrkB2DeqBQ.wav,Babble,118.500,120.000,3,2,1,aed_khong_chac+babble+lech_silero,0.434,0.147,0.389,0.001
Clean_0XilJotp0O4.wav,Clean,7.000,7.500,1,1,1,aed_khong_chac+lech_silero,0.458,0.000,0.000,0.374
Clean_0XilJotp0O4.wav,Clean,12.000,13.000,2,1,1,aed_khong_chac+lech_silero,0.294,0.000,0.002,0.433
Clean_0XilJotp0O4.wav,Clean,15.000,15.500,1,1,1,lech_silero,0.579,0.002,0.027,0.378
Clean_0XilJotp0O4.wav,Clean,19.500,21.000,3,2,1,aed_khong_chac+lech_silero,0.445,0.001,0.007,0.224
Clean_6HecS03NfFE.wav,Clean,13.000,14.000,2,2,1,lech_silero,0.539,0.030,0.146,0.428
Clean_6HecS03NfFE.wav,Clean,111.500,112.000,1,1,1,lech_silero,0.162,0.000,0.000,0.518
Clean_8UM7pExh05c.wav,Clean,14.000,14.500,1,1,1,aed_khong_chac+lech_silero,0.415,0.000,0.000,0.393
Clean_8UM7pExh05c.wav,Clean,23.500,24.500,2,2,1,aed_khong_chac+lech_silero,0.448,0.000,0.000,0.553
Clean_8UM7pExh05c.wav,Clean,28.000,28.500,1,1,1,lech_silero,0.094,0.000,0.000,0.373
Clean_8UM7pExh05c.wav,Clean,29.500,30.000,1,1,1,lech_silero,0.201,0.000,0.000,0.306
Clean_8UM7pExh05c.wav,Clean,38.500,39.000,1,1,1,lech_silero,0.168,0.000,0.000,0.280
Clean_8UM7pExh05c.wav,Clean,39.500,40.000,1,1,1,lech_silero,0.171,0.000,0.000,0.417
Clean_8UM7pExh05c.wav,Clean,41.500,44.000,5,4,1,aed_khong_chac+silero_nghe_hat+speech_va_singing,0.383,0.465,0.000,0.910
Clean_8UM7pExh05c.wav,Clean,45.000,47.500,5,1,1,silero_nghe_hat+speech_va_singing,0.215,0.722,0.006,0.930
Clean_8UM7pExh05c.wav,Clean,48.500,49.000,1,0,1,aed_khong_chac+lech_silero,0.469,0.499,0.001,0.999
Clean_8UM7pExh05c.wav,Clean,56.000,56.500,1,1,1,lech_silero,0.053,0.024,0.001,0.158
Clean_8UM7pExh05c.wav,Clean,57.500,58.000,1,1,1,lech_silero,0.509,0.000,0.000,0.449
Clean_8UM7pExh05c.wav,Clean,64.500,65.000,1,1,1,aed_khong_chac+lech_silero,0.383,0.000,0.000,0.423
Clean_8UM7pExh05c.wav,Clean,79.000,79.500,1,1,1,lech_silero,0.173,0.000,0.000,0.442
Clean_8UM7pExh05c.wav,Clean,90.000,90.500,1,0,1,lech_silero,0.555,0.001,0.001,0.879
Clean_8UM7pExh05c.wav,Clean,92.000,92.500,1,1,1,aed_khong_chac+lech_silero,0.421,0.002,0.000,0.385
Clean_8UM7pExh05c.wav,Clean,108.500,109.000,1,1,1,lech_silero,0.064,0.000,0.000,0.221
Clean_8UM7pExh05c.wav,Clean,113.500,114.000,1,1,1,aed_khong_chac+lech_silero,0.336,0.000,0.000,0.455
Clean_CFvGPBE22yM.wav,Clean,18.500,19.500,2,1,1,aed_khong_chac+lech_silero,0.215,0.008,0.658,0.715
Clean_CFvGPBE22yM.wav,Clean,35.500,36.500,2,2,1,speech_va_singing,0.917,0.644,0.986,0.950
Clean_CFvGPBE22yM.wav,Clean,45.500,46.000,1,1,1,lech_silero,0.532,0.087,0.893,0.522
Clean_CFvGPBE22yM.wav,Clean,64.000,65.000,2,2,1,lech_silero,0.419,0.067,0.981,0.480
Clean_CFvGPBE22yM.wav,Clean,73.000,73.500,1,1,1,aed_khong_chac+lech_silero,0.374,0.014,0.975,0.296
Clean_CFvGPBE22yM.wav,Clean,88.500,89.000,1,1,1,aed_khong_chac+lech_silero,0.373,0.006,0.732,0.532
Clean_CFvGPBE22yM.wav,Clean,98.500,99.000,1,1,1,aed_khong_chac+lech_silero,0.317,0.000,0.000,0.397
Clean_CFvGPBE22yM.wav,Clean,100.500,101.000,1,1,1,aed_khong_chac+lech_silero,0.403,0.000,0.000,0.360
Clean_CFvGPBE22yM.wav,Clean,111.000,111.500,1,1,1,aed_khong_chac+lech_silero,0.460,0.000,0.000,0.457
Clean_CFvGPBE22yM.wav,Clean,113.000,114.000,2,1,1,aed_khong_chac+lech_silero,0.354,0.002,0.002,0.385
Clean_F5DJP4WKtzM.wav,Clean,4.000,5.000,2,2,1,aed_khong_chac+lech_silero+speech_va_singing,0.401,0.581,0.513,0.086
Clean_F5DJP4WKtzM.wav,Clean,8.500,9.000,1,1,1,aed_khong_chac+lech_silero,0.393,0.000,0.001,0.459
Clean_F5DJP4WKtzM.wav,Clean,10.500,11.000,1,1,1,lech_silero,0.529,0.036,0.989,0.472
Clean_F5DJP4WKtzM.wav,Clean,17.500,18.500,2,1,1,silero_nghe_hat+speech_va_singing,0.455,0.593,0.967,0.990
Clean_F5DJP4WKtzM.wav,Clean,57.500,58.500,2,2,1,aed_khong_chac+speech_va_singing,0.477,0.577,0.855,1.000
Clean_HR-F5iFMPjg.wav,Clean,6.500,7.500,2,1,1,aed_khong_chac+silero_nghe_hat+speech_va_singing,0.385,0.578,0.000,0.999
Clean_HR-F5iFMPjg.wav,Clean,8.000,9.000,2,1,1,silero_nghe_hat+speech_va_singing,0.388,0.458,0.000,0.837
Clean_HR-F5iFMPjg.wav,Clean,29.500,31.000,3,1,1,aed_khong_chac+silero_nghe_hat+speech_va_singing,0.401,0.563,0.086,0.969
Clean_HR-F5iFMPjg.wav,Clean,35.000,36.000,2,1,1,silero_nghe_hat+speech_va_singing,0.143,0.810,0.007,0.945
Clean_HR-F5iFMPjg.wav,Clean,48.000,49.500,3,2,1,aed_khong_chac+silero_nghe_hat+speech_va_singing,0.366,0.626,0.001,1.000
Clean_HR-F5iFMPjg.wav,Clean,61.500,62.500,2,1,1,silero_nghe_hat+speech_va_singing,0.413,0.537,0.001,0.967
Clean_HR-F5iFMPjg.wav,Clean,81.500,83.500,4,2,1,aed_khong_chac+silero_nghe_hat+speech_va_singing,0.443,0.519,0.002,0.986
Clean_HR-F5iFMPjg.wav,Clean,92.500,93.000,1,1,1,lech_silero,0.203,0.000,0.000,0.349
Clean_MEXu3VwXcsQ.wav,Clean,0.000,0.500,1,1,1,lech_silero,0.512,0.000,0.001,0.428
Clean_MEXu3VwXcsQ.wav,Clean,17.500,18.000,1,1,1,lech_silero,0.609,0.006,0.033,0.336
Clean_MEXu3VwXcsQ.wav,Clean,72.000,72.500,1,1,1,aed_khong_chac+lech_silero,0.309,0.000,0.002,0.462
Clean_MEXu3VwXcsQ.wav,Clean,96.500,97.000,1,1,1,lech_silero,0.561,0.000,0.000,0.497
Clean_MEXu3VwXcsQ.wav,Clean,101.500,102.000,1,1,1,aed_khong_chac+lech_silero,0.388,0.001,0.000,0.425
Clean_MjecOkKGgWs.wav,Clean,17.500,18.000,1,1,1,aed_khong_chac+lech_silero,0.493,0.113,0.397,0.490
Clean_MjecOkKGgWs.wav,Clean,26.500,27.000,1,1,1,aed_khong_chac+lech_silero,0.440,0.005,0.992,0.539
Clean_MjecOkKGgWs.wav,Clean,33.500,34.000,1,1,1,lech_silero,0.172,0.020,0.095,0.225
Clean_MjecOkKGgWs.wav,Clean,38.000,38.500,1,1,1,lech_silero,0.720,0.000,0.002,0.508
Clean_MjecOkKGgWs.wav,Clean,39.500,40.000,1,1,1,lech_silero,0.609,0.008,0.001,0.482
Clean_MjecOkKGgWs.wav,Clean,42.500,45.000,5,4,1,silero_nghe_hat+speech_va_singing,0.478,0.638,0.943,0.972
Clean_MjecOkKGgWs.wav,Clean,55.500,56.000,1,1,1,aed_khong_chac+lech_silero,0.351,0.022,0.969,0.410
Clean_MjecOkKGgWs.wav,Clean,61.000,61.500,1,1,1,lech_silero,0.529,0.034,0.989,0.485
Clean_MjecOkKGgWs.wav,Clean,62.500,63.000,1,1,1,lech_silero,0.558,0.025,0.964,0.480
Clean_MjecOkKGgWs.wav,Clean,64.500,65.000,1,1,1,aed_khong_chac+lech_silero,0.463,0.002,0.996,0.510
Clean_MjecOkKGgWs.wav,Clean,68.000,68.500,1,1,1,aed_khong_chac+lech_silero,0.339,0.008,0.974,0.280
Clean_MjecOkKGgWs.wav,Clean,71.500,72.000,1,1,1,lech_silero,0.216,0.042,0.951,0.183
Clean_MjecOkKGgWs.wav,Clean,74.000,74.500,1,1,1,aed_khong_chac+lech_silero,0.397,0.040,0.001,0.326
Clean_MjecOkKGgWs.wav,Clean,76.000,78.000,4,1,1,aed_khong_chac+silero_nghe_hat+speech_va_singing,0.154,0.713,0.005,0.800
Clean_MjecOkKGgWs.wav,Clean,81.000,82.000,2,1,1,lech_silero+silero_nghe_hat+speech_va_singing,0.361,0.609,0.003,0.542
Clean_MjecOkKGgWs.wav,Clean,93.000,93.500,1,1,1,lech_silero,0.617,0.006,0.999,0.525
Clean_MjecOkKGgWs.wav,Clean,100.000,101.500,3,2,1,aed_khong_chac+silero_nghe_hat+speech_va_singing,0.327,0.552,0.002,0.851
Clean_MjecOkKGgWs.wav,Clean,110.500,111.000,1,1,1,aed_khong_chac+lech_silero,0.324,0.074,0.996,0.464
Clean_MjecOkKGgWs.wav,Clean,119.500,120.000,1,1,1,aed_khong_chac+lech_silero,0.428,0.038,0.993,0.477
Clean_N3-Ty_RTyHE.wav,Clean,1.500,2.000,1,1,1,lech_silero,0.217,0.000,0.000,0.411
Clean_N3-Ty_RTyHE.wav,Clean,8.000,8.500,1,1,1,lech_silero,0.092,0.002,0.786,0.135
Clean_N3-Ty_RTyHE.wav,Clean,16.500,17.000,1,1,1,lech_silero,0.086,0.017,0.996,0.266
Clean_OFo1VsOy-5M.wav,Clean,2.500,3.000,1,1,1,aed_khong_chac+lech_silero,0.474,0.000,0.000,0.472
Clean_OFo1VsOy-5M.wav,Clean,5.000,5.500,1,1,1,lech_silero,0.278,0.000,0.003,0.230
Clean_OFo1VsOy-5M.wav,Clean,11.500,13.000,3,1,1,aed_khong_chac+silero_nghe_hat+speech_va_singing,0.248,0.677,0.928,0.899
Clean_OFo1VsOy-5M.wav,Clean,28.000,28.500,1,1,1,speech_va_singing,0.555,0.463,0.501,1.000
Clean_OFo1VsOy-5M.wav,Clean,40.000,40.500,1,1,1,lech_silero,0.258,0.024,0.068,0.265
Clean_OFo1VsOy-5M.wav,Clean,49.500,50.000,1,1,1,aed_khong_chac+lech_silero,0.428,0.011,0.996,0.209
Clean_OFo1VsOy-5M.wav,Clean,56.000,57.000,2,2,1,aed_khong_chac+lech_silero,0.309,0.018,0.201,0.336
Clean_OFo1VsOy-5M.wav,Clean,61.500,63.000,3,3,1,aed_khong_chac+speech_va_singing,0.568,0.321,0.161,0.946
Clean_OFo1VsOy-5M.wav,Clean,81.000,82.000,2,2,1,speech_va_singing,0.434,0.619,0.526,0.979
Clean_OFo1VsOy-5M.wav,Clean,89.500,90.000,1,1,1,aed_khong_chac+lech_silero,0.356,0.126,0.413,0.406
Clean_OFo1VsOy-5M.wav,Clean,96.000,96.500,1,1,1,aed_khong_chac+lech_silero,0.427,0.001,0.001,0.446
Clean_OFo1VsOy-5M.wav,Clean,97.000,98.000,2,1,1,silero_nghe_hat+speech_va_singing,0.548,0.352,0.162,0.897
Clean_OFo1VsOy-5M.wav,Clean,108.000,109.500,3,1,1,silero_nghe_hat+speech_va_singing,0.399,0.581,0.083,1.000
Clean_QsgYv7-lfCM.wav,Clean,0.000,0.500,1,1,1,lech_silero,0.704,0.029,0.842,0.395
Clean_QsgYv7-lfCM.wav,Clean,10.000,10.500,1,1,1,lech_silero,0.550,0.001,0.010,0.489
Clean_QsgYv7-lfCM.wav,Clean,28.500,29.000,1,1,1,lech_silero,0.870,0.011,0.215,0.523
Clean_QsgYv7-lfCM.wav,Clean,38.500,39.000,1,1,1,lech_silero,0.108,0.027,0.954,0.278
Clean_QsgYv7-lfCM.wav,Clean,73.500,74.000,1,1,1,aed_khong_chac+lech_silero,0.422,0.001,0.002,0.348
Clean_QsgYv7-lfCM.wav,Clean,78.500,79.000,1,1,1,lech_silero,0.177,0.000,0.000,0.377
Clean_QsgYv7-lfCM.wav,Clean,81.000,81.500,1,1,1,lech_silero,0.227,0.000,0.000,0.437
Clean_QsgYv7-lfCM.wav,Clean,91.500,92.000,1,1,1,lech_silero,0.240,0.160,0.423,0.356
Clean_R-CJScmHqmI.wav,Clean,5.500,6.500,2,2,1,aed_khong_chac+lech_silero,0.524,0.001,0.999,0.499
Clean_R-CJScmHqmI.wav,Clean,8.500,9.000,1,1,1,aed_khong_chac+lech_silero,0.395,0.015,0.992,0.284
Clean_R-CJScmHqmI.wav,Clean,11.000,12.000,2,2,1,aed_khong_chac+lech_silero,0.453,0.001,0.999,0.437
Clean_R-CJScmHqmI.wav,Clean,13.000,14.500,3,2,1,aed_khong_chac+silero_nghe_hat+speech_va_singing,0.348,0.592,0.989,0.996
Clean_R-CJScmHqmI.wav,Clean,20.000,20.500,1,1,1,lech_silero,0.601,0.003,0.997,0.442
Clean_R-CJScmHqmI.wav,Clean,24.000,24.500,1,1,1,aed_khong_chac+lech_silero,0.403,0.022,0.993,0.262
Clean_R-CJScmHqmI.wav,Clean,27.500,28.000,1,1,1,aed_khong_chac+lech_silero,0.328,0.008,0.996,0.422
Clean_R-CJScmHqmI.wav,Clean,35.500,36.000,1,1,1,lech_silero,0.194,0.002,0.997,0.471
Clean_R-CJScmHqmI.wav,Clean,40.000,40.500,1,1,1,aed_khong_chac+lech_silero,0.405,0.015,0.995,0.460
Clean_R-CJScmHqmI.wav,Clean,41.500,42.000,1,1,1,aed_khong_chac+lech_silero,0.391,0.016,0.993,0.174
Clean_R-CJScmHqmI.wav,Clean,51.500,52.000,1,1,1,lech_silero,0.222,0.002,0.992,0.252
Clean_R-CJScmHqmI.wav,Clean,54.000,54.500,1,1,1,aed_khong_chac+lech_silero,0.486,0.005,0.978,0.299
Clean_R-CJScmHqmI.wav,Clean,56.000,56.500,1,1,1,aed_khong_chac+lech_silero,0.495,0.007,0.988,0.340
Clean_R-CJScmHqmI.wav,Clean,58.000,58.500,1,1,1,aed_khong_chac+lech_silero,0.499,0.004,0.991,0.416
Clean_R-CJScmHqmI.wav,Clean,81.500,82.000,1,1,1,aed_khong_chac+lech_silero,0.390,0.016,0.996,0.284
Clean_R-CJScmHqmI.wav,Clean,84.500,85.000,1,1,1,lech_silero,0.534,0.026,0.993,0.336
Clean_R-CJScmHqmI.wav,Clean,87.500,88.000,1,1,1,aed_khong_chac+lech_silero,0.457,0.001,0.998,0.316
Clean_R-CJScmHqmI.wav,Clean,95.000,95.500,1,1,1,lech_silero,0.216,0.001,0.998,0.032
Clean_R-CJScmHqmI.wav,Clean,97.500,98.000,1,1,1,lech_silero,0.535,0.006,0.998,0.453
Clean_R-CJScmHqmI.wav,Clean,100.500,101.000,1,1,1,aed_khong_chac+lech_silero,0.420,0.007,0.998,0.428
Clean_SrKjY-OHy2E.wav,Clean,10.000,10.500,1,1,1,lech_silero,0.217,0.000,0.001,0.336
Clean_SrKjY-OHy2E.wav,Clean,33.500,34.000,1,1,1,aed_khong_chac+lech_silero,0.344,0.001,0.002,0.239
Clean_SrKjY-OHy2E.wav,Clean,67.500,68.000,1,1,1,lech_silero,0.193,0.001,0.001,0.280
Clean_SrKjY-OHy2E.wav,Clean,71.000,71.500,1,1,1,lech_silero,0.268,0.002,0.009,0.164
Clean_SrKjY-OHy2E.wav,Clean,75.000,75.500,1,1,1,lech_silero,0.233,0.000,0.001,0.156
Clean_SrKjY-OHy2E.wav,Clean,79.500,80.000,1,1,1,lech_silero,0.094,0.000,0.001,0.185
Clean_SrKjY-OHy2E.wav,Clean,83.000,83.500,1,1,1,lech_silero,0.105,0.000,0.000,0.108
Clean_SrKjY-OHy2E.wav,Clean,113.500,114.000,1,1,1,aed_khong_chac+lech_silero,0.372,0.000,0.000,0.501
Clean_TlV_tehrTFs.wav,Clean,5.000,5.500,1,1,1,lech_silero,0.168,0.000,0.000,0.263
Clean_TlV_tehrTFs.wav,Clean,9.000,9.500,1,1,1,lech_silero,0.296,0.001,0.000,0.448
Clean_TlV_tehrTFs.wav,Clean,12.500,13.000,1,1,1,aed_khong_chac+lech_silero,0.352,0.002,0.001,0.408
Clean_TlV_tehrTFs.wav,Clean,20.000,20.500,1,1,1,aed_khong_chac+lech_silero,0.337,0.000,0.000,0.422
Clean_TlV_tehrTFs.wav,Clean,22.500,23.500,2,2,1,aed_khong_chac+lech_silero,0.390,0.000,0.000,0.402
Clean_TlV_tehrTFs.wav,Clean,34.000,34.500,1,1,1,aed_khong_chac+lech_silero,0.334,0.002,0.000,0.423
Clean_TlV_tehrTFs.wav,Clean,35.000,35.500,1,1,1,lech_silero,0.528,0.000,0.000,0.444
Clean_TlV_tehrTFs.wav,Clean,41.500,42.000,1,1,1,lech_silero,0.509,0.000,0.000,0.429
Clean_TlV_tehrTFs.wav,Clean,43.500,44.000,1,1,1,lech_silero,0.157,0.000,0.000,0.287
Clean_TlV_tehrTFs.wav,Clean,44.500,45.000,1,1,1,lech_silero,0.568,0.000,0.000,0.512
Clean_TlV_tehrTFs.wav,Clean,47.000,48.000,2,1,1,aed_khong_chac+lech_silero,0.242,0.000,0.000,0.234
Clean_TlV_tehrTFs.wav,Clean,50.000,50.500,1,1,1,lech_silero,0.560,0.001,0.003,0.469
Clean_TlV_tehrTFs.wav,Clean,53.500,54.000,1,1,1,lech_silero,0.502,0.000,0.001,0.427
Clean_TlV_tehrTFs.wav,Clean,60.000,61.000,2,2,1,aed_khong_chac+lech_silero,0.462,0.000,0.001,0.511
Clean_TlV_tehrTFs.wav,Clean,69.000,69.500,1,1,1,aed_khong_chac+lech_silero,0.309,0.000,0.000,0.230
Clean_TlV_tehrTFs.wav,Clean,71.000,72.000,2,1,1,aed_khong_chac+lech_silero,0.345,0.000,0.001,0.389
Clean_TlV_tehrTFs.wav,Clean,74.000,74.500,1,1,1,lech_silero,0.071,0.000,0.000,0.221
Clean_TlV_tehrTFs.wav,Clean,95.000,95.500,1,1,1,aed_khong_chac+lech_silero,0.425,0.005,0.001,0.402
Clean_VbaJmref8GU.wav,Clean,29.500,30.000,1,1,1,lech_silero,0.229,0.000,0.000,0.465
Clean_VbaJmref8GU.wav,Clean,35.500,36.000,1,1,1,lech_silero,0.229,0.000,0.000,0.486
Clean_VbaJmref8GU.wav,Clean,40.000,40.500,1,1,1,lech_silero,0.212,0.000,0.000,0.328
Clean_VbaJmref8GU.wav,Clean,42.500,43.000,1,1,1,lech_silero,0.284,0.001,0.000,0.294
Clean_VbaJmref8GU.wav,Clean,46.000,46.500,1,1,1,lech_silero,0.150,0.000,0.000,0.324
Clean_VbaJmref8GU.wav,Clean,59.000,59.500,1,1,1,lech_silero,0.140,0.001,0.002,0.180
Clean_VbaJmref8GU.wav,Clean,61.500,62.000,1,1,1,aed_khong_chac+lech_silero,0.383,0.001,0.019,0.463
Clean_VbaJmref8GU.wav,Clean,86.500,87.000,1,1,1,aed_khong_chac+lech_silero,0.352,0.002,0.000,0.471
Clean_VbaJmref8GU.wav,Clean,96.500,97.000,1,1,1,aed_khong_chac+lech_silero,0.360,0.003,0.000,0.475
Clean_W2rJ7Oj2ZNI.wav,Clean,4.000,4.500,1,1,1,aed_khong_chac+speech_va_singing,0.486,0.486,0.043,0.999
Clean_W2rJ7Oj2ZNI.wav,Clean,12.500,13.000,1,1,1,aed_khong_chac+lech_silero,0.406,0.008,0.277,0.131
Clean_W2rJ7Oj2ZNI.wav,Clean,31.000,32.000,2,1,1,aed_khong_chac+lech_silero,0.332,0.012,0.122,0.834
Clean_W2rJ7Oj2ZNI.wav,Clean,33.000,35.000,4,2,1,aed_khong_chac+silero_nghe_hat+speech_va_singing,0.303,0.651,0.592,0.891
Clean_W2rJ7Oj2ZNI.wav,Clean,36.000,36.500,1,0,1,lech_silero,0.250,0.033,0.140,0.698
Clean_W2rJ7Oj2ZNI.wav,Clean,48.500,49.500,2,1,1,aed_khong_chac+lech_silero,0.415,0.005,0.016,0.653
Clean_W2rJ7Oj2ZNI.wav,Clean,69.500,70.000,1,0,1,lech_silero,0.107,0.026,0.054,0.478
Clean_W2rJ7Oj2ZNI.wav,Clean,84.500,85.500,2,2,1,aed_khong_chac+lech_silero,0.378,0.010,0.053,0.489
Clean_W2rJ7Oj2ZNI.wav,Clean,104.000,104.500,1,1,1,aed_khong_chac+lech_silero,0.429,0.001,0.002,0.397
Clean_W2rJ7Oj2ZNI.wav,Clean,118.500,119.000,1,1,1,lech_silero,0.621,0.000,0.001,0.376
Clean__3LhV95AKgM.wav,Clean,3.500,4.000,1,1,1,lech_silero,0.111,0.000,0.001,0.368
Clean__3LhV95AKgM.wav,Clean,8.000,8.500,1,1,1,lech_silero,0.091,0.000,0.000,0.195
Clean__3LhV95AKgM.wav,Clean,10.000,11.000,2,2,1,aed_khong_chac+lech_silero,0.468,0.000,0.000,0.488
Clean__3LhV95AKgM.wav,Clean,13.000,13.500,1,1,1,lech_silero,0.093,0.000,0.000,0.230
Clean__3LhV95AKgM.wav,Clean,18.000,19.000,2,2,1,aed_khong_chac+lech_silero,0.428,0.000,0.003,0.474
Clean__3LhV95AKgM.wav,Clean,23.500,24.500,2,2,1,aed_khong_chac+lech_silero,0.429,0.000,0.000,0.505
Clean__3LhV95AKgM.wav,Clean,30.500,31.000,1,1,1,lech_silero,0.207,0.002,0.002,0.337
Clean__3LhV95AKgM.wav,Clean,47.500,48.000,1,1,1,lech_silero,0.548,0.001,0.001,0.474
Clean__3LhV95AKgM.wav,Clean,50.000,50.500,1,1,1,lech_silero,0.197,0.001,0.004,0.434
Clean__3LhV95AKgM.wav,Clean,58.000,59.000,2,2,1,aed_khong_chac+lech_silero,0.438,0.000,0.000,0.520
Clean__3LhV95AKgM.wav,Clean,67.000,67.500,1,1,1,lech_silero,0.171,0.000,0.000,0.165
Clean__3LhV95AKgM.wav,Clean,70.500,71.000,1,1,1,aed_khong_chac+lech_silero,0.428,0.000,0.000,0.382
Clean__3LhV95AKgM.wav,Clean,81.000,81.500,1,1,1,lech_silero,0.189,0.000,0.001,0.329
Clean__3LhV95AKgM.wav,Clean,84.500,85.000,1,1,1,lech_silero,0.198,0.000,0.001,0.347
Clean__3LhV95AKgM.wav,Clean,91.000,91.500,1,1,1,lech_silero,0.221,0.000,0.000,0.309
Clean__3LhV95AKgM.wav,Clean,99.000,99.500,1,1,1,lech_silero,0.089,0.000,0.001,0.300
Clean__3LhV95AKgM.wav,Clean,104.500,105.000,1,1,1,aed_khong_chac+lech_silero,0.348,0.000,0.000,0.477
Clean__3LhV95AKgM.wav,Clean,114.000,114.500,1,1,1,lech_silero,0.125,0.000,0.001,0.236
Clean__jGjPZuBMZg.wav,Clean,9.000,10.000,2,2,1,aed_khong_chac+lech_silero,0.529,0.007,0.997,0.518
Clean__jGjPZuBMZg.wav,Clean,19.500,20.000,1,1,1,lech_silero,0.505,0.024,0.983,0.385
Clean__jGjPZuBMZg.wav,Clean,27.000,27.500,1,1,1,lech_silero,0.179,0.024,0.988,0.161
Clean__jGjPZuBMZg.wav,Clean,30.000,30.500,1,1,1,aed_khong_chac+lech_silero,0.461,0.002,0.950,0.488
Clean__jGjPZuBMZg.wav,Clean,32.000,32.500,1,1,1,aed_khong_chac+lech_silero,0.443,0.113,0.750,0.436
Clean__jGjPZuBMZg.wav,Clean,39.500,40.000,1,1,1,aed_khong_chac+lech_silero,0.495,0.000,0.992,0.428
Clean__jGjPZuBMZg.wav,Clean,41.500,42.000,1,1,1,lech_silero,0.596,0.003,0.981,0.418
Clean__jGjPZuBMZg.wav,Clean,47.000,47.500,1,1,1,aed_khong_chac+lech_silero,0.421,0.000,0.000,0.484
Clean__jGjPZuBMZg.wav,Clean,50.000,50.500,1,1,1,aed_khong_chac+lech_silero,0.359,0.000,0.000,0.442
Clean__jGjPZuBMZg.wav,Clean,62.500,63.000,1,1,1,aed_khong_chac+lech_silero,0.376,0.001,0.000,0.454
Clean__jGjPZuBMZg.wav,Clean,66.500,67.000,1,1,1,lech_silero,0.208,0.000,0.001,0.266
Clean__jGjPZuBMZg.wav,Clean,71.500,73.000,3,3,1,aed_khong_chac+lech_silero,0.778,0.000,0.001,0.038
Clean__jGjPZuBMZg.wav,Clean,75.500,76.000,1,1,1,lech_silero,0.270,0.000,0.000,0.343
Clean__jGjPZuBMZg.wav,Clean,79.000,79.500,1,1,1,lech_silero,0.551,0.000,0.000,0.470
Clean__jGjPZuBMZg.wav,Clean,80.500,81.000,1,1,1,aed_khong_chac+lech_silero,0.368,0.000,0.002,0.422
Clean__jGjPZuBMZg.wav,Clean,82.500,83.000,1,1,1,aed_khong_chac+lech_silero,0.353,0.000,0.000,0.409
Clean__jGjPZuBMZg.wav,Clean,88.000,88.500,1,1,1,lech_silero,0.107,0.000,0.000,0.183
Clean__jGjPZuBMZg.wav,Clean,92.500,93.000,1,1,1,lech_silero,0.538,0.000,0.000,0.484
Clean__jGjPZuBMZg.wav,Clean,96.000,97.000,2,2,1,aed_khong_chac+lech_silero,0.385,0.000,0.000,0.392
Clean__jGjPZuBMZg.wav,Clean,98.000,100.000,4,3,1,aed_khong_chac+lech_silero,0.400,0.001,0.006,0.186
Clean__jGjPZuBMZg.wav,Clean,111.500,112.000,1,1,1,aed_khong_chac+lech_silero,0.320,0.000,0.000,0.430
Clean_eQFMnN0kCM4.wav,Clean,36.000,36.500,1,1,1,lech_silero,0.699,0.029,0.983,0.501
Clean_eQFMnN0kCM4.wav,Clean,39.500,40.000,1,1,1,aed_khong_chac+lech_silero,0.418,0.122,0.959,0.448
Clean_eQFMnN0kCM4.wav,Clean,52.000,53.000,2,1,1,aed_khong_chac+silero_nghe_hat+speech_va_singing,0.451,0.507,0.602,0.980
Clean_eQFMnN0kCM4.wav,Clean,62.000,62.500,1,1,1,aed_khong_chac+lech_silero,0.329,0.026,0.857,0.323
Clean_eQFMnN0kCM4.wav,Clean,67.500,68.000,1,1,1,aed_khong_chac+lech_silero,0.462,0.029,0.528,0.421
Clean_eQFMnN0kCM4.wav,Clean,72.000,73.000,2,2,1,aed_khong_chac+lech_silero,0.500,0.125,0.574,0.528
Clean_eQFMnN0kCM4.wav,Clean,78.500,79.500,2,1,1,aed_khong_chac+lech_silero,0.247,0.022,0.219,0.357
Clean_eQFMnN0kCM4.wav,Clean,84.500,85.000,1,1,1,lech_silero,0.524,0.005,0.962,0.425
Clean_eQFMnN0kCM4.wav,Clean,91.500,92.000,1,1,1,lech_silero,0.127,0.003,0.012,0.288
Clean_eQFMnN0kCM4.wav,Clean,92.500,93.000,1,1,1,aed_khong_chac+speech_va_singing,0.387,0.563,0.129,1.000
Clean_eQFMnN0kCM4.wav,Clean,105.000,105.500,1,1,1,aed_khong_chac+lech_silero,0.300,0.013,0.700,0.399
Clean_gn0q7BuPML8.wav,Clean,1.500,2.500,2,1,1,silero_nghe_hat+speech_va_singing,0.386,0.491,0.001,0.997
Clean_gn0q7BuPML8.wav,Clean,7.000,7.500,1,1,1,aed_khong_chac+lech_silero,0.499,0.025,0.001,0.472
Clean_gn0q7BuPML8.wav,Clean,10.500,14.000,7,5,1,lech_silero+silero_nghe_hat+speech_va_singing,0.511,0.611,0.952,0.767
Clean_gn0q7BuPML8.wav,Clean,31.000,31.500,1,1,1,speech_va_singing,0.645,0.339,0.023,1.000
Clean_gn0q7BuPML8.wav,Clean,48.500,49.000,1,1,1,aed_khong_chac+lech_silero,0.413,0.003,0.002,0.357
Clean_gn0q7BuPML8.wav,Clean,52.000,52.500,1,1,1,aed_khong_chac+lech_silero,0.364,0.000,0.000,0.457
Clean_gn0q7BuPML8.wav,Clean,55.500,56.000,1,1,1,aed_khong_chac+lech_silero,0.407,0.000,0.001,0.472
Clean_gn0q7BuPML8.wav,Clean,72.000,72.500,1,1,1,aed_khong_chac+lech_silero,0.480,0.039,0.329,0.401
Clean_gn0q7BuPML8.wav,Clean,77.000,77.500,1,1,1,aed_khong_chac+lech_silero,0.438,0.000,0.002,0.445
Clean_gn0q7BuPML8.wav,Clean,99.000,99.500,1,1,1,aed_khong_chac+lech_silero,0.448,0.001,0.009,0.371
Clean_gn0q7BuPML8.wav,Clean,103.000,103.500,1,1,1,aed_khong_chac+lech_silero,0.442,0.060,0.710,0.311
Clean_gn0q7BuPML8.wav,Clean,112.500,113.000,1,1,1,lech_silero,0.525,0.000,0.001,0.443
Clean_gn0q7BuPML8.wav,Clean,114.500,115.000,1,1,1,aed_khong_chac+lech_silero,0.360,0.001,0.004,0.428
Clean_oQdfUZBssBE.wav,Clean,12.000,13.000,2,1,1,aed_khong_chac+lech_silero,0.341,0.000,0.000,0.379
Clean_oQdfUZBssBE.wav,Clean,13.500,14.000,1,1,1,aed_khong_chac+lech_silero,0.408,0.000,0.000,0.422
Clean_oQdfUZBssBE.wav,Clean,25.000,25.500,1,1,1,lech_silero,0.225,0.000,0.000,0.340
Clean_oQdfUZBssBE.wav,Clean,33.000,33.500,1,1,1,aed_khong_chac+lech_silero,0.458,0.002,0.001,0.407
Clean_oQdfUZBssBE.wav,Clean,36.000,36.500,1,1,1,aed_khong_chac+lech_silero,0.317,0.001,0.001,0.359
Clean_oQdfUZBssBE.wav,Clean,48.500,49.000,1,1,1,aed_khong_chac+lech_silero,0.464,0.000,0.000,0.420
Clean_oQdfUZBssBE.wav,Clean,51.000,51.500,1,1,1,lech_silero,0.233,0.001,0.000,0.383
Clean_oQdfUZBssBE.wav,Clean,61.000,61.500,1,1,1,lech_silero,0.253,0.000,0.000,0.394
Clean_oQdfUZBssBE.wav,Clean,74.000,74.500,1,1,1,aed_khong_chac+lech_silero,0.394,0.000,0.000,0.361
Clean_oQdfUZBssBE.wav,Clean,77.000,78.000,2,2,1,lech_silero,0.394,0.000,0.000,0.443
Clean_oQdfUZBssBE.wav,Clean,80.500,81.000,1,1,1,lech_silero,0.144,0.000,0.000,0.194
Clean_oQdfUZBssBE.wav,Clean,85.500,86.500,2,2,1,aed_khong_chac+lech_silero,0.395,0.005,0.001,0.463
Clean_oQdfUZBssBE.wav,Clean,91.500,92.000,1,1,1,lech_silero,0.576,0.000,0.000,0.466
Clean_oQdfUZBssBE.wav,Clean,103.500,104.000,1,1,1,aed_khong_chac+lech_silero,0.322,0.000,0.000,0.437
Clean_oTZTH-tBXpw.wav,Clean,5.000,5.500,1,1,1,lech_silero,0.524,0.006,0.999,0.306
Clean_oTZTH-tBXpw.wav,Clean,8.500,9.000,1,1,1,aed_khong_chac+lech_silero,0.497,0.096,0.993,0.461
Clean_oTZTH-tBXpw.wav,Clean,16.500,17.000,1,1,1,lech_silero,0.715,0.008,0.999,0.531
Clean_oTZTH-tBXpw.wav,Clean,40.000,40.500,1,1,1,aed_khong_chac+lech_silero,0.322,0.018,0.456,0.382
Clean_oTZTH-tBXpw.wav,Clean,52.000,52.500,1,1,1,lech_silero,0.273,0.002,0.054,0.385
Clean_oTZTH-tBXpw.wav,Clean,56.500,57.000,1,1,1,aed_khong_chac+lech_silero,0.304,0.015,0.078,0.285
Clean_oTZTH-tBXpw.wav,Clean,59.000,59.500,1,0,1,lech_silero,0.007,0.000,0.164,0.763
Clean_oTZTH-tBXpw.wav,Clean,66.500,67.000,1,1,1,aed_khong_chac+lech_silero,0.311,0.000,0.000,0.345
Clean_oTZTH-tBXpw.wav,Clean,85.500,86.000,1,1,1,lech_silero,0.547,0.000,0.000,0.480
Clean_oTZTH-tBXpw.wav,Clean,88.000,88.500,1,1,1,lech_silero,0.096,0.000,0.000,0.231
Clean_oTZTH-tBXpw.wav,Clean,108.500,109.500,2,2,1,aed_khong_chac+lech_silero,0.450,0.001,0.002,0.500
Clean_oTZTH-tBXpw.wav,Clean,113.500,114.000,1,1,1,lech_silero,0.519,0.000,0.001,0.440
Clean_pjMCyLsRNig.wav,Clean,17.500,18.000,1,1,1,lech_silero,0.512,0.005,0.969,0.473
Clean_pjMCyLsRNig.wav,Clean,27.000,27.500,1,1,1,aed_khong_chac+lech_silero,0.487,0.009,0.851,0.418
Clean_pjMCyLsRNig.wav,Clean,38.500,39.000,1,1,1,lech_silero,0.189,0.006,0.000,0.406
Clean_pjMCyLsRNig.wav,Clean,63.500,64.000,1,1,1,aed_khong_chac+lech_silero,0.368,0.000,0.000,0.380
Clean_pjMCyLsRNig.wav,Clean,79.000,80.000,2,0,1,lech_silero,0.006,0.001,0.029,0.625
Clean_pjMCyLsRNig.wav,Clean,80.500,81.000,1,0,1,lech_silero,0.003,0.001,0.014,0.465
Clean_pjMCyLsRNig.wav,Clean,89.000,89.500,1,1,1,aed_khong_chac+lech_silero,0.311,0.000,0.000,0.331
Clean_sUX_oeRyCwU.wav,Clean,0.500,1.500,2,2,1,aed_khong_chac+speech_va_singing,0.359,0.634,0.843,1.000
Clean_sUX_oeRyCwU.wav,Clean,88.500,89.000,1,1,1,lech_silero,0.072,0.000,0.000,0.199
Clean_sUX_oeRyCwU.wav,Clean,91.500,92.000,1,1,1,aed_khong_chac+lech_silero,0.494,0.001,0.007,0.425
Clean_sUX_oeRyCwU.wav,Clean,119.000,119.500,1,1,1,lech_silero,0.224,0.000,0.000,0.275
Clean_wdlij-jP5UI.wav,Clean,51.500,52.500,2,1,1,aed_khong_chac+lech_silero,0.265,0.000,0.000,0.294
Clean_wdlij-jP5UI.wav,Clean,71.000,71.500,1,1,1,lech_silero,0.187,0.000,0.000,0.376
Clean_wdlij-jP5UI.wav,Clean,79.500,80.000,1,1,1,aed_khong_chac+lech_silero,0.471,0.000,0.000,0.474
Clean_wfNAN7ZZJnE.wav,Clean,23.000,23.500,1,1,1,lech_silero,0.580,0.012,0.985,0.458
Clean_wfNAN7ZZJnE.wav,Clean,40.500,41.000,1,1,1,lech_silero,0.243,0.000,0.001,0.367
Clean_wfNAN7ZZJnE.wav,Clean,42.000,42.500,1,1,1,aed_khong_chac+lech_silero,0.484,0.000,0.000,0.398
Clean_wfNAN7ZZJnE.wav,Clean,53.500,54.000,1,1,1,aed_khong_chac+lech_silero,0.451,0.000,0.001,0.354
Clean_wfNAN7ZZJnE.wav,Clean,74.500,75.000,1,1,1,lech_silero,0.188,0.000,0.000,0.293
Clean_wfNAN7ZZJnE.wav,Clean,78.500,79.000,1,1,1,aed_khong_chac+lech_silero,0.342,0.000,0.000,0.351
Clean_wfNAN7ZZJnE.wav,Clean,85.000,85.500,1,1,1,aed_khong_chac+lech_silero,0.342,0.000,0.002,0.282
Clean_wfNAN7ZZJnE.wav,Clean,97.000,97.500,1,1,1,lech_silero,0.072,0.000,0.000,0.234
Clean_wfNAN7ZZJnE.wav,Clean,101.500,102.000,1,1,1,lech_silero,0.104,0.000,0.000,0.200
Clean_x5t9Dqs0DPw.wav,Clean,3.000,3.500,1,1,1,lech_silero,0.143,0.000,0.000,0.517
Clean_x5t9Dqs0DPw.wav,Clean,8.000,8.500,1,1,1,lech_silero,0.527,0.000,0.000,0.464
Clean_x5t9Dqs0DPw.wav,Clean,9.500,10.000,1,1,1,lech_silero,0.159,0.000,0.000,0.327
Clean_x5t9Dqs0DPw.wav,Clean,13.500,14.000,1,1,1,lech_silero,0.533,0.000,0.000,0.446
Clean_x5t9Dqs0DPw.wav,Clean,21.500,22.000,1,1,1,lech_silero,0.176,0.000,0.000,0.302
Clean_x5t9Dqs0DPw.wav,Clean,25.500,26.000,1,1,1,lech_silero,0.190,0.001,0.000,0.293
Clean_x5t9Dqs0DPw.wav,Clean,36.500,37.000,1,1,1,aed_khong_chac+lech_silero,0.391,0.001,0.000,0.483
Clean_x5t9Dqs0DPw.wav,Clean,60.500,61.000,1,1,1,aed_khong_chac+lech_silero,0.457,0.002,0.001,0.526
Clean_x5t9Dqs0DPw.wav,Clean,66.000,66.500,1,1,1,lech_silero,0.213,0.001,0.000,0.445
Clean_x5t9Dqs0DPw.wav,Clean,70.000,70.500,1,1,1,lech_silero,0.147,0.001,0.001,0.262
Clean_x5t9Dqs0DPw.wav,Clean,72.500,73.000,1,1,1,aed_khong_chac+lech_silero,0.413,0.002,0.012,0.403
Clean_x5t9Dqs0DPw.wav,Clean,86.500,87.000,1,1,1,lech_silero,0.289,0.001,0.001,0.443
Clean_x5t9Dqs0DPw.wav,Clean,89.500,90.000,1,1,1,lech_silero,0.601,0.001,0.000,0.476
Clean_x5t9Dqs0DPw.wav,Clean,92.000,93.500,3,3,1,aed_khong_chac+lech_silero,0.464,0.000,0.000,0.447
Clean_x5t9Dqs0DPw.wav,Clean,94.000,94.500,1,1,1,lech_silero,0.212,0.000,0.000,0.360
Clean_x5t9Dqs0DPw.wav,Clean,99.000,100.000,2,2,1,aed_khong_chac+lech_silero,0.461,0.003,0.003,0.507
Clean_x5t9Dqs0DPw.wav,Clean,103.000,104.000,2,2,1,aed_khong_chac+lech_silero,0.285,0.000,0.003,0.344
Clean_x5t9Dqs0DPw.wav,Clean,105.000,105.500,1,1,1,aed_khong_chac+lech_silero,0.344,0.000,0.001,0.270
Clean_x5t9Dqs0DPw.wav,Clean,108.000,109.000,2,2,1,aed_khong_chac+lech_silero,0.430,0.000,0.001,0.475
Clean_x5t9Dqs0DPw.wav,Clean,113.500,114.000,1,1,1,lech_silero,0.525,0.000,0.001,0.461
Clean_x5t9Dqs0DPw.wav,Clean,116.500,117.000,1,1,1,lech_silero,0.120,0.000,0.000,0.215
Clean_zYI-H_Ub5pQ.wav,Clean,13.000,13.500,1,1,1,aed_khong_chac+lech_silero,0.370,0.002,0.001,0.446
Clean_zYI-H_Ub5pQ.wav,Clean,41.500,42.000,1,1,1,lech_silero,0.195,0.000,0.000,0.247
Clean_zYI-H_Ub5pQ.wav,Clean,55.000,55.500,1,1,1,aed_khong_chac+lech_silero,0.318,0.000,0.000,0.533
Clean_zYI-H_Ub5pQ.wav,Clean,68.500,69.500,2,1,1,aed_khong_chac+lech_silero,0.198,0.001,0.611,0.698
Clean_zYI-H_Ub5pQ.wav,Clean,77.000,78.000,2,2,1,lech_silero,0.348,0.000,0.000,0.418
Clean_zYI-H_Ub5pQ.wav,Clean,82.500,83.500,2,1,1,aed_khong_chac+lech_silero,0.251,0.001,0.000,0.197
Clean_zYI-H_Ub5pQ.wav,Clean,90.500,91.000,1,1,1,lech_silero,0.114,0.000,0.000,0.354
Clean_zYI-H_Ub5pQ.wav,Clean,92.000,92.500,1,1,1,aed_khong_chac+lech_silero,0.465,0.000,0.000,0.491
Clean_zYI-H_Ub5pQ.wav,Clean,94.500,95.000,1,1,1,lech_silero,0.253,0.000,0.000,0.271
Clean_zYI-H_Ub5pQ.wav,Clean,117.500,118.000,1,1,1,lech_silero,0.160,0.000,0.007,0.132
Music_2TvWZEVf6go.wav,Music,7.000,8.500,3,3,1,lech_silero,0.451,0.009,0.995,0.000
Music_D_uLM5i0Z4c.wav,Music,2.000,4.000,4,0,1,lech_silero,0.009,0.110,0.890,0.693
Music_VikHHWrgb4Y.wav,Music,1.000,1.500,1,0,1,lech_silero,0.005,0.002,0.998,0.633
Music_X-yIEMduRXk.wav,Music,51.000,51.500,1,1,1,aed_khong_chac+lech_silero+speech_va_singing,0.309,0.983,0.997,0.000
Music_X-yIEMduRXk.wav,Music,116.500,117.500,2,1,1,aed_khong_chac+lech_silero+speech_va_singing,0.339,0.937,0.996,0.000
Music_gwDoRPcPxtc.wav,Music,6.500,8.000,3,3,1,aed_khong_chac+lech_silero+speech_va_singing,0.543,0.162,0.997,0.051
Music_gwDoRPcPxtc.wav,Music,11.500,12.000,1,1,1,aed_khong_chac+lech_silero+speech_va_singing,0.342,0.461,0.994,0.007
Music_gwDoRPcPxtc.wav,Music,19.000,19.500,1,1,1,lech_silero,0.523,0.342,0.988,0.000
Music_gwDoRPcPxtc.wav,Music,78.500,79.000,1,1,1,lech_silero+speech_va_singing,0.278,0.519,0.998,0.000
Music_gwDoRPcPxtc.wav,Music,81.000,82.500,3,3,1,lech_silero+speech_va_singing,0.543,0.282,0.998,0.000
Music_gwDoRPcPxtc.wav,Music,84.000,85.000,2,2,1,lech_silero,0.396,0.125,0.995,0.000
Music_hnjGqS1Doto.wav,Music,34.500,36.000,3,3,1,aed_khong_chac+lech_silero+speech_va_singing,0.419,0.517,0.996,0.043
Music_hnjGqS1Doto.wav,Music,87.500,88.000,1,1,1,aed_khong_chac+lech_silero+speech_va_singing,0.377,0.564,0.999,0.001
Music_hnjGqS1Doto.wav,Music,99.500,100.500,2,2,1,lech_silero+speech_va_singing,0.465,0.686,0.998,0.027
Music_nb8CnIo_-_A.wav,Music,73.000,77.000,8,2,1,aed_khong_chac+lech_silero+silero_nghe_hat+speech_va_singing,0.159,0.876,0.802,0.718
Music_nja_0BaQcNg.wav,Music,12.000,13.000,2,2,1,aed_khong_chac+lech_silero+speech_va_singing,0.497,0.288,0.979,0.000
Music_nja_0BaQcNg.wav,Music,28.500,29.000,1,1,1,aed_khong_chac+lech_silero,0.355,0.376,0.987,0.153
Music_o26qoCYLdS8.wav,Music,80.000,81.000,2,2,1,aed_khong_chac+lech_silero,0.490,0.025,0.998,0.000
Music_uNIpbNgobVE.wav,Music,1.000,2.500,3,2,1,aed_khong_chac+lech_silero,0.642,0.010,0.305,0.127
Music_uNIpbNgobVE.wav,Music,22.500,23.000,1,1,1,aed_khong_chac+lech_silero,0.467,0.018,0.999,0.000
Music_v8KND_z--HA.wav,Music,3.000,3.500,1,1,1,lech_silero,0.777,0.073,0.862,0.483
Noise_2kVf_qNfblQ.wav,Noise,30.500,32.000,3,3,1,aed_khong_chac+lech_silero,0.503,0.172,0.678,0.000
Noise_2kVf_qNfblQ.wav,Noise,63.000,64.500,3,3,1,aed_khong_chac+lech_silero,0.520,0.054,0.495,0.000
Noise_4xp8qgZSbP4.wav,Noise,12.500,14.000,3,2,1,aed_khong_chac+lech_silero,0.553,0.014,0.128,0.000
Noise_4xp8qgZSbP4.wav,Noise,27.500,28.500,2,2,1,lech_silero,0.433,0.002,0.004,0.000
Noise_4xp8qgZSbP4.wav,Noise,29.000,29.500,1,1,1,aed_khong_chac+lech_silero,0.385,0.004,0.017,0.000
Noise_4xp8qgZSbP4.wav,Noise,38.000,39.500,3,3,1,lech_silero,0.531,0.192,0.145,0.000
Noise_4xp8qgZSbP4.wav,Noise,57.000,57.500,1,1,1,lech_silero,0.752,0.000,0.001,0.004
Noise_4xp8qgZSbP4.wav,Noise,71.500,74.500,6,4,1,aed_khong_chac+lech_silero,0.579,0.003,0.002,0.001
Noise_9a4qsMCX81E.wav,Noise,0.500,1.500,2,2,1,lech_silero,0.691,0.001,0.003,0.163
Noise_9a4qsMCX81E.wav,Noise,15.000,16.000,2,2,1,lech_silero,0.557,0.028,0.341,0.314
Noise_9a4qsMCX81E.wav,Noise,18.000,20.000,4,4,1,lech_silero,0.668,0.028,0.152,0.280
Noise_9a4qsMCX81E.wav,Noise,21.000,24.500,7,6,1,aed_khong_chac+lech_silero,0.521,0.036,0.364,0.069
Noise_9a4qsMCX81E.wav,Noise,27.000,28.000,2,2,1,aed_khong_chac+lech_silero,0.546,0.006,0.081,0.010
Noise_9a4qsMCX81E.wav,Noise,37.000,38.000,2,1,1,aed_khong_chac+lech_silero,0.355,0.033,0.028,0.003
Noise_9a4qsMCX81E.wav,Noise,49.000,51.500,5,5,1,aed_khong_chac+lech_silero,0.526,0.007,0.011,0.000
Noise_9a4qsMCX81E.wav,Noise,57.500,59.000,3,3,1,aed_khong_chac+lech_silero,0.562,0.157,0.062,0.000
Noise_9a4qsMCX81E.wav,Noise,60.000,66.000,12,12,1,aed_khong_chac+lech_silero,0.476,0.027,0.022,0.000
Noise_9a4qsMCX81E.wav,Noise,68.000,71.000,6,4,1,aed_khong_chac+lech_silero,0.487,0.050,0.027,0.000
Noise_9a4qsMCX81E.wav,Noise,71.500,76.000,9,9,1,aed_khong_chac+lech_silero,0.482,0.036,0.445,0.000
Noise_BAw342Xqxhs.wav,Noise,0.500,1.000,1,1,1,aed_khong_chac+lech_silero,0.366,0.006,0.017,0.015
Noise_BAw342Xqxhs.wav,Noise,14.500,15.500,2,2,1,aed_khong_chac+lech_silero,0.393,0.033,0.057,0.000
Noise_BAw342Xqxhs.wav,Noise,19.500,29.000,19,18,1,aed_khong_chac+lech_silero,0.673,0.020,0.029,0.000
Noise_BAw342Xqxhs.wav,Noise,41.500,42.500,2,2,1,aed_khong_chac+lech_silero,0.349,0.161,0.420,0.000
Noise_BAw342Xqxhs.wav,Noise,49.500,51.000,3,3,1,aed_khong_chac+lech_silero,0.412,0.203,0.840,0.000
Noise_BAw342Xqxhs.wav,Noise,62.500,63.500,2,1,1,aed_khong_chac+lech_silero,0.382,0.003,0.013,0.000
Noise_BAw342Xqxhs.wav,Noise,102.500,103.500,2,2,1,aed_khong_chac+lech_silero,0.461,0.005,0.003,0.000
Noise_BAw342Xqxhs.wav,Noise,104.000,104.500,1,1,1,aed_khong_chac+lech_silero,0.415,0.005,0.014,0.000
Noise_BAw342Xqxhs.wav,Noise,108.500,109.500,2,1,1,aed_khong_chac+lech_silero,0.336,0.002,0.003,0.000
Noise_BAw342Xqxhs.wav,Noise,113.000,115.500,5,5,1,lech_silero,0.891,0.002,0.002,0.002
Noise_BAw342Xqxhs.wav,Noise,116.000,117.500,3,2,1,aed_khong_chac+lech_silero,0.391,0.004,0.017,0.000
Noise_C7Kez-mefBU.wav,Noise,13.000,17.500,9,7,1,aed_khong_chac+lech_silero,0.431,0.009,0.220,0.000
Noise_C7Kez-mefBU.wav,Noise,24.500,25.500,2,2,1,aed_khong_chac+lech_silero,0.316,0.005,0.156,0.000
Noise_C7Kez-mefBU.wav,Noise,26.500,31.000,9,8,1,aed_khong_chac+lech_silero,0.452,0.003,0.055,0.000
Noise_C7Kez-mefBU.wav,Noise,31.500,34.000,5,4,1,aed_khong_chac+lech_silero,0.428,0.002,0.038,0.000
Noise_C7Kez-mefBU.wav,Noise,36.500,38.000,3,1,1,aed_khong_chac+lech_silero,0.397,0.002,0.029,0.000
Noise_C7Kez-mefBU.wav,Noise,38.500,40.000,3,1,1,aed_khong_chac+lech_silero,0.356,0.003,0.027,0.000
Noise_C7Kez-mefBU.wav,Noise,112.500,113.000,1,1,1,aed_khong_chac+lech_silero,0.403,0.002,0.052,0.000
Noise_C7Kez-mefBU.wav,Noise,113.500,118.000,9,8,1,aed_khong_chac+lech_silero,0.436,0.004,0.054,0.000
Noise_NwoEClQcsis.wav,Noise,44.500,46.500,4,2,1,aed_khong_chac+lech_silero,0.425,0.151,0.079,0.009
Noise_NwoEClQcsis.wav,Noise,48.000,50.000,4,4,1,lech_silero,0.499,0.020,0.033,0.000
Noise_S8BrFYIR26Y.wav,Noise,21.000,22.500,3,2,1,aed_khong_chac+lech_silero,0.451,0.001,0.002,0.060
Noise_S8BrFYIR26Y.wav,Noise,39.500,44.500,10,8,1,aed_khong_chac+lech_silero,0.544,0.022,0.932,0.000
Noise_S8BrFYIR26Y.wav,Noise,55.500,57.500,4,4,1,aed_khong_chac+lech_silero,0.418,0.071,0.841,0.000
Noise_S8BrFYIR26Y.wav,Noise,116.000,117.500,3,2,1,aed_khong_chac+lech_silero,0.380,0.001,0.008,0.000
Noise_SE38fPUuEo8.wav,Noise,1.500,2.000,1,1,1,aed_khong_chac+lech_silero,0.457,0.031,0.041,0.001
Noise_SE38fPUuEo8.wav,Noise,5.000,6.000,2,2,1,aed_khong_chac+lech_silero,0.589,0.016,0.061,0.001
Noise_SE38fPUuEo8.wav,Noise,11.500,12.500,2,2,1,lech_silero,0.482,0.039,0.111,0.000
Noise_U3_OM8-d9uk.wav,Noise,41.000,42.000,2,2,1,aed_khong_chac+lech_silero,0.336,0.001,0.005,0.000
Noise_U3_OM8-d9uk.wav,Noise,99.500,100.500,2,2,1,aed_khong_chac+lech_silero,0.345,0.001,0.012,0.000
Noise_elhDtPzffIQ.wav,Noise,42.000,43.000,2,2,1,aed_khong_chac+lech_silero,0.434,0.191,0.808,0.000
Noise_mZVPAwf9LUA.wav,Noise,10.000,11.500,3,3,1,aed_khong_chac+lech_silero,0.527,0.009,0.322,0.000
Noise_mZVPAwf9LUA.wav,Noise,13.000,14.500,3,3,1,aed_khong_chac+lech_silero,0.512,0.007,0.238,0.000
Noise_mZVPAwf9LUA.wav,Noise,17.000,19.500,5,4,1,aed_khong_chac+lech_silero,0.366,0.023,0.522,0.000
Noise_mZVPAwf9LUA.wav,Noise,26.000,27.500,3,3,1,lech_silero,0.562,0.003,0.250,0.000
Noise_mZVPAwf9LUA.wav,Noise,30.000,30.500,1,1,1,aed_khong_chac+lech_silero,0.416,0.010,0.183,0.000
Noise_mZVPAwf9LUA.wav,Noise,31.000,34.500,7,6,1,aed_khong_chac+lech_silero,0.471,0.008,0.388,0.000
Noise_mZVPAwf9LUA.wav,Noise,37.000,41.000,8,7,1,aed_khong_chac+lech_silero,0.612,0.010,0.475,0.000
Noise_mZVPAwf9LUA.wav,Noise,50.000,57.500,15,12,1,aed_khong_chac+lech_silero,0.533,0.006,0.243,0.000
Noise_mZVPAwf9LUA.wav,Noise,59.000,60.000,2,2,1,lech_silero,0.389,0.006,0.121,0.000
Noise_mZVPAwf9LUA.wav,Noise,61.000,62.500,3,2,1,aed_khong_chac+lech_silero,0.343,0.006,0.132,0.000
Noise_mZVPAwf9LUA.wav,Noise,66.000,70.000,8,8,1,aed_khong_chac+lech_silero,0.612,0.006,0.418,0.000
Noise_mZVPAwf9LUA.wav,Noise,87.500,88.000,1,1,1,aed_khong_chac+lech_silero,0.439,0.003,0.063,0.000
Noise_nYWaDjr8sfs.wav,Noise,37.500,40.000,5,3,1,aed_khong_chac+lech_silero,0.398,0.001,0.002,0.004
Noise_nYWaDjr8sfs.wav,Noise,95.000,96.000,2,2,1,lech_silero,0.372,0.001,0.003,0.000
Noise_sXJLT3kYdhk.wav,Noise,14.500,16.000,3,3,1,lech_silero,0.488,0.012,0.108,0.000
Noise_sXJLT3kYdhk.wav,Noise,28.000,29.500,3,3,1,aed_khong_chac+lech_silero,0.501,0.000,0.001,0.000
Noise_snOr94AWKSQ.wav,Noise,7.000,9.000,4,4,1,aed_khong_chac+lech_silero,0.756,0.046,0.204,0.165
Noise_snOr94AWKSQ.wav,Noise,10.500,11.500,2,2,1,lech_silero,0.539,0.158,0.336,0.012
Noise_snOr94AWKSQ.wav,Noise,12.000,13.500,3,3,1,aed_khong_chac+lech_silero,0.509,0.030,0.055,0.009
Noise_snOr94AWKSQ.wav,Noise,14.000,16.000,4,4,1,aed_khong_chac+lech_silero,0.475,0.018,0.145,0.048
Asm_3OfnqBTIGs4.wav,Asm,15.000,15.500,1,1,2,aed_khong_chac+silero_bo_sot_thi_tham,0.416,0.001,0.000,0.003
Asm_3OfnqBTIGs4.wav,Asm,16.000,18.000,4,4,2,aed_khong_chac+silero_bo_sot_thi_tham,0.841,0.000,0.000,0.025
Asm_3OfnqBTIGs4.wav,Asm,18.500,23.000,9,8,2,aed_khong_chac+silero_bo_sot_thi_tham,0.688,0.001,0.000,0.013
Asm_3OfnqBTIGs4.wav,Asm,24.500,26.500,4,4,2,silero_bo_sot_thi_tham,0.894,0.000,0.000,0.013
Asm_3OfnqBTIGs4.wav,Asm,27.500,29.000,3,3,2,silero_bo_sot_thi_tham,0.802,0.000,0.001,0.017
Asm_3OfnqBTIGs4.wav,Asm,32.500,33.000,1,1,2,silero_bo_sot_thi_tham,0.518,0.000,0.000,0.333
Asm_3OfnqBTIGs4.wav,Asm,33.500,34.000,1,1,2,silero_bo_sot_thi_tham,0.501,0.000,0.000,0.298
Asm_3OfnqBTIGs4.wav,Asm,35.000,35.500,1,1,2,silero_bo_sot_thi_tham,0.603,0.002,0.000,0.172
Asm_3OfnqBTIGs4.wav,Asm,36.000,36.500,1,1,2,aed_khong_chac+silero_bo_sot_thi_tham,0.304,0.000,0.000,0.394
Asm_3OfnqBTIGs4.wav,Asm,37.500,38.500,2,2,2,aed_khong_chac+silero_bo_sot_thi_tham,0.706,0.000,0.000,0.397
Asm_3OfnqBTIGs4.wav,Asm,39.500,40.000,1,1,2,aed_khong_chac+silero_bo_sot_thi_tham,0.366,0.007,0.002,0.006
Asm_3OfnqBTIGs4.wav,Asm,40.500,42.500,4,4,2,aed_khong_chac+silero_bo_sot_thi_tham,0.748,0.008,0.000,0.006
Asm_3OfnqBTIGs4.wav,Asm,44.500,45.500,2,2,2,silero_bo_sot_thi_tham,0.625,0.002,0.001,0.024
Asm_3OfnqBTIGs4.wav,Asm,46.000,51.000,10,9,2,aed_khong_chac+silero_bo_sot_thi_tham,0.771,0.001,0.004,0.001
Asm_3OfnqBTIGs4.wav,Asm,53.500,55.500,4,4,2,silero_bo_sot_thi_tham,0.750,0.000,0.000,0.000
Asm_3OfnqBTIGs4.wav,Asm,57.000,65.000,16,16,2,silero_bo_sot_thi_tham,0.806,0.004,0.000,0.000
Asm_3OfnqBTIGs4.wav,Asm,66.000,70.500,9,9,2,silero_bo_sot_thi_tham,0.944,0.001,0.000,0.000
Asm_3OfnqBTIGs4.wav,Asm,73.500,78.000,9,9,2,silero_bo_sot_thi_tham,0.821,0.002,0.002,0.000
Asm_3OfnqBTIGs4.wav,Asm,78.500,83.500,10,9,2,aed_khong_chac+silero_bo_sot_thi_tham,0.798,0.007,0.000,0.000
Asm_3OfnqBTIGs4.wav,Asm,85.000,87.000,4,4,2,aed_khong_chac+silero_bo_sot_thi_tham,0.621,0.004,0.000,0.000
Asm_3OfnqBTIGs4.wav,Asm,88.000,89.000,2,2,2,silero_bo_sot_thi_tham,0.764,0.001,0.000,0.000
Asm_3OfnqBTIGs4.wav,Asm,90.500,91.500,2,2,2,silero_bo_sot_thi_tham,0.735,0.001,0.001,0.000
Asm_3OfnqBTIGs4.wav,Asm,93.000,93.500,1,1,2,silero_bo_sot_thi_tham,0.604,0.000,0.003,0.000
Asm_3OfnqBTIGs4.wav,Asm,98.500,103.000,9,9,2,aed_khong_chac+silero_bo_sot_thi_tham,0.837,0.003,0.000,0.000
Asm_3OfnqBTIGs4.wav,Asm,105.500,113.500,16,15,2,aed_khong_chac+silero_bo_sot_thi_tham,0.811,0.002,0.000,0.000
Asm_3OfnqBTIGs4.wav,Asm,115.500,116.500,2,1,2,aed_khong_chac+silero_bo_sot_thi_tham,0.348,0.198,0.001,0.000
Asm_3OfnqBTIGs4.wav,Asm,118.500,120.000,3,3,2,aed_khong_chac+silero_bo_sot_thi_tham,0.578,0.004,0.000,0.000
Asm_3x5PzivPJ3Q.wav,Asm,2.000,2.500,1,1,2,aed_khong_chac+silero_bo_sot_thi_tham,0.422,0.000,0.000,0.078
Asm_3x5PzivPJ3Q.wav,Asm,7.000,8.000,2,2,2,silero_bo_sot_thi_tham,0.412,0.001,0.001,0.087
Asm_3x5PzivPJ3Q.wav,Asm,13.500,14.500,2,2,2,silero_bo_sot_thi_tham,0.433,0.001,0.001,0.084
Asm_3x5PzivPJ3Q.wav,Asm,37.500,38.000,1,1,2,silero_bo_sot_thi_tham,0.266,0.000,0.000,0.013
Asm_3x5PzivPJ3Q.wav,Asm,40.000,42.500,5,5,2,aed_khong_chac+silero_bo_sot_thi_tham,0.755,0.007,0.001,0.220
Asm_3x5PzivPJ3Q.wav,Asm,43.000,44.000,2,2,2,silero_bo_sot_thi_tham,0.352,0.002,0.001,0.304
Asm_3x5PzivPJ3Q.wav,Asm,48.500,49.000,1,1,2,silero_bo_sot_thi_tham,0.093,0.000,0.000,0.218
Asm_3x5PzivPJ3Q.wav,Asm,50.500,52.500,4,4,2,silero_bo_sot_thi_tham,0.920,0.001,0.001,0.330
Asm_3x5PzivPJ3Q.wav,Asm,55.000,55.500,1,1,2,silero_bo_sot_thi_tham,0.966,0.001,0.000,0.546
Asm_3x5PzivPJ3Q.wav,Asm,56.000,56.500,1,1,2,aed_khong_chac+silero_bo_sot_thi_tham,0.409,0.003,0.001,0.477
Asm_3x5PzivPJ3Q.wav,Asm,61.500,62.000,1,1,2,aed_khong_chac+silero_bo_sot_thi_tham,0.474,0.004,0.001,0.181
Asm_3x5PzivPJ3Q.wav,Asm,63.500,64.000,1,1,2,aed_khong_chac,0.497,0.000,0.003,0.572
Asm_3x5PzivPJ3Q.wav,Asm,64.500,65.000,1,1,2,silero_bo_sot_thi_tham,0.228,0.001,0.001,0.388
Asm_3x5PzivPJ3Q.wav,Asm,65.500,66.000,1,0,2,aed_khong_chac,0.423,0.003,0.026,0.197
Asm_3x5PzivPJ3Q.wav,Asm,66.500,67.000,1,1,2,aed_khong_chac,0.455,0.002,0.016,0.485
Asm_3x5PzivPJ3Q.wav,Asm,68.500,69.000,1,1,2,silero_bo_sot_thi_tham,0.988,0.001,0.001,0.401
Asm_3x5PzivPJ3Q.wav,Asm,70.500,71.500,2,2,2,aed_khong_chac+silero_bo_sot_thi_tham,0.477,0.023,0.000,0.198
Asm_3x5PzivPJ3Q.wav,Asm,74.000,74.500,1,1,2,silero_bo_sot_thi_tham,0.106,0.001,0.000,0.078
Asm_3x5PzivPJ3Q.wav,Asm,77.000,77.500,1,1,2,silero_bo_sot_thi_tham,0.774,0.005,0.004,0.396
Asm_3x5PzivPJ3Q.wav,Asm,79.500,80.000,1,1,2,aed_khong_chac+silero_bo_sot_thi_tham,0.462,0.022,0.001,0.272
Asm_3x5PzivPJ3Q.wav,Asm,81.000,81.500,1,1,2,silero_bo_sot_thi_tham,0.156,0.000,0.000,0.318
Asm_3x5PzivPJ3Q.wav,Asm,84.000,85.500,3,3,2,aed_khong_chac+silero_bo_sot_thi_tham,0.739,0.014,0.001,0.379
Asm_3x5PzivPJ3Q.wav,Asm,86.500,87.000,1,1,2,aed_khong_chac+silero_bo_sot_thi_tham,0.302,0.001,0.000,0.397
Asm_3x5PzivPJ3Q.wav,Asm,87.500,88.500,2,2,2,silero_bo_sot_thi_tham,0.672,0.002,0.000,0.244
Asm_3x5PzivPJ3Q.wav,Asm,91.000,91.500,1,1,2,silero_bo_sot_thi_tham,0.563,0.003,0.000,0.386
Asm_3x5PzivPJ3Q.wav,Asm,105.000,105.500,1,1,2,silero_bo_sot_thi_tham,0.906,0.001,0.002,0.235
Asm_3x5PzivPJ3Q.wav,Asm,119.000,120.000,2,2,2,silero_bo_sot_thi_tham,0.843,0.002,0.001,0.010
Asm_47Tep2TwUBw.wav,Asm,4.000,5.000,2,2,2,aed_khong_chac+silero_bo_sot_thi_tham,0.510,0.002,0.008,0.056
Asm_47Tep2TwUBw.wav,Asm,8.500,9.000,1,1,2,aed_khong_chac+silero_bo_sot_thi_tham,0.463,0.001,0.001,0.001
Asm_47Tep2TwUBw.wav,Asm,14.000,14.500,1,0,2,aed_khong_chac,0.346,0.001,0.000,0.002
Asm_47Tep2TwUBw.wav,Asm,15.500,18.500,6,6,2,silero_bo_sot_thi_tham,0.609,0.027,0.008,0.000
Asm_47Tep2TwUBw.wav,Asm,20.500,23.000,5,5,2,aed_khong_chac+silero_bo_sot_thi_tham,0.557,0.006,0.002,0.017
Asm_47Tep2TwUBw.wav,Asm,27.000,27.500,1,1,2,silero_bo_sot_thi_tham,0.637,0.002,0.001,0.001
Asm_47Tep2TwUBw.wav,Asm,28.500,34.000,11,11,2,silero_bo_sot_thi_tham,0.822,0.003,0.001,0.022
Asm_47Tep2TwUBw.wav,Asm,35.500,38.000,5,4,2,aed_khong_chac+silero_bo_sot_thi_tham,0.615,0.001,0.003,0.004
Asm_47Tep2TwUBw.wav,Asm,38.500,39.500,2,2,2,silero_bo_sot_thi_tham,0.647,0.025,0.022,0.002
Asm_47Tep2TwUBw.wav,Asm,40.000,40.500,1,1,2,silero_bo_sot_thi_tham,0.613,0.012,0.023,0.078
Asm_47Tep2TwUBw.wav,Asm,42.000,43.000,2,2,2,aed_khong_chac+silero_bo_sot_thi_tham,0.506,0.013,0.005,0.002
Asm_47Tep2TwUBw.wav,Asm,43.500,44.000,1,1,2,aed_khong_chac+silero_bo_sot_thi_tham,0.488,0.004,0.005,0.000
Asm_47Tep2TwUBw.wav,Asm,45.000,46.500,3,3,2,aed_khong_chac+silero_bo_sot_thi_tham,0.494,0.002,0.001,0.001
Asm_47Tep2TwUBw.wav,Asm,48.000,50.000,4,4,2,aed_khong_chac+silero_bo_sot_thi_tham,0.775,0.001,0.008,0.003
Asm_47Tep2TwUBw.wav,Asm,52.000,55.000,6,6,2,silero_bo_sot_thi_tham,0.864,0.001,0.001,0.001
Asm_47Tep2TwUBw.wav,Asm,55.500,59.000,7,6,2,aed_khong_chac+silero_bo_sot_thi_tham,0.725,0.001,0.001,0.001
Asm_47Tep2TwUBw.wav,Asm,59.500,60.500,2,2,2,silero_bo_sot_thi_tham,0.883,0.001,0.004,0.010
Asm_47Tep2TwUBw.wav,Asm,61.500,64.000,5,5,2,aed_khong_chac+silero_bo_sot_thi_tham,0.727,0.000,0.001,0.125
Asm_47Tep2TwUBw.wav,Asm,65.000,67.000,4,4,2,aed_khong_chac+silero_bo_sot_thi_tham,0.563,0.000,0.000,0.038
Asm_47Tep2TwUBw.wav,Asm,67.500,69.000,3,3,2,silero_bo_sot_thi_tham,0.717,0.001,0.001,0.002
Asm_47Tep2TwUBw.wav,Asm,69.500,70.500,2,2,2,aed_khong_chac+silero_bo_sot_thi_tham,0.663,0.002,0.003,0.000
Asm_47Tep2TwUBw.wav,Asm,71.000,73.500,5,5,2,silero_bo_sot_thi_tham,0.661,0.001,0.000,0.000
Asm_47Tep2TwUBw.wav,Asm,74.000,77.000,6,6,2,silero_bo_sot_thi_tham,0.748,0.003,0.002,0.000
Asm_47Tep2TwUBw.wav,Asm,78.000,78.500,1,1,2,silero_bo_sot_thi_tham,0.273,0.001,0.005,0.000
Asm_47Tep2TwUBw.wav,Asm,79.000,80.000,2,2,2,silero_bo_sot_thi_tham,0.769,0.003,0.031,0.000
Asm_47Tep2TwUBw.wav,Asm,80.500,84.500,8,7,2,aed_khong_chac+silero_bo_sot_thi_tham,0.624,0.007,0.034,0.000
Asm_47Tep2TwUBw.wav,Asm,85.500,87.000,3,3,2,silero_bo_sot_thi_tham,0.921,0.001,0.006,0.000
Asm_47Tep2TwUBw.wav,Asm,88.000,91.500,7,7,2,aed_khong_chac+silero_bo_sot_thi_tham,0.665,0.002,0.005,0.000
Asm_47Tep2TwUBw.wav,Asm,92.500,100.000,15,14,2,aed_khong_chac+silero_bo_sot_thi_tham,0.795,0.008,0.013,0.000
Asm_47Tep2TwUBw.wav,Asm,100.500,102.500,4,4,2,silero_bo_sot_thi_tham,0.579,0.005,0.019,0.000
Asm_47Tep2TwUBw.wav,Asm,103.500,111.000,15,14,2,aed_khong_chac+silero_bo_sot_thi_tham,0.791,0.003,0.007,0.003
Asm_47Tep2TwUBw.wav,Asm,112.000,114.500,5,5,2,silero_bo_sot_thi_tham,0.757,0.044,0.002,0.002
Asm_47Tep2TwUBw.wav,Asm,115.500,120.000,9,9,2,aed_khong_chac+silero_bo_sot_thi_tham,0.798,0.002,0.002,0.002
Asm_8cp9laDLaiM.wav,Asm,16.500,17.500,2,2,2,silero_bo_sot_thi_tham,0.392,0.003,0.000,0.031
Asm_8cp9laDLaiM.wav,Asm,21.500,22.000,1,0,2,aed_khong_chac,0.312,0.000,0.000,0.000
Asm_8cp9laDLaiM.wav,Asm,25.000,27.000,4,3,2,aed_khong_chac+silero_bo_sot_thi_tham,0.486,0.000,0.000,0.001
Asm_8cp9laDLaiM.wav,Asm,27.500,28.500,2,2,2,silero_bo_sot_thi_tham,0.470,0.000,0.000,0.001
Asm_8cp9laDLaiM.wav,Asm,31.000,33.000,4,4,2,silero_bo_sot_thi_tham,0.748,0.001,0.000,0.004
Asm_8cp9laDLaiM.wav,Asm,39.500,41.000,3,3,2,aed_khong_chac+silero_bo_sot_thi_tham,0.425,0.039,0.012,0.029
Asm_8cp9laDLaiM.wav,Asm,41.500,42.500,2,1,2,aed_khong_chac+silero_bo_sot_thi_tham,0.366,0.003,0.009,0.001
Asm_8cp9laDLaiM.wav,Asm,45.500,46.500,2,2,2,silero_bo_sot_thi_tham,0.683,0.011,0.002,0.004
Asm_8cp9laDLaiM.wav,Asm,47.000,48.000,2,2,2,silero_bo_sot_thi_tham,0.551,0.004,0.002,0.021
Asm_8cp9laDLaiM.wav,Asm,51.000,52.500,3,3,2,silero_bo_sot_thi_tham,0.487,0.005,0.006,0.002
Asm_8cp9laDLaiM.wav,Asm,56.000,57.000,2,2,2,silero_bo_sot_thi_tham,0.718,0.005,0.008,0.017
Asm_8cp9laDLaiM.wav,Asm,63.000,65.000,4,4,2,aed_khong_chac+silero_bo_sot_thi_tham,0.611,0.001,0.000,0.000
Asm_8cp9laDLaiM.wav,Asm,67.000,68.500,3,3,2,aed_khong_chac+silero_bo_sot_thi_tham,0.521,0.009,0.001,0.000
Asm_8cp9laDLaiM.wav,Asm,69.500,71.500,4,4,2,silero_bo_sot_thi_tham,0.775,0.005,0.001,0.003
Asm_8cp9laDLaiM.wav,Asm,74.000,76.500,5,5,2,aed_khong_chac+silero_bo_sot_thi_tham,0.511,0.007,0.001,0.002
Asm_8cp9laDLaiM.wav,Asm,77.500,78.500,2,2,2,aed_khong_chac+silero_bo_sot_thi_tham,0.534,0.002,0.002,0.000
Asm_8cp9laDLaiM.wav,Asm,82.500,83.500,2,2,2,aed_khong_chac+silero_bo_sot_thi_tham,0.449,0.009,0.001,0.001
Asm_8cp9laDLaiM.wav,Asm,87.000,89.000,4,4,2,silero_bo_sot_thi_tham,0.603,0.023,0.028,0.010
Asm_8cp9laDLaiM.wav,Asm,93.000,94.500,3,2,2,aed_khong_chac+silero_bo_sot_thi_tham,0.406,0.008,0.001,0.008
Asm_8cp9laDLaiM.wav,Asm,108.000,110.000,4,3,2,aed_khong_chac+silero_bo_sot_thi_tham,0.600,0.004,0.000,0.005
Asm_8cp9laDLaiM.wav,Asm,115.000,116.000,2,2,2,aed_khong_chac+silero_bo_sot_thi_tham,0.580,0.061,0.002,0.008
Asm_8cp9laDLaiM.wav,Asm,116.500,119.500,6,5,2,aed_khong_chac+silero_bo_sot_thi_tham,0.555,0.016,0.001,0.024
Asm_B3tUIst9qSk.wav,Asm,27.500,28.500,2,2,2,aed_khong_chac+silero_bo_sot_thi_tham,0.414,0.001,0.000,0.000
Asm_B3tUIst9qSk.wav,Asm,36.000,37.500,3,3,2,silero_bo_sot_thi_tham,0.699,0.002,0.000,0.000
Asm_B3tUIst9qSk.wav,Asm,46.500,49.000,5,5,2,silero_bo_sot_thi_tham,0.887,0.008,0.000,0.000
Asm_B3tUIst9qSk.wav,Asm,53.500,55.500,4,3,2,aed_khong_chac+silero_bo_sot_thi_tham,0.584,0.001,0.000,0.004
Asm_B3tUIst9qSk.wav,Asm,57.500,59.000,3,3,2,aed_khong_chac+silero_bo_sot_thi_tham,0.344,0.001,0.000,0.001
Asm_B3tUIst9qSk.wav,Asm,68.500,69.500,2,1,2,aed_khong_chac+silero_bo_sot_thi_tham,0.364,0.011,0.001,0.000
Asm_B3tUIst9qSk.wav,Asm,78.500,79.000,1,1,2,aed_khong_chac+silero_bo_sot_thi_tham,0.359,0.000,0.001,0.013
Asm_B3tUIst9qSk.wav,Asm,79.500,81.500,4,4,2,aed_khong_chac+silero_bo_sot_thi_tham,0.744,0.001,0.000,0.001
Asm_B3tUIst9qSk.wav,Asm,109.000,115.500,13,13,2,aed_khong_chac+silero_bo_sot_thi_tham,0.777,0.003,0.000,0.003
Asm_B3tUIst9qSk.wav,Asm,116.500,120.000,7,7,2,aed_khong_chac+silero_bo_sot_thi_tham,0.716,0.002,0.001,0.001
Asm_E_ZZn6St3vw.wav,Asm,11.000,12.500,3,3,2,aed_khong_chac+silero_bo_sot_thi_tham,0.371,0.003,0.001,0.001
Asm_E_ZZn6St3vw.wav,Asm,98.000,99.000,2,1,2,aed_khong_chac+silero_bo_sot_thi_tham,0.345,0.000,0.000,0.013
Asm_E_ZZn6St3vw.wav,Asm,101.000,102.000,2,1,2,aed_khong_chac+silero_bo_sot_thi_tham,0.463,0.001,0.000,0.015
Asm_FfyD6meDspM.wav,Asm,1.000,2.500,3,3,2,aed_khong_chac+silero_bo_sot_thi_tham,0.695,0.028,0.002,0.390
Asm_FfyD6meDspM.wav,Asm,8.000,9.500,3,2,2,aed_khong_chac+silero_bo_sot_thi_tham,0.710,0.006,0.001,0.019
Asm_FfyD6meDspM.wav,Asm,12.000,14.000,4,4,2,silero_bo_sot_thi_tham,0.677,0.002,0.001,0.014
Asm_FfyD6meDspM.wav,Asm,16.000,17.500,3,3,2,silero_bo_sot_thi_tham,0.852,0.001,0.001,0.010
Asm_FfyD6meDspM.wav,Asm,20.500,21.000,1,1,2,aed_khong_chac+silero_bo_sot_thi_tham,0.399,0.001,0.005,0.001
Asm_FfyD6meDspM.wav,Asm,23.000,26.500,7,7,2,aed_khong_chac+silero_bo_sot_thi_tham,0.587,0.001,0.002,0.002
Asm_FfyD6meDspM.wav,Asm,27.500,30.500,6,6,2,aed_khong_chac+silero_bo_sot_thi_tham,0.657,0.083,0.004,0.046
Asm_FfyD6meDspM.wav,Asm,45.500,47.500,4,4,2,silero_bo_sot_thi_tham,0.572,0.001,0.000,0.033
Asm_FfyD6meDspM.wav,Asm,50.500,51.500,2,2,2,aed_khong_chac+silero_bo_sot_thi_tham,0.618,0.002,0.000,0.020
Asm_FfyD6meDspM.wav,Asm,53.500,54.000,1,1,2,aed_khong_chac+silero_bo_sot_thi_tham,0.464,0.000,0.000,0.003
Asm_FfyD6meDspM.wav,Asm,54.500,55.000,1,1,2,silero_bo_sot_thi_tham,0.655,0.000,0.000,0.079
Asm_FfyD6meDspM.wav,Asm,56.000,57.500,3,2,2,aed_khong_chac+silero_bo_sot_thi_tham,0.357,0.001,0.000,0.029
Asm_FfyD6meDspM.wav,Asm,60.000,61.500,3,3,2,aed_khong_chac+silero_bo_sot_thi_tham,0.629,0.005,0.001,0.027
Asm_FfyD6meDspM.wav,Asm,62.500,64.000,3,3,2,silero_bo_sot_thi_tham,0.907,0.001,0.006,0.006
Asm_FfyD6meDspM.wav,Asm,64.500,65.500,2,2,2,silero_bo_sot_thi_tham,0.547,0.001,0.000,0.057
Asm_FfyD6meDspM.wav,Asm,66.500,71.000,9,9,2,aed_khong_chac+silero_bo_sot_thi_tham,0.787,0.003,0.001,0.030
Asm_FfyD6meDspM.wav,Asm,73.000,75.000,4,4,2,aed_khong_chac+silero_bo_sot_thi_tham,0.627,0.005,0.002,0.008
Asm_FfyD6meDspM.wav,Asm,75.500,76.500,2,1,2,aed_khong_chac+silero_bo_sot_thi_tham,0.492,0.027,0.001,0.003
Asm_FfyD6meDspM.wav,Asm,78.000,78.500,1,0,2,aed_khong_chac,0.312,0.009,0.000,0.001
Asm_FfyD6meDspM.wav,Asm,79.000,81.000,4,4,2,silero_bo_sot_thi_tham,0.862,0.004,0.001,0.020
Asm_FfyD6meDspM.wav,Asm,82.000,87.000,10,9,2,aed_khong_chac+silero_bo_sot_thi_tham,0.693,0.002,0.002,0.003
Asm_FfyD6meDspM.wav,Asm,88.000,89.500,3,3,2,aed_khong_chac+silero_bo_sot_thi_tham,0.771,0.005,0.000,0.006
Asm_FfyD6meDspM.wav,Asm,93.500,95.000,3,3,2,aed_khong_chac+silero_bo_sot_thi_tham,0.718,0.001,0.000,0.087
Asm_FfyD6meDspM.wav,Asm,100.500,103.500,6,6,2,aed_khong_chac+silero_bo_sot_thi_tham,0.684,0.003,0.001,0.123
Asm_FfyD6meDspM.wav,Asm,104.000,106.000,4,4,2,silero_bo_sot_thi_tham,0.720,0.001,0.002,0.130
Asm_FfyD6meDspM.wav,Asm,108.000,108.500,1,1,2,aed_khong_chac+silero_bo_sot_thi_tham,0.468,0.000,0.000,0.014
Asm_FfyD6meDspM.wav,Asm,114.500,115.500,2,1,2,aed_khong_chac+silero_bo_sot_thi_tham,0.464,0.002,0.001,0.003
Asm_FfyD6meDspM.wav,Asm,116.500,119.000,5,5,2,silero_bo_sot_thi_tham,0.888,0.003,0.002,0.038
Asm_FfyD6meDspM.wav,Asm,119.500,120.000,1,0,2,aed_khong_chac,0.412,0.007,0.014,0.010
Asm_IVnd7RZQhAY.wav,Asm,1.500,4.000,5,5,2,aed_khong_chac+silero_bo_sot_thi_tham,0.784,0.001,0.002,0.066
Asm_IVnd7RZQhAY.wav,Asm,4.500,9.000,9,9,2,aed_khong_chac+silero_bo_sot_thi_tham,0.776,0.004,0.001,0.007
Asm_IVnd7RZQhAY.wav,Asm,9.500,11.500,4,4,2,aed_khong_chac+silero_bo_sot_thi_tham,0.538,0.005,0.011,0.003
Asm_IVnd7RZQhAY.wav,Asm,12.000,12.500,1,0,2,aed_khong_chac,0.345,0.002,0.004,0.002
Asm_IVnd7RZQhAY.wav,Asm,13.000,15.500,5,5,2,aed_khong_chac+silero_bo_sot_thi_tham,0.607,0.002,0.000,0.001
Asm_IVnd7RZQhAY.wav,Asm,16.500,32.000,31,31,2,aed_khong_chac+silero_bo_sot_thi_tham,0.796,0.004,0.002,0.000
Asm_IVnd7RZQhAY.wav,Asm,32.500,38.500,12,12,2,silero_bo_sot_thi_tham,0.902,0.004,0.007,0.000
Asm_IVnd7RZQhAY.wav,Asm,39.000,41.500,5,5,2,silero_bo_sot_thi_tham,0.752,0.010,0.002,0.000
Asm_IVnd7RZQhAY.wav,Asm,47.000,50.500,7,7,2,silero_bo_sot_thi_tham,0.851,0.002,0.003,0.000
Asm_IVnd7RZQhAY.wav,Asm,51.000,53.000,4,4,2,silero_bo_sot_thi_tham,0.783,0.001,0.000,0.000
Asm_IVnd7RZQhAY.wav,Asm,53.500,57.000,7,7,2,silero_bo_sot_thi_tham,0.877,0.002,0.000,0.000
Asm_IVnd7RZQhAY.wav,Asm,59.000,61.500,5,5,2,silero_bo_sot_thi_tham,0.757,0.001,0.000,0.000
Asm_IVnd7RZQhAY.wav,Asm,66.500,67.500,2,2,2,aed_khong_chac+silero_bo_sot_thi_tham,0.336,0.001,0.000,0.000
Asm_IVnd7RZQhAY.wav,Asm,69.000,71.000,4,4,2,aed_khong_chac+silero_bo_sot_thi_tham,0.648,0.001,0.000,0.000
Asm_IVnd7RZQhAY.wav,Asm,72.000,73.500,3,3,2,aed_khong_chac+silero_bo_sot_thi_tham,0.655,0.000,0.001,0.000
Asm_IVnd7RZQhAY.wav,Asm,74.000,98.000,48,47,2,aed_khong_chac+silero_bo_sot_thi_tham,0.763,0.010,0.017,0.000
Asm_IVnd7RZQhAY.wav,Asm,99.000,103.000,8,7,2,aed_khong_chac+silero_bo_sot_thi_tham,0.664,0.007,0.001,0.000
Asm_IVnd7RZQhAY.wav,Asm,105.000,106.500,3,3,2,silero_bo_sot_thi_tham,0.607,0.001,0.000,0.000
Asm_IVnd7RZQhAY.wav,Asm,107.000,114.500,15,15,2,silero_bo_sot_thi_tham,0.858,0.003,0.001,0.000
Asm_IVnd7RZQhAY.wav,Asm,115.000,118.000,6,6,2,silero_bo_sot_thi_tham,0.873,0.001,0.001,0.000
Asm_KtEz6DSAgsc.wav,Asm,6.500,8.500,4,4,2,silero_bo_sot_thi_tham,0.698,0.000,0.000,0.000
Asm_KtEz6DSAgsc.wav,Asm,34.000,35.000,2,2,2,aed_khong_chac+silero_bo_sot_thi_tham,0.445,0.000,0.001,0.000
Asm_KtEz6DSAgsc.wav,Asm,36.000,36.500,1,1,2,silero_bo_sot_thi_tham,0.895,0.000,0.000,0.000
Asm_KtEz6DSAgsc.wav,Asm,37.500,44.500,14,14,2,aed_khong_chac+silero_bo_sot_thi_tham,0.612,0.000,0.000,0.000
Asm_KtEz6DSAgsc.wav,Asm,47.000,48.000,2,2,2,aed_khong_chac+silero_bo_sot_thi_tham,0.336,0.001,0.000,0.000
Asm_KtEz6DSAgsc.wav,Asm,48.500,49.000,1,1,2,aed_khong_chac+silero_bo_sot_thi_tham,0.351,0.001,0.001,0.000
Asm_KtEz6DSAgsc.wav,Asm,49.500,50.000,1,1,2,silero_bo_sot_thi_tham,0.521,0.001,0.000,0.000
Asm_KtEz6DSAgsc.wav,Asm,52.500,53.500,2,2,2,aed_khong_chac+silero_bo_sot_thi_tham,0.491,0.000,0.000,0.000
Asm_KtEz6DSAgsc.wav,Asm,56.000,60.500,9,9,2,aed_khong_chac+silero_bo_sot_thi_tham,0.534,0.028,0.003,0.000
Asm_KtEz6DSAgsc.wav,Asm,62.000,64.000,4,4,2,aed_khong_chac+silero_bo_sot_thi_tham,0.545,0.001,0.000,0.000
Asm_KtEz6DSAgsc.wav,Asm,64.500,67.000,5,5,2,aed_khong_chac+silero_bo_sot_thi_tham,0.495,0.000,0.001,0.000
Asm_KtEz6DSAgsc.wav,Asm,69.000,70.000,2,2,2,aed_khong_chac+silero_bo_sot_thi_tham,0.323,0.001,0.000,0.000
Asm_KtEz6DSAgsc.wav,Asm,72.000,73.500,3,3,2,silero_bo_sot_thi_tham,0.606,0.002,0.001,0.000
Asm_KtEz6DSAgsc.wav,Asm,79.000,80.000,2,2,2,aed_khong_chac+silero_bo_sot_thi_tham,0.397,0.001,0.001,0.000
Asm_KtEz6DSAgsc.wav,Asm,81.000,82.500,3,1,2,aed_khong_chac+silero_bo_sot_thi_tham,0.358,0.000,0.000,0.000
Asm_KtEz6DSAgsc.wav,Asm,83.500,85.000,3,3,2,silero_bo_sot_thi_tham,0.682,0.000,0.002,0.000
Asm_KtEz6DSAgsc.wav,Asm,87.500,89.000,3,2,2,aed_khong_chac+silero_bo_sot_thi_tham,0.582,0.000,0.000,0.000
Asm_KtEz6DSAgsc.wav,Asm,90.000,96.500,13,12,2,aed_khong_chac+silero_bo_sot_thi_tham,0.780,0.000,0.000,0.000
Asm_KtEz6DSAgsc.wav,Asm,100.000,101.000,2,2,2,aed_khong_chac+silero_bo_sot_thi_tham,0.584,0.006,0.000,0.000
Asm_KtEz6DSAgsc.wav,Asm,107.000,111.500,9,9,2,aed_khong_chac+silero_bo_sot_thi_tham,0.692,0.002,0.000,0.000
Asm_KtEz6DSAgsc.wav,Asm,114.500,116.500,4,4,2,aed_khong_chac+silero_bo_sot_thi_tham,0.634,0.002,0.000,0.000
Asm_MUgbipftcgs.wav,Asm,6.000,7.000,2,0,2,aed_khong_chac,0.340,0.054,0.000,0.012
Asm_MUgbipftcgs.wav,Asm,7.500,9.000,3,3,2,aed_khong_chac+silero_bo_sot_thi_tham,0.746,0.001,0.000,0.006
Asm_MUgbipftcgs.wav,Asm,11.500,17.000,11,11,2,aed_khong_chac+silero_bo_sot_thi_tham,0.577,0.015,0.000,0.002
Asm_MUgbipftcgs.wav,Asm,20.000,23.500,7,7,2,silero_bo_sot_thi_tham,0.763,0.028,0.000,0.002
Asm_MUgbipftcgs.wav,Asm,25.500,26.000,1,0,2,aed_khong_chac,0.301,0.000,0.001,0.000
Asm_MUgbipftcgs.wav,Asm,31.500,33.500,4,4,2,aed_khong_chac+silero_bo_sot_thi_tham,0.488,0.004,0.002,0.006
Asm_MUgbipftcgs.wav,Asm,35.000,37.000,4,3,2,aed_khong_chac+silero_bo_sot_thi_tham,0.589,0.016,0.001,0.027
Asm_MUgbipftcgs.wav,Asm,38.500,40.500,4,4,2,aed_khong_chac+silero_bo_sot_thi_tham,0.534,0.007,0.001,0.010
Asm_MUgbipftcgs.wav,Asm,41.000,43.000,4,4,2,aed_khong_chac+silero_bo_sot_thi_tham,0.659,0.003,0.000,0.006
Asm_MUgbipftcgs.wav,Asm,50.000,53.000,6,6,2,aed_khong_chac+silero_bo_sot_thi_tham,0.713,0.004,0.001,0.005
Asm_MUgbipftcgs.wav,Asm,68.000,69.000,2,2,2,aed_khong_chac+silero_bo_sot_thi_tham,0.370,0.005,0.001,0.010
Asm_MUgbipftcgs.wav,Asm,74.500,75.500,2,2,2,aed_khong_chac+silero_bo_sot_thi_tham,0.423,0.001,0.000,0.007
Asm_MUgbipftcgs.wav,Asm,76.500,77.500,2,2,2,aed_khong_chac+silero_bo_sot_thi_tham,0.414,0.002,0.000,0.005
Asm_MUgbipftcgs.wav,Asm,78.000,79.000,2,0,2,aed_khong_chac,0.322,0.002,0.000,0.017
Asm_MUgbipftcgs.wav,Asm,82.500,85.000,5,5,2,silero_bo_sot_thi_tham,0.688,0.004,0.000,0.011
Asm_MUgbipftcgs.wav,Asm,91.000,93.500,5,5,2,aed_khong_chac+silero_bo_sot_thi_tham,0.458,0.005,0.000,0.002
Asm_MUgbipftcgs.wav,Asm,105.000,106.500,3,2,2,aed_khong_chac+silero_bo_sot_thi_tham,0.440,0.006,0.000,0.004
Asm_MUgbipftcgs.wav,Asm,107.500,109.500,4,3,2,aed_khong_chac+silero_bo_sot_thi_tham,0.639,0.005,0.000,0.016
Asm_O_DCdDWGv_s.wav,Asm,6.500,8.000,3,3,2,aed_khong_chac+silero_bo_sot_thi_tham,0.752,0.000,0.000,0.380
Asm_O_DCdDWGv_s.wav,Asm,16.500,17.000,1,1,2,silero_bo_sot_thi_tham,0.547,0.000,0.001,0.428
Asm_O_DCdDWGv_s.wav,Asm,19.000,20.500,3,3,2,silero_bo_sot_thi_tham,0.826,0.000,0.005,0.449
Asm_O_DCdDWGv_s.wav,Asm,21.500,22.000,1,1,2,silero_bo_sot_thi_tham,0.553,0.000,0.003,0.252
Asm_O_DCdDWGv_s.wav,Asm,24.500,25.000,1,1,2,silero_bo_sot_thi_tham,0.884,0.001,0.001,0.512
Asm_O_DCdDWGv_s.wav,Asm,25.500,27.500,4,3,2,aed_khong_chac+silero_bo_sot_thi_tham,0.635,0.001,0.000,0.426
Asm_O_DCdDWGv_s.wav,Asm,31.000,31.500,1,1,2,silero_bo_sot_thi_tham,0.586,0.000,0.002,0.499
Asm_O_DCdDWGv_s.wav,Asm,32.500,33.000,1,1,2,silero_bo_sot_thi_tham,0.959,0.001,0.003,0.411
Asm_O_DCdDWGv_s.wav,Asm,36.000,37.000,2,2,2,silero_bo_sot_thi_tham,0.897,0.002,0.000,0.297
Asm_O_DCdDWGv_s.wav,Asm,38.000,38.500,1,1,2,silero_bo_sot_thi_tham,0.879,0.002,0.001,0.532
Asm_O_DCdDWGv_s.wav,Asm,39.500,40.000,1,1,2,silero_bo_sot_thi_tham,0.997,0.000,0.000,0.455
Asm_O_DCdDWGv_s.wav,Asm,44.000,45.000,2,2,2,aed_khong_chac+silero_bo_sot_thi_tham,0.557,0.001,0.000,0.642
Asm_O_DCdDWGv_s.wav,Asm,46.500,47.000,1,1,2,aed_khong_chac,0.460,0.002,0.005,0.747
Asm_O_DCdDWGv_s.wav,Asm,50.500,51.000,1,1,2,silero_bo_sot_thi_tham,0.942,0.000,0.014,0.418
Asm_O_DCdDWGv_s.wav,Asm,51.500,52.000,1,1,2,aed_khong_chac+silero_bo_sot_thi_tham,0.319,0.000,0.001,0.317
Asm_O_DCdDWGv_s.wav,Asm,53.500,54.000,1,1,2,silero_bo_sot_thi_tham,0.961,0.002,0.001,0.389
Asm_O_DCdDWGv_s.wav,Asm,55.500,56.000,1,1,2,aed_khong_chac,0.432,0.000,0.000,0.846
Asm_O_DCdDWGv_s.wav,Asm,60.000,60.500,1,1,2,aed_khong_chac+silero_bo_sot_thi_tham,0.333,0.005,0.011,0.264
Asm_O_DCdDWGv_s.wav,Asm,64.500,65.000,1,1,2,silero_bo_sot_thi_tham,0.676,0.000,0.002,0.496
Asm_O_DCdDWGv_s.wav,Asm,65.500,67.000,3,3,2,silero_bo_sot_thi_tham,0.927,0.001,0.001,0.418
Asm_O_DCdDWGv_s.wav,Asm,68.500,70.500,4,4,2,silero_bo_sot_thi_tham,0.850,0.001,0.001,0.316
Asm_O_DCdDWGv_s.wav,Asm,73.500,74.500,2,1,2,aed_khong_chac,0.343,0.000,0.000,0.535
Asm_O_DCdDWGv_s.wav,Asm,78.500,79.500,2,2,2,aed_khong_chac+silero_bo_sot_thi_tham,0.561,0.000,0.003,0.339
Asm_O_DCdDWGv_s.wav,Asm,82.500,83.500,2,2,2,aed_khong_chac+silero_bo_sot_thi_tham,0.653,0.000,0.000,0.384
Asm_O_DCdDWGv_s.wav,Asm,97.500,98.000,1,0,2,aed_khong_chac,0.400,0.006,0.004,0.296
Asm_O_DCdDWGv_s.wav,Asm,99.000,99.500,1,1,2,aed_khong_chac+silero_bo_sot_thi_tham,0.363,0.002,0.000,0.242
Asm_O_DCdDWGv_s.wav,Asm,105.500,108.000,5,5,2,aed_khong_chac+silero_bo_sot_thi_tham,0.560,0.001,0.001,0.279
Asm_O_DCdDWGv_s.wav,Asm,109.500,110.500,2,2,2,silero_bo_sot_thi_tham,0.735,0.002,0.000,0.332
Asm_O_DCdDWGv_s.wav,Asm,112.000,112.500,1,1,2,silero_bo_sot_thi_tham,0.731,0.003,0.002,0.411
Asm_O_DCdDWGv_s.wav,Asm,113.000,113.500,1,1,2,silero_bo_sot_thi_tham,0.201,0.000,0.001,0.284
Asm_O_DCdDWGv_s.wav,Asm,115.500,117.000,3,3,2,aed_khong_chac+silero_bo_sot_thi_tham,0.560,0.005,0.001,0.399
Asm_O_DCdDWGv_s.wav,Asm,117.500,118.000,1,1,2,aed_khong_chac,0.355,0.000,0.001,0.470
Asm_QkpygCY47ME.wav,Asm,101.500,102.500,2,1,2,aed_khong_chac+silero_bo_sot_thi_tham,0.386,0.003,0.000,0.005
Asm_QkpygCY47ME.wav,Asm,106.500,107.500,2,2,2,aed_khong_chac+silero_bo_sot_thi_tham,0.467,0.000,0.000,0.000
Asm_QkpygCY47ME.wav,Asm,109.500,110.000,1,1,2,aed_khong_chac+silero_bo_sot_thi_tham,0.372,0.001,0.000,0.002
Asm_QkpygCY47ME.wav,Asm,110.500,112.000,3,3,2,aed_khong_chac+silero_bo_sot_thi_tham,0.389,0.001,0.000,0.002
Asm_SlfTbgAyOEI.wav,Asm,0.500,2.000,3,3,2,silero_bo_sot_thi_tham,0.754,0.043,0.004,0.204
Asm_SlfTbgAyOEI.wav,Asm,2.500,3.500,2,1,2,aed_khong_chac+silero_bo_sot_thi_tham,0.380,0.002,0.001,0.107
Asm_SlfTbgAyOEI.wav,Asm,4.000,5.000,2,2,2,aed_khong_chac+silero_bo_sot_thi_tham,0.511,0.005,0.000,0.071
Asm_SlfTbgAyOEI.wav,Asm,8.500,9.500,2,2,2,silero_bo_sot_thi_tham,0.511,0.002,0.000,0.012
Asm_SlfTbgAyOEI.wav,Asm,11.500,12.000,1,1,2,silero_bo_sot_thi_tham,0.251,0.001,0.000,0.000
Asm_SlfTbgAyOEI.wav,Asm,13.000,15.000,4,4,2,aed_khong_chac+silero_bo_sot_thi_tham,0.636,0.014,0.001,0.001
Asm_SlfTbgAyOEI.wav,Asm,16.000,17.000,2,2,2,aed_khong_chac+silero_bo_sot_thi_tham,0.513,0.001,0.000,0.000
Asm_SlfTbgAyOEI.wav,Asm,19.000,22.500,7,7,2,aed_khong_chac+silero_bo_sot_thi_tham,0.620,0.031,0.000,0.001
Asm_SlfTbgAyOEI.wav,Asm,23.500,25.000,3,3,2,silero_bo_sot_thi_tham,0.412,0.004,0.002,0.008
Asm_SlfTbgAyOEI.wav,Asm,25.500,27.000,3,3,2,silero_bo_sot_thi_tham,0.802,0.000,0.000,0.002
Asm_SlfTbgAyOEI.wav,Asm,28.000,29.500,3,2,2,aed_khong_chac+silero_bo_sot_thi_tham,0.469,0.001,0.001,0.007
Asm_SlfTbgAyOEI.wav,Asm,30.000,32.000,4,4,2,aed_khong_chac+silero_bo_sot_thi_tham,0.691,0.006,0.001,0.001
Asm_SlfTbgAyOEI.wav,Asm,33.500,35.000,3,3,2,aed_khong_chac+silero_bo_sot_thi_tham,0.558,0.001,0.000,0.007
Asm_SlfTbgAyOEI.wav,Asm,35.500,37.000,3,3,2,silero_bo_sot_thi_tham,0.522,0.001,0.000,0.039
Asm_SlfTbgAyOEI.wav,Asm,37.500,39.500,4,4,2,aed_khong_chac+silero_bo_sot_thi_tham,0.524,0.005,0.000,0.010
Asm_SlfTbgAyOEI.wav,Asm,41.500,44.000,5,5,2,aed_khong_chac+silero_bo_sot_thi_tham,0.682,0.010,0.000,0.011
Asm_SlfTbgAyOEI.wav,Asm,44.500,46.000,3,3,2,aed_khong_chac+silero_bo_sot_thi_tham,0.357,0.001,0.000,0.001
Asm_SlfTbgAyOEI.wav,Asm,46.500,51.000,9,9,2,aed_khong_chac+silero_bo_sot_thi_tham,0.717,0.002,0.000,0.049
Asm_SlfTbgAyOEI.wav,Asm,53.000,55.500,5,5,2,aed_khong_chac+silero_bo_sot_thi_tham,0.612,0.003,0.000,0.018
Asm_SlfTbgAyOEI.wav,Asm,56.500,57.500,2,2,2,aed_khong_chac+silero_bo_sot_thi_tham,0.329,0.001,0.001,0.001
Asm_SlfTbgAyOEI.wav,Asm,58.500,59.500,2,2,2,aed_khong_chac+silero_bo_sot_thi_tham,0.384,0.002,0.001,0.010
Asm_SlfTbgAyOEI.wav,Asm,60.500,61.500,2,1,2,aed_khong_chac+silero_bo_sot_thi_tham,0.386,0.002,0.002,0.001
Asm_SlfTbgAyOEI.wav,Asm,70.000,70.500,1,1,2,silero_bo_sot_thi_tham,0.627,0.001,0.001,0.005
Asm_SlfTbgAyOEI.wav,Asm,81.000,83.500,5,5,2,aed_khong_chac+silero_bo_sot_thi_tham,0.760,0.001,0.001,0.004
Asm_SlfTbgAyOEI.wav,Asm,85.000,85.500,1,1,2,aed_khong_chac+silero_bo_sot_thi_tham,0.426,0.001,0.000,0.000
Asm_SlfTbgAyOEI.wav,Asm,86.500,88.000,3,3,2,silero_bo_sot_thi_tham,0.765,0.003,0.000,0.004
Asm_SlfTbgAyOEI.wav,Asm,90.500,92.500,4,3,2,aed_khong_chac+silero_bo_sot_thi_tham,0.488,0.012,0.002,0.011
Asm_SlfTbgAyOEI.wav,Asm,93.000,94.500,3,3,2,silero_bo_sot_thi_tham,0.659,0.013,0.002,0.009
Asm_SlfTbgAyOEI.wav,Asm,95.500,96.000,1,1,2,aed_khong_chac+silero_bo_sot_thi_tham,0.489,0.003,0.000,0.004
Asm_SlfTbgAyOEI.wav,Asm,98.000,99.500,3,3,2,aed_khong_chac+silero_bo_sot_thi_tham,0.554,0.002,0.000,0.006
Asm_SlfTbgAyOEI.wav,Asm,101.000,101.500,1,0,2,aed_khong_chac,0.309,0.000,0.000,0.001
Asm_SlfTbgAyOEI.wav,Asm,103.000,104.500,3,3,2,silero_bo_sot_thi_tham,0.529,0.001,0.001,0.091
Asm_SlfTbgAyOEI.wav,Asm,105.500,106.500,2,2,2,silero_bo_sot_thi_tham,0.454,0.000,0.001,0.016
Asm_SlfTbgAyOEI.wav,Asm,107.500,108.500,2,2,2,aed_khong_chac+silero_bo_sot_thi_tham,0.363,0.004,0.001,0.001
Asm_SlfTbgAyOEI.wav,Asm,111.000,116.500,11,11,2,aed_khong_chac+silero_bo_sot_thi_tham,0.662,0.004,0.000,0.006
Asm_SlfTbgAyOEI.wav,Asm,117.500,119.500,4,4,2,aed_khong_chac+silero_bo_sot_thi_tham,0.587,0.001,0.001,0.004
Asm_XHdsNxh9C7k.wav,Asm,0.000,0.500,1,1,2,silero_bo_sot_thi_tham,0.656,0.000,0.003,0.349
Asm_XHdsNxh9C7k.wav,Asm,7.500,8.000,1,1,2,silero_bo_sot_thi_tham,0.703,0.000,0.000,0.488
Asm_XHdsNxh9C7k.wav,Asm,9.500,10.500,2,1,2,aed_khong_chac,0.350,0.000,0.000,0.575
Asm_XHdsNxh9C7k.wav,Asm,25.000,25.500,1,1,2,aed_khong_chac+silero_bo_sot_thi_tham,0.469,0.001,0.001,0.364
Asm_XHdsNxh9C7k.wav,Asm,49.000,49.500,1,1,2,aed_khong_chac+silero_bo_sot_thi_tham,0.498,0.000,0.000,0.456
Asm_XHdsNxh9C7k.wav,Asm,51.500,52.000,1,1,2,silero_bo_sot_thi_tham,0.198,0.001,0.000,0.333
Asm_XHdsNxh9C7k.wav,Asm,58.500,59.000,1,0,2,aed_khong_chac,0.341,0.000,0.001,0.407
Asm_XHdsNxh9C7k.wav,Asm,62.500,63.000,1,1,2,aed_khong_chac+silero_bo_sot_thi_tham,0.401,0.013,0.001,0.472
Asm_XHdsNxh9C7k.wav,Asm,68.000,68.500,1,1,2,aed_khong_chac+silero_bo_sot_thi_tham,0.479,0.000,0.000,0.428
Asm_XHdsNxh9C7k.wav,Asm,71.000,71.500,1,1,2,aed_khong_chac,0.492,0.001,0.002,0.693
Asm_XHdsNxh9C7k.wav,Asm,73.000,73.500,1,1,2,aed_khong_chac,0.302,0.005,0.001,0.729
Asm_XHdsNxh9C7k.wav,Asm,75.000,75.500,1,1,2,aed_khong_chac+silero_bo_sot_thi_tham,0.452,0.001,0.000,0.481
Asm_XHdsNxh9C7k.wav,Asm,82.500,83.000,1,0,2,aed_khong_chac,0.375,0.000,0.001,0.406
Asm_XHdsNxh9C7k.wav,Asm,89.000,89.500,1,1,2,aed_khong_chac,0.403,0.000,0.000,0.730
Asm_XHdsNxh9C7k.wav,Asm,90.000,90.500,1,1,2,aed_khong_chac,0.475,0.009,0.000,0.586
Asm_XHdsNxh9C7k.wav,Asm,93.500,94.000,1,1,2,aed_khong_chac,0.400,0.000,0.001,0.569
Asm_XHdsNxh9C7k.wav,Asm,102.000,102.500,1,1,2,aed_khong_chac,0.431,0.001,0.021,0.728
Asm_XHdsNxh9C7k.wav,Asm,109.500,110.000,1,1,2,aed_khong_chac+silero_bo_sot_thi_tham,0.308,0.000,0.000,0.322
Asm_XHdsNxh9C7k.wav,Asm,110.500,111.000,1,1,2,silero_bo_sot_thi_tham,0.178,0.000,0.001,0.312
Asm_XHdsNxh9C7k.wav,Asm,115.000,115.500,1,1,2,aed_khong_chac+silero_bo_sot_thi_tham,0.362,0.001,0.001,0.471
Asm_XHdsNxh9C7k.wav,Asm,117.000,117.500,1,1,2,aed_khong_chac,0.378,0.000,0.001,0.571
Asm__P1ah40ZIkM.wav,Asm,2.000,2.500,1,1,2,silero_bo_sot_thi_tham,0.236,0.002,0.000,0.304
Asm__P1ah40ZIkM.wav,Asm,33.500,34.500,2,2,2,silero_bo_sot_thi_tham,0.407,0.001,0.000,0.035
Asm__P1ah40ZIkM.wav,Asm,39.000,39.500,1,0,2,aed_khong_chac,0.300,0.002,0.001,0.147
Asm__P1ah40ZIkM.wav,Asm,40.000,40.500,1,1,2,aed_khong_chac+silero_bo_sot_thi_tham,0.394,0.002,0.000,0.142
Asm__P1ah40ZIkM.wav,Asm,42.500,44.500,4,4,2,aed_khong_chac+silero_bo_sot_thi_tham,0.650,0.007,0.001,0.039
Asm__P1ah40ZIkM.wav,Asm,49.000,49.500,1,0,2,aed_khong_chac,0.316,0.006,0.000,0.000
Asm__P1ah40ZIkM.wav,Asm,52.500,53.000,1,1,2,aed_khong_chac+silero_bo_sot_thi_tham,0.451,0.032,0.003,0.003
Asm__P1ah40ZIkM.wav,Asm,55.000,56.500,3,2,2,aed_khong_chac+silero_bo_sot_thi_tham,0.563,0.002,0.000,0.011
Asm__P1ah40ZIkM.wav,Asm,69.500,70.000,1,0,2,aed_khong_chac,0.332,0.000,0.000,0.182
Asm__P1ah40ZIkM.wav,Asm,71.000,72.000,2,2,2,silero_bo_sot_thi_tham,0.340,0.000,0.000,0.194
Asm__P1ah40ZIkM.wav,Asm,72.500,73.000,1,1,2,aed_khong_chac+silero_bo_sot_thi_tham,0.489,0.000,0.001,0.478
Asm__P1ah40ZIkM.wav,Asm,73.500,74.000,1,1,2,silero_bo_sot_thi_tham,0.078,0.000,0.001,0.206
Asm__P1ah40ZIkM.wav,Asm,78.500,79.000,1,1,2,silero_bo_sot_thi_tham,0.856,0.002,0.002,0.019
Asm__P1ah40ZIkM.wav,Asm,82.500,83.000,1,1,2,silero_bo_sot_thi_tham,0.578,0.001,0.001,0.415
Asm__P1ah40ZIkM.wav,Asm,85.500,86.000,1,1,2,silero_bo_sot_thi_tham,0.273,0.001,0.002,0.221
Asm__P1ah40ZIkM.wav,Asm,90.000,90.500,1,1,2,silero_bo_sot_thi_tham,0.529,0.002,0.000,0.296
Asm__P1ah40ZIkM.wav,Asm,109.000,109.500,1,1,2,silero_bo_sot_thi_tham,0.847,0.000,0.000,0.003
Asm__P1ah40ZIkM.wav,Asm,110.500,111.500,2,2,2,silero_bo_sot_thi_tham,0.539,0.265,0.002,0.003
Asm__P1ah40ZIkM.wav,Asm,113.500,114.000,1,1,2,silero_bo_sot_thi_tham,0.281,0.053,0.001,0.001
Asm__P1ah40ZIkM.wav,Asm,117.000,117.500,1,1,2,silero_bo_sot_thi_tham,0.949,0.000,0.000,0.386
Asm__P1ah40ZIkM.wav,Asm,118.500,119.000,1,1,2,silero_bo_sot_thi_tham,0.253,0.019,0.000,0.348
Asm_jE6x0TXsYUc.wav,Asm,0.000,1.000,2,2,2,silero_bo_sot_thi_tham,0.446,0.007,0.012,0.048
Asm_jE6x0TXsYUc.wav,Asm,1.500,2.500,2,2,2,silero_bo_sot_thi_tham,0.687,0.008,0.000,0.052
Asm_jE6x0TXsYUc.wav,Asm,3.000,4.000,2,2,2,aed_khong_chac+silero_bo_sot_thi_tham,0.391,0.001,0.000,0.011
Asm_jE6x0TXsYUc.wav,Asm,5.500,13.500,16,16,2,silero_bo_sot_thi_tham,0.686,0.002,0.000,0.005
Asm_jE6x0TXsYUc.wav,Asm,14.000,15.000,2,2,2,aed_khong_chac+silero_bo_sot_thi_tham,0.496,0.001,0.001,0.001
Asm_jE6x0TXsYUc.wav,Asm,16.500,19.000,5,5,2,silero_bo_sot_thi_tham,0.806,0.005,0.000,0.000
Asm_jE6x0TXsYUc.wav,Asm,20.000,34.000,28,27,2,aed_khong_chac+silero_bo_sot_thi_tham,0.829,0.005,0.001,0.000
Asm_jE6x0TXsYUc.wav,Asm,34.500,43.500,18,18,2,aed_khong_chac+silero_bo_sot_thi_tham,0.775,0.001,0.001,0.000
Asm_jE6x0TXsYUc.wav,Asm,44.000,48.000,8,7,2,aed_khong_chac+silero_bo_sot_thi_tham,0.692,0.001,0.000,0.000
Asm_jE6x0TXsYUc.wav,Asm,49.500,52.000,5,4,2,aed_khong_chac+silero_bo_sot_thi_tham,0.664,0.000,0.000,0.000
Asm_jE6x0TXsYUc.wav,Asm,52.500,55.500,6,6,2,silero_bo_sot_thi_tham,0.844,0.002,0.000,0.000
Asm_jE6x0TXsYUc.wav,Asm,56.000,58.000,4,4,2,silero_bo_sot_thi_tham,0.845,0.001,0.000,0.000
Asm_jE6x0TXsYUc.wav,Asm,58.500,61.000,5,4,2,aed_khong_chac+silero_bo_sot_thi_tham,0.745,0.008,0.002,0.000
Asm_jE6x0TXsYUc.wav,Asm,62.000,63.500,3,3,2,aed_khong_chac+silero_bo_sot_thi_tham,0.663,0.000,0.000,0.000
Asm_jE6x0TXsYUc.wav,Asm,64.500,73.500,18,18,2,aed_khong_chac+silero_bo_sot_thi_tham,0.751,0.002,0.003,0.000
Asm_jE6x0TXsYUc.wav,Asm,74.000,76.000,4,3,2,aed_khong_chac+silero_bo_sot_thi_tham,0.567,0.006,0.011,0.000
Asm_jE6x0TXsYUc.wav,Asm,76.500,78.000,3,3,2,silero_bo_sot_thi_tham,0.646,0.001,0.001,0.000
Asm_jE6x0TXsYUc.wav,Asm,79.000,81.500,5,5,2,silero_bo_sot_thi_tham,0.948,0.001,0.000,0.001
Asm_jE6x0TXsYUc.wav,Asm,82.000,84.000,4,3,2,aed_khong_chac+silero_bo_sot_thi_tham,0.548,0.000,0.000,0.000
Asm_jE6x0TXsYUc.wav,Asm,85.000,89.000,8,8,2,aed_khong_chac+silero_bo_sot_thi_tham,0.787,0.001,0.000,0.000
Asm_jE6x0TXsYUc.wav,Asm,91.500,99.000,15,15,2,aed_khong_chac+silero_bo_sot_thi_tham,0.944,0.003,0.011,0.000
Asm_jE6x0TXsYUc.wav,Asm,99.500,100.500,2,2,2,aed_khong_chac+silero_bo_sot_thi_tham,0.484,0.000,0.002,0.000
Asm_jE6x0TXsYUc.wav,Asm,101.000,105.000,8,8,2,aed_khong_chac+silero_bo_sot_thi_tham,0.849,0.004,0.005,0.000
Asm_jE6x0TXsYUc.wav,Asm,108.500,114.000,11,11,2,silero_bo_sot_thi_tham,0.849,0.028,0.014,0.000
Asm_jE6x0TXsYUc.wav,Asm,115.000,120.000,10,9,2,aed_khong_chac+silero_bo_sot_thi_tham,0.743,0.011,0.005,0.000
Asm_jGAaWXOnFTw.wav,Asm,10.500,11.000,1,0,2,aed_khong_chac,0.334,0.004,0.000,0.000
Asm_jGAaWXOnFTw.wav,Asm,16.500,17.500,2,2,2,aed_khong_chac+silero_bo_sot_thi_tham,0.317,0.000,0.000,0.002
Asm_jGAaWXOnFTw.wav,Asm,40.000,43.000,6,6,2,aed_khong_chac+silero_bo_sot_thi_tham,0.635,0.003,0.000,0.001
Asm_jGAaWXOnFTw.wav,Asm,52.500,55.500,6,6,2,silero_bo_sot_thi_tham,0.642,0.000,0.001,0.006
Asm_jGAaWXOnFTw.wav,Asm,56.500,62.000,11,9,2,aed_khong_chac+silero_bo_sot_thi_tham,0.763,0.006,0.005,0.002
Asm_jGAaWXOnFTw.wav,Asm,63.500,67.000,7,7,2,silero_bo_sot_thi_tham,0.746,0.005,0.000,0.002
Asm_jGAaWXOnFTw.wav,Asm,67.500,75.500,16,15,2,aed_khong_chac+silero_bo_sot_thi_tham,0.726,0.001,0.000,0.007
Asm_jGAaWXOnFTw.wav,Asm,76.500,77.500,2,2,2,silero_bo_sot_thi_tham,0.728,0.003,0.000,0.004
Asm_jGAaWXOnFTw.wav,Asm,78.500,80.500,4,4,2,silero_bo_sot_thi_tham,0.645,0.001,0.000,0.001
Asm_jGAaWXOnFTw.wav,Asm,81.500,89.500,16,14,2,aed_khong_chac+silero_bo_sot_thi_tham,0.741,0.003,0.000,0.002
Asm_jGAaWXOnFTw.wav,Asm,90.000,98.000,16,16,2,aed_khong_chac+silero_bo_sot_thi_tham,0.801,0.003,0.000,0.006
Asm_jGAaWXOnFTw.wav,Asm,98.500,104.500,12,11,2,aed_khong_chac+silero_bo_sot_thi_tham,0.667,0.001,0.000,0.021
Asm_jGAaWXOnFTw.wav,Asm,106.000,107.000,2,2,2,aed_khong_chac+silero_bo_sot_thi_tham,0.421,0.001,0.001,0.005
Asm_jGAaWXOnFTw.wav,Asm,112.500,113.500,2,2,2,aed_khong_chac+silero_bo_sot_thi_tham,0.423,0.002,0.000,0.000
Asm_jGAaWXOnFTw.wav,Asm,115.500,117.500,4,4,2,aed_khong_chac+silero_bo_sot_thi_tham,0.676,0.003,0.000,0.001
Asm_k1HOigOPG5Q.wav,Asm,15.000,15.500,1,1,2,silero_bo_sot_thi_tham,0.756,0.001,0.001,0.063
Asm_k1HOigOPG5Q.wav,Asm,19.500,24.000,9,9,2,aed_khong_chac+silero_bo_sot_thi_tham,0.763,0.052,0.000,0.003
Asm_k1HOigOPG5Q.wav,Asm,25.000,27.500,5,5,2,silero_bo_sot_thi_tham,0.868,0.001,0.000,0.007
Asm_k1HOigOPG5Q.wav,Asm,29.500,31.000,3,3,2,aed_khong_chac+silero_bo_sot_thi_tham,0.595,0.003,0.025,0.006
Asm_k1HOigOPG5Q.wav,Asm,32.000,32.500,1,0,2,aed_khong_chac,0.390,0.001,0.000,0.000
Asm_k1HOigOPG5Q.wav,Asm,33.500,35.500,4,4,2,aed_khong_chac+silero_bo_sot_thi_tham,0.592,0.015,0.005,0.002
Asm_k1HOigOPG5Q.wav,Asm,38.500,42.000,7,7,2,aed_khong_chac+silero_bo_sot_thi_tham,0.589,0.002,0.003,0.009
Asm_k1HOigOPG5Q.wav,Asm,46.500,49.000,5,5,2,aed_khong_chac+silero_bo_sot_thi_tham,0.674,0.002,0.000,0.062
Asm_k1HOigOPG5Q.wav,Asm,51.000,53.000,4,4,2,silero_bo_sot_thi_tham,0.554,0.002,0.002,0.002
Asm_k1HOigOPG5Q.wav,Asm,54.000,56.500,5,5,2,aed_khong_chac+silero_bo_sot_thi_tham,0.632,0.001,0.006,0.024
Asm_k1HOigOPG5Q.wav,Asm,58.500,59.500,2,2,2,aed_khong_chac+silero_bo_sot_thi_tham,0.573,0.002,0.001,0.004
Asm_k1HOigOPG5Q.wav,Asm,60.000,61.500,3,3,2,silero_bo_sot_thi_tham,0.835,0.005,0.000,0.024
Asm_k1HOigOPG5Q.wav,Asm,62.000,63.500,3,3,2,aed_khong_chac+silero_bo_sot_thi_tham,0.668,0.002,0.000,0.010
Asm_k1HOigOPG5Q.wav,Asm,66.500,68.500,4,4,2,aed_khong_chac+silero_bo_sot_thi_tham,0.733,0.001,0.000,0.007
Asm_k1HOigOPG5Q.wav,Asm,69.500,71.000,3,3,2,aed_khong_chac+silero_bo_sot_thi_tham,0.645,0.009,0.001,0.012
Asm_k1HOigOPG5Q.wav,Asm,72.500,74.000,3,3,2,silero_bo_sot_thi_tham,0.865,0.000,0.000,0.127
Asm_k1HOigOPG5Q.wav,Asm,76.000,79.000,6,6,2,aed_khong_chac+silero_bo_sot_thi_tham,0.835,0.001,0.000,0.052
Asm_k1HOigOPG5Q.wav,Asm,81.500,88.500,14,14,2,aed_khong_chac+silero_bo_sot_thi_tham,0.706,0.016,0.003,0.001
Asm_k1HOigOPG5Q.wav,Asm,89.000,89.500,1,1,2,aed_khong_chac+silero_bo_sot_thi_tham,0.438,0.001,0.001,0.000
Asm_k1HOigOPG5Q.wav,Asm,91.000,94.000,6,6,2,aed_khong_chac+silero_bo_sot_thi_tham,0.640,0.002,0.000,0.001
Asm_k1HOigOPG5Q.wav,Asm,94.500,95.500,2,2,2,aed_khong_chac+silero_bo_sot_thi_tham,0.695,0.001,0.001,0.132
Asm_k1HOigOPG5Q.wav,Asm,96.500,100.500,8,8,2,aed_khong_chac+silero_bo_sot_thi_tham,0.796,0.002,0.000,0.016
Asm_k1HOigOPG5Q.wav,Asm,101.000,104.500,7,7,2,aed_khong_chac+silero_bo_sot_thi_tham,0.690,0.001,0.000,0.089
Asm_k1HOigOPG5Q.wav,Asm,105.000,107.500,5,5,2,silero_bo_sot_thi_tham,0.844,0.004,0.001,0.004
Asm_k1HOigOPG5Q.wav,Asm,108.500,111.500,6,6,2,aed_khong_chac+silero_bo_sot_thi_tham,0.715,0.007,0.011,0.003
Asm_k1HOigOPG5Q.wav,Asm,112.000,114.000,4,3,2,aed_khong_chac+silero_bo_sot_thi_tham,0.508,0.004,0.001,0.008
Asm_k1HOigOPG5Q.wav,Asm,115.000,119.000,8,8,2,silero_bo_sot_thi_tham,0.767,0.007,0.002,0.006
Asm_pIvI9UszMc4.wav,Asm,11.000,15.500,9,8,2,aed_khong_chac+silero_bo_sot_thi_tham,0.745,0.009,0.003,0.002
Asm_pIvI9UszMc4.wav,Asm,83.000,84.500,3,3,2,aed_khong_chac+silero_bo_sot_thi_tham,0.577,0.000,0.000,0.000
Asm_rPE251YheSA.wav,Asm,8.500,9.000,1,0,2,aed_khong_chac,0.313,0.000,0.000,0.000
Asm_rPE251YheSA.wav,Asm,12.000,14.000,4,4,2,silero_bo_sot_thi_tham,0.662,0.008,0.000,0.000
Asm_rPE251YheSA.wav,Asm,14.500,15.500,2,2,2,silero_bo_sot_thi_tham,0.640,0.000,0.000,0.000
Asm_rPE251YheSA.wav,Asm,19.000,21.500,5,4,2,aed_khong_chac+silero_bo_sot_thi_tham,0.673,0.007,0.000,0.002
Asm_rPE251YheSA.wav,Asm,24.000,26.500,5,5,2,aed_khong_chac+silero_bo_sot_thi_tham,0.426,0.070,0.001,0.000
Asm_rPE251YheSA.wav,Asm,27.500,29.000,3,3,2,silero_bo_sot_thi_tham,0.595,0.002,0.000,0.000
Asm_rPE251YheSA.wav,Asm,31.000,33.500,5,5,2,aed_khong_chac+silero_bo_sot_thi_tham,0.663,0.006,0.000,0.003
Asm_rPE251YheSA.wav,Asm,36.000,37.500,3,3,2,silero_bo_sot_thi_tham,0.547,0.008,0.002,0.000
Asm_rPE251YheSA.wav,Asm,39.000,40.000,2,2,2,silero_bo_sot_thi_tham,0.733,0.084,0.003,0.006
Asm_rPE251YheSA.wav,Asm,40.500,43.500,6,5,2,aed_khong_chac+silero_bo_sot_thi_tham,0.631,0.007,0.000,0.000
Asm_rPE251YheSA.wav,Asm,48.000,49.500,3,3,2,silero_bo_sot_thi_tham,0.726,0.009,0.000,0.002
Asm_rPE251YheSA.wav,Asm,50.000,51.000,2,2,2,aed_khong_chac+silero_bo_sot_thi_tham,0.563,0.002,0.000,0.001
Asm_rPE251YheSA.wav,Asm,51.500,52.500,2,2,2,aed_khong_chac+silero_bo_sot_thi_tham,0.519,0.004,0.000,0.000
Asm_rPE251YheSA.wav,Asm,57.000,59.000,4,4,2,aed_khong_chac+silero_bo_sot_thi_tham,0.644,0.003,0.000,0.013
Asm_rPE251YheSA.wav,Asm,61.000,63.000,4,4,2,aed_khong_chac+silero_bo_sot_thi_tham,0.662,0.001,0.000,0.017
Asm_rPE251YheSA.wav,Asm,67.500,68.500,2,1,2,aed_khong_chac+silero_bo_sot_thi_tham,0.370,0.002,0.002,0.065
Asm_rPE251YheSA.wav,Asm,72.000,73.500,3,3,2,aed_khong_chac+silero_bo_sot_thi_tham,0.470,0.001,0.001,0.023
Asm_rPE251YheSA.wav,Asm,77.000,79.000,4,4,2,silero_bo_sot_thi_tham,0.689,0.127,0.011,0.010
Asm_rPE251YheSA.wav,Asm,80.000,84.000,8,7,2,aed_khong_chac+silero_bo_sot_thi_tham,0.543,0.003,0.001,0.001
Asm_rPE251YheSA.wav,Asm,85.500,87.500,4,4,2,aed_khong_chac+silero_bo_sot_thi_tham,0.556,0.002,0.000,0.006
Asm_rPE251YheSA.wav,Asm,108.500,110.500,4,3,2,aed_khong_chac+silero_bo_sot_thi_tham,0.467,0.138,0.005,0.014
Asm_rPE251YheSA.wav,Asm,111.000,112.500,3,3,2,aed_khong_chac+silero_bo_sot_thi_tham,0.505,0.002,0.000,0.001
Asm_rPE251YheSA.wav,Asm,113.000,114.000,2,2,2,aed_khong_chac+silero_bo_sot_thi_tham,0.398,0.001,0.001,0.001
Asm_rPE251YheSA.wav,Asm,115.500,116.000,1,1,2,aed_khong_chac+silero_bo_sot_thi_tham,0.356,0.002,0.000,0.001
Asm_rPE251YheSA.wav,Asm,117.500,118.500,2,2,2,aed_khong_chac+silero_bo_sot_thi_tham,0.401,0.002,0.000,0.001
Asm_rVgWjyQpmzM.wav,Asm,2.000,2.500,1,0,2,aed_khong_chac,0.308,0.000,0.000,0.001
Asm_rVgWjyQpmzM.wav,Asm,6.000,8.500,5,5,2,aed_khong_chac+silero_bo_sot_thi_tham,0.544,0.009,0.095,0.001
Asm_rVgWjyQpmzM.wav,Asm,9.000,9.500,1,1,2,aed_khong_chac+silero_bo_sot_thi_tham,0.314,0.005,0.051,0.001
Asm_rVgWjyQpmzM.wav,Asm,13.000,14.500,3,3,2,aed_khong_chac+silero_bo_sot_thi_tham,0.657,0.001,0.001,0.000
Asm_rVgWjyQpmzM.wav,Asm,20.500,23.000,5,5,2,aed_khong_chac+silero_bo_sot_thi_tham,0.708,0.006,0.002,0.000
Asm_rVgWjyQpmzM.wav,Asm,25.000,30.000,10,10,2,aed_khong_chac+silero_bo_sot_thi_tham,0.575,0.019,0.012,0.000
Asm_rVgWjyQpmzM.wav,Asm,31.000,32.000,2,1,2,aed_khong_chac+silero_bo_sot_thi_tham,0.469,0.001,0.000,0.000
Asm_rVgWjyQpmzM.wav,Asm,34.500,36.500,4,2,2,aed_khong_chac+silero_bo_sot_thi_tham,0.377,0.005,0.002,0.000
Asm_rVgWjyQpmzM.wav,Asm,37.000,40.500,7,7,2,aed_khong_chac+silero_bo_sot_thi_tham,0.549,0.003,0.001,0.000
Asm_rVgWjyQpmzM.wav,Asm,64.500,67.000,5,5,2,silero_bo_sot_thi_tham,0.647,0.004,0.014,0.000
Asm_rVgWjyQpmzM.wav,Asm,68.500,72.500,8,7,2,aed_khong_chac+silero_bo_sot_thi_tham,0.658,0.003,0.006,0.000
Asm_rVgWjyQpmzM.wav,Asm,74.500,75.500,2,2,2,aed_khong_chac+silero_bo_sot_thi_tham,0.352,0.002,0.009,0.000
Asm_rVgWjyQpmzM.wav,Asm,78.000,79.000,2,1,2,aed_khong_chac+silero_bo_sot_thi_tham,0.396,0.001,0.002,0.000
Asm_rVgWjyQpmzM.wav,Asm,83.500,88.500,10,9,2,aed_khong_chac+silero_bo_sot_thi_tham,0.648,0.003,0.003,0.000
Asm_rVgWjyQpmzM.wav,Asm,89.500,90.500,2,2,2,aed_khong_chac+silero_bo_sot_thi_tham,0.564,0.011,0.010,0.000
Asm_rVgWjyQpmzM.wav,Asm,91.500,93.500,4,4,2,silero_bo_sot_thi_tham,0.585,0.002,0.001,0.000
Asm_rVgWjyQpmzM.wav,Asm,97.500,98.000,1,1,2,silero_bo_sot_thi_tham,0.793,0.002,0.010,0.000
Asm_rVgWjyQpmzM.wav,Asm,99.000,104.000,10,9,2,aed_khong_chac+silero_bo_sot_thi_tham,0.758,0.001,0.001,0.057
Asm_rVgWjyQpmzM.wav,Asm,104.500,108.000,7,7,2,aed_khong_chac+silero_bo_sot_thi_tham,0.609,0.003,0.000,0.008
Asm_rVgWjyQpmzM.wav,Asm,109.000,110.500,3,3,2,silero_bo_sot_thi_tham,0.616,0.000,0.000,0.001
Asm_rVgWjyQpmzM.wav,Asm,111.500,113.000,3,3,2,silero_bo_sot_thi_tham,0.820,0.003,0.000,0.000
Asm_rVgWjyQpmzM.wav,Asm,113.500,118.000,9,9,2,aed_khong_chac+silero_bo_sot_thi_tham,0.622,0.028,0.000,0.000
Asm_rWk3TjhaVHA.wav,Asm,68.500,70.000,3,3,2,aed_khong_chac+silero_bo_sot_thi_tham,0.640,0.001,0.000,0.000
Asm_rWk3TjhaVHA.wav,Asm,72.000,73.000,2,0,2,aed_khong_chac,0.338,0.000,0.000,0.000
Asm_rWk3TjhaVHA.wav,Asm,118.500,119.500,2,1,2,aed_khong_chac+silero_bo_sot_thi_tham,0.450,0.002,0.001,0.000
Asm_uGBukRz2HSc.wav,Asm,109.000,112.000,6,6,2,aed_khong_chac+silero_bo_sot_thi_tham,0.661,0.001,0.000,0.002
Asm_xFLFUD-Knos.wav,Asm,1.000,4.000,6,6,2,silero_bo_sot_thi_tham,0.643,0.003,0.000,0.014
Asm_xFLFUD-Knos.wav,Asm,4.500,6.500,4,3,2,aed_khong_chac+silero_bo_sot_thi_tham,0.681,0.008,0.000,0.008
Asm_xFLFUD-Knos.wav,Asm,8.500,11.500,6,5,2,aed_khong_chac+silero_bo_sot_thi_tham,0.579,0.012,0.000,0.004
Asm_xFLFUD-Knos.wav,Asm,13.500,14.500,2,2,2,silero_bo_sot_thi_tham,0.514,0.001,0.000,0.001
Asm_y1ucBSGR2Do.wav,Asm,8.500,10.000,3,3,2,aed_khong_chac+silero_bo_sot_thi_tham,0.514,0.004,0.000,0.019
Asm_y1ucBSGR2Do.wav,Asm,18.500,21.000,5,5,2,aed_khong_chac+silero_bo_sot_thi_tham,0.622,0.029,0.000,0.036
Asm_zBBli1xhI0M.wav,Asm,0.500,1.500,2,2,2,aed_khong_chac+silero_bo_sot_thi_tham,0.538,0.005,0.000,0.119
Asm_zBBli1xhI0M.wav,Asm,3.000,5.000,4,4,2,silero_bo_sot_thi_tham,0.697,0.001,0.000,0.064
Asm_zBBli1xhI0M.wav,Asm,6.500,7.500,2,2,2,aed_khong_chac+silero_bo_sot_thi_tham,0.503,0.000,0.001,0.005
Asm_zBBli1xhI0M.wav,Asm,8.000,9.000,2,2,2,aed_khong_chac+silero_bo_sot_thi_tham,0.529,0.000,0.004,0.001
Asm_zBBli1xhI0M.wav,Asm,10.500,12.500,4,4,2,silero_bo_sot_thi_tham,0.700,0.003,0.000,0.041
Asm_zBBli1xhI0M.wav,Asm,13.000,14.500,3,3,2,aed_khong_chac+silero_bo_sot_thi_tham,0.748,0.015,0.000,0.004
Asm_zBBli1xhI0M.wav,Asm,16.500,17.500,2,2,2,silero_bo_sot_thi_tham,0.959,0.000,0.000,0.002
Asm_zBBli1xhI0M.wav,Asm,18.000,20.000,4,3,2,aed_khong_chac+silero_bo_sot_thi_tham,0.595,0.006,0.000,0.000
Asm_zBBli1xhI0M.wav,Asm,25.500,27.000,3,3,2,silero_bo_sot_thi_tham,0.413,0.046,0.001,0.000
Asm_zBBli1xhI0M.wav,Asm,28.000,28.500,1,0,2,aed_khong_chac,0.310,0.002,0.001,0.005
Asm_zBBli1xhI0M.wav,Asm,29.500,32.000,5,5,2,aed_khong_chac+silero_bo_sot_thi_tham,0.811,0.001,0.000,0.001
Asm_zBBli1xhI0M.wav,Asm,32.500,34.000,3,3,2,silero_bo_sot_thi_tham,0.683,0.000,0.000,0.000
Asm_zBBli1xhI0M.wav,Asm,35.500,38.000,5,5,2,silero_bo_sot_thi_tham,0.922,0.001,0.000,0.009
Asm_zBBli1xhI0M.wav,Asm,40.000,40.500,1,1,2,silero_bo_sot_thi_tham,0.286,0.001,0.001,0.005
Asm_zBBli1xhI0M.wav,Asm,42.500,45.000,5,5,2,silero_bo_sot_thi_tham,0.822,0.005,0.000,0.002
Asm_zBBli1xhI0M.wav,Asm,45.500,50.000,9,9,2,silero_bo_sot_thi_tham,0.906,0.001,0.000,0.033
Asm_zBBli1xhI0M.wav,Asm,51.000,52.500,3,3,2,silero_bo_sot_thi_tham,0.680,0.001,0.000,0.001
Asm_zBBli1xhI0M.wav,Asm,53.000,54.000,2,1,2,aed_khong_chac+silero_bo_sot_thi_tham,0.589,0.000,0.000,0.010
Asm_zBBli1xhI0M.wav,Asm,55.000,56.000,2,2,2,silero_bo_sot_thi_tham,0.819,0.000,0.000,0.003
Asm_zBBli1xhI0M.wav,Asm,56.500,58.000,3,2,2,aed_khong_chac+silero_bo_sot_thi_tham,0.641,0.000,0.000,0.005
Asm_zBBli1xhI0M.wav,Asm,58.500,59.500,2,2,2,aed_khong_chac+silero_bo_sot_thi_tham,0.666,0.000,0.000,0.006
Asm_zBBli1xhI0M.wav,Asm,60.000,61.500,3,3,2,aed_khong_chac+silero_bo_sot_thi_tham,0.658,0.002,0.000,0.006
Asm_zBBli1xhI0M.wav,Asm,62.000,64.000,4,4,2,silero_bo_sot_thi_tham,0.634,0.000,0.000,0.003
Asm_zBBli1xhI0M.wav,Asm,64.500,67.500,6,5,2,aed_khong_chac+silero_bo_sot_thi_tham,0.670,0.001,0.001,0.003
Asm_zBBli1xhI0M.wav,Asm,72.500,73.500,2,2,2,silero_bo_sot_thi_tham,0.733,0.000,0.000,0.002
Asm_zBBli1xhI0M.wav,Asm,81.500,83.000,3,3,2,silero_bo_sot_thi_tham,0.874,0.000,0.000,0.009
Asm_zBBli1xhI0M.wav,Asm,85.000,86.500,3,2,2,aed_khong_chac+silero_bo_sot_thi_tham,0.555,0.000,0.000,0.030
Asm_zBBli1xhI0M.wav,Asm,87.000,89.000,4,3,2,aed_khong_chac+silero_bo_sot_thi_tham,0.578,0.000,0.000,0.008
Asm_zBBli1xhI0M.wav,Asm,90.500,92.500,4,3,2,aed_khong_chac+silero_bo_sot_thi_tham,0.531,0.001,0.000,0.014
Asm_zBBli1xhI0M.wav,Asm,93.500,95.000,3,3,2,silero_bo_sot_thi_tham,0.788,0.000,0.000,0.003
Asm_zBBli1xhI0M.wav,Asm,104.500,105.500,2,2,2,aed_khong_chac+silero_bo_sot_thi_tham,0.339,0.000,0.000,0.002
Asm_zBBli1xhI0M.wav,Asm,112.000,113.000,2,1,2,aed_khong_chac+silero_bo_sot_thi_tham,0.659,0.000,0.000,0.141
Asm_zBBli1xhI0M.wav,Asm,113.500,114.000,1,1,2,silero_bo_sot_thi_tham,0.199,0.000,0.000,0.221
Asm_zBBli1xhI0M.wav,Asm,115.000,116.000,2,2,2,silero_bo_sot_thi_tham,0.660,0.001,0.000,0.026
Asm_zBBli1xhI0M.wav,Asm,117.500,118.500,2,2,2,silero_bo_sot_thi_tham,0.588,0.000,0.001,0.022
Asm_zBBli1xhI0M.wav,Asm,119.500,120.000,1,1,2,silero_bo_sot_thi_tham,0.968,0.004,0.000,0.054
Clean_0XilJotp0O4.wav,Clean,0.000,0.500,1,0,2,aed_khong_chac,0.372,0.002,0.012,0.028
Clean_0XilJotp0O4.wav,Clean,1.500,2.000,1,1,2,aed_khong_chac,0.382,0.001,0.016,0.897
Clean_0XilJotp0O4.wav,Clean,4.000,4.500,1,1,2,aed_khong_chac,0.443,0.000,0.000,0.521
Clean_0XilJotp0O4.wav,Clean,17.500,18.000,1,1,2,aed_khong_chac,0.429,0.000,0.000,0.584
Clean_0XilJotp0O4.wav,Clean,21.500,22.000,1,1,2,aed_khong_chac,0.357,0.001,0.023,0.652
Clean_0XilJotp0O4.wav,Clean,28.000,28.500,1,1,2,aed_khong_chac,0.432,0.001,0.000,0.650
Clean_6HecS03NfFE.wav,Clean,9.000,9.500,1,1,2,aed_khong_chac,0.392,0.016,0.670,0.679
Clean_6HecS03NfFE.wav,Clean,84.000,84.500,1,1,2,aed_khong_chac,0.435,0.001,0.000,0.927
Clean_6HecS03NfFE.wav,Clean,98.000,98.500,1,1,2,aed_khong_chac,0.490,0.000,0.001,0.784
Clean_6HecS03NfFE.wav,Clean,101.500,102.000,1,1,2,aed_khong_chac,0.424,0.001,0.002,0.690
Clean_8UM7pExh05c.wav,Clean,19.000,19.500,1,1,2,aed_khong_chac,0.391,0.000,0.000,0.570
Clean_8UM7pExh05c.wav,Clean,31.500,32.000,1,1,2,aed_khong_chac,0.384,0.000,0.000,0.550
Clean_8UM7pExh05c.wav,Clean,36.000,36.500,1,1,2,aed_khong_chac,0.360,0.001,0.000,0.510
Clean_8UM7pExh05c.wav,Clean,52.500,54.500,4,1,2,aed_khong_chac+silero_nghe_hat,0.276,0.657,0.007,0.988
Clean_8UM7pExh05c.wav,Clean,70.000,70.500,1,0,2,aed_khong_chac,0.341,0.000,0.000,0.274
Clean_8UM7pExh05c.wav,Clean,83.000,83.500,1,0,2,aed_khong_chac,0.419,0.002,0.000,0.364
Clean_8UM7pExh05c.wav,Clean,116.000,116.500,1,1,2,aed_khong_chac,0.490,0.006,0.001,0.689
Clean_CFvGPBE22yM.wav,Clean,22.500,23.000,1,0,2,aed_khong_chac,0.391,0.017,0.891,0.140
Clean_CFvGPBE22yM.wav,Clean,42.000,42.500,1,1,2,aed_khong_chac,0.379,0.024,0.998,0.704
Clean_CFvGPBE22yM.wav,Clean,92.500,93.000,1,1,2,aed_khong_chac,0.497,0.007,0.192,0.719
Clean_F5DJP4WKtzM.wav,Clean,9.500,10.000,1,1,2,aed_khong_chac,0.454,0.002,0.042,0.750
Clean_F5DJP4WKtzM.wav,Clean,116.000,116.500,1,0,2,aed_khong_chac,0.359,0.000,0.001,0.117
Clean_GQOEG7x8YRw.wav,Clean,7.500,8.000,1,1,2,aed_khong_chac,0.497,0.000,0.000,0.598
Clean_GQOEG7x8YRw.wav,Clean,14.000,14.500,1,1,2,aed_khong_chac,0.452,0.001,0.001,0.563
Clean_GQOEG7x8YRw.wav,Clean,74.500,75.000,1,1,2,aed_khong_chac,0.486,0.000,0.000,0.844
Clean_GQOEG7x8YRw.wav,Clean,86.500,87.000,1,1,2,aed_khong_chac,0.494,0.000,0.002,0.731
Clean_GQOEG7x8YRw.wav,Clean,96.500,97.000,1,1,2,aed_khong_chac,0.486,0.001,0.004,0.673
Clean_HR-F5iFMPjg.wav,Clean,67.000,67.500,1,1,2,aed_khong_chac,0.447,0.076,0.000,0.532
Clean_HR-F5iFMPjg.wav,Clean,86.000,86.500,1,1,2,aed_khong_chac,0.493,0.426,0.004,0.934
Clean_MEXu3VwXcsQ.wav,Clean,13.500,14.000,1,1,2,aed_khong_chac,0.475,0.255,0.854,0.990
Clean_MEXu3VwXcsQ.wav,Clean,33.000,33.500,1,1,2,aed_khong_chac,0.499,0.025,0.000,0.732
Clean_MEXu3VwXcsQ.wav,Clean,38.500,39.000,1,1,2,aed_khong_chac,0.418,0.001,0.000,0.745
Clean_MEXu3VwXcsQ.wav,Clean,44.000,44.500,1,1,2,aed_khong_chac,0.451,0.000,0.000,0.659
Clean_MEXu3VwXcsQ.wav,Clean,64.000,64.500,1,1,2,aed_khong_chac,0.494,0.000,0.000,0.769
Clean_MEXu3VwXcsQ.wav,Clean,68.500,69.000,1,1,2,aed_khong_chac,0.447,0.001,0.001,0.652
Clean_MEXu3VwXcsQ.wav,Clean,88.000,88.500,1,1,2,aed_khong_chac,0.399,0.001,0.000,0.574
Clean_MEXu3VwXcsQ.wav,Clean,104.000,104.500,1,1,2,aed_khong_chac,0.433,0.000,0.000,0.978
Clean_MEXu3VwXcsQ.wav,Clean,111.500,112.000,1,1,2,aed_khong_chac,0.386,0.000,0.000,0.528
Clean_MjecOkKGgWs.wav,Clean,5.000,5.500,1,1,2,aed_khong_chac,0.425,0.000,0.092,0.650
Clean_MjecOkKGgWs.wav,Clean,28.000,28.500,1,1,2,aed_khong_chac,0.484,0.210,0.993,0.569
Clean_MjecOkKGgWs.wav,Clean,49.500,50.000,1,1,2,aed_khong_chac,0.488,0.017,0.601,0.912
Clean_MjecOkKGgWs.wav,Clean,58.000,58.500,1,1,2,aed_khong_chac,0.436,0.003,0.999,0.533
Clean_MjecOkKGgWs.wav,Clean,83.000,84.000,2,0,2,aed_khong_chac+silero_nghe_hat,0.241,0.738,0.001,0.936
Clean_MjecOkKGgWs.wav,Clean,85.000,85.500,1,0,2,aed_khong_chac,0.327,0.118,0.739,0.438
Clean_MjecOkKGgWs.wav,Clean,88.500,89.000,1,1,2,aed_khong_chac,0.375,0.013,0.991,0.791
Clean_N3-Ty_RTyHE.wav,Clean,4.500,5.000,1,1,2,aed_khong_chac,0.484,0.028,0.665,0.619
Clean_OFo1VsOy-5M.wav,Clean,0.000,0.500,1,0,2,aed_khong_chac,0.348,0.001,0.001,0.337
Clean_OFo1VsOy-5M.wav,Clean,6.500,7.000,1,1,2,aed_khong_chac,0.401,0.013,0.348,0.503
Clean_OFo1VsOy-5M.wav,Clean,8.000,8.500,1,0,2,aed_khong_chac,0.396,0.001,0.683,0.326
Clean_OFo1VsOy-5M.wav,Clean,14.500,15.000,1,1,2,aed_khong_chac,0.351,0.009,0.988,0.480
Clean_OFo1VsOy-5M.wav,Clean,25.500,26.000,1,1,2,aed_khong_chac,0.455,0.006,0.013,0.786
Clean_OFo1VsOy-5M.wav,Clean,26.500,27.500,2,0,2,silero_nghe_hat,0.341,0.609,0.518,0.999
Clean_OFo1VsOy-5M.wav,Clean,29.500,30.000,1,1,2,aed_khong_chac,0.378,0.008,0.961,0.705
Clean_OFo1VsOy-5M.wav,Clean,46.500,47.000,1,1,2,aed_khong_chac,0.479,0.032,0.650,0.971
Clean_OFo1VsOy-5M.wav,Clean,84.500,85.000,1,1,2,aed_khong_chac,0.447,0.176,0.200,0.806
Clean_P8e435_oZmE.wav,Clean,21.000,21.500,1,1,2,aed_khong_chac,0.483,0.001,0.995,0.538
Clean_QsgYv7-lfCM.wav,Clean,30.500,31.500,2,1,2,aed_khong_chac,0.370,0.001,0.005,0.564
Clean_QsgYv7-lfCM.wav,Clean,87.500,88.000,1,1,2,aed_khong_chac,0.434,0.024,0.377,0.632
Clean_R-CJScmHqmI.wav,Clean,15.000,15.500,1,0,2,aed_khong_chac,0.335,0.001,0.998,0.237
Clean_R-CJScmHqmI.wav,Clean,37.000,37.500,1,1,2,aed_khong_chac,0.486,0.000,0.999,0.561
Clean_R-CJScmHqmI.wav,Clean,46.000,46.500,1,1,2,aed_khong_chac,0.434,0.002,0.988,0.501
Clean_R-CJScmHqmI.wav,Clean,73.000,73.500,1,0,2,aed_khong_chac,0.416,0.004,0.999,0.102
Clean_R-CJScmHqmI.wav,Clean,92.000,92.500,1,1,2,aed_khong_chac,0.481,0.008,0.999,0.515
Clean_SrKjY-OHy2E.wav,Clean,20.000,20.500,1,1,2,aed_khong_chac,0.352,0.000,0.000,0.660
Clean_SrKjY-OHy2E.wav,Clean,28.500,29.000,1,1,2,aed_khong_chac,0.439,0.000,0.000,0.754
Clean_SrKjY-OHy2E.wav,Clean,42.000,42.500,1,1,2,aed_khong_chac,0.425,0.000,0.001,0.682
Clean_SrKjY-OHy2E.wav,Clean,43.500,44.000,1,1,2,aed_khong_chac,0.450,0.000,0.001,0.866
Clean_SrKjY-OHy2E.wav,Clean,88.000,88.500,1,1,2,aed_khong_chac,0.464,0.000,0.000,0.568
Clean_SrKjY-OHy2E.wav,Clean,96.500,97.000,1,1,2,aed_khong_chac,0.382,0.000,0.000,0.615
Clean_SrKjY-OHy2E.wav,Clean,103.000,103.500,1,1,2,aed_khong_chac,0.381,0.003,0.000,0.698
Clean_SrKjY-OHy2E.wav,Clean,119.500,120.000,1,0,2,aed_khong_chac,0.399,0.001,0.001,0.349
Clean_TlV_tehrTFs.wav,Clean,7.500,8.000,1,1,2,aed_khong_chac,0.307,0.000,0.000,0.478
Clean_TlV_tehrTFs.wav,Clean,58.000,58.500,1,1,2,aed_khong_chac,0.489,0.001,0.000,0.595
Clean_TlV_tehrTFs.wav,Clean,62.000,62.500,1,1,2,aed_khong_chac,0.333,0.000,0.000,0.535
Clean_TlV_tehrTFs.wav,Clean,75.500,76.000,1,1,2,aed_khong_chac,0.368,0.000,0.000,0.561
Clean_TlV_tehrTFs.wav,Clean,77.000,77.500,1,1,2,aed_khong_chac,0.423,0.000,0.000,0.489
Clean_TlV_tehrTFs.wav,Clean,78.500,79.000,1,1,2,aed_khong_chac,0.485,0.000,0.000,0.508
Clean_TlV_tehrTFs.wav,Clean,87.500,88.000,1,1,2,aed_khong_chac,0.379,0.000,0.000,0.498
Clean_TlV_tehrTFs.wav,Clean,105.500,106.000,1,1,2,aed_khong_chac,0.413,0.002,0.000,0.583
Clean_TlV_tehrTFs.wav,Clean,111.000,111.500,1,1,2,aed_khong_chac,0.467,0.000,0.000,0.681
Clean_TlV_tehrTFs.wav,Clean,113.500,114.000,1,0,2,aed_khong_chac,0.335,0.000,0.001,0.251
Clean_TlV_tehrTFs.wav,Clean,118.000,118.500,1,1,2,aed_khong_chac,0.496,0.003,0.001,0.582
Clean_VbaJmref8GU.wav,Clean,44.500,45.000,1,0,2,aed_khong_chac+silero_nghe_hat,0.340,0.549,0.000,0.888
Clean_VbaJmref8GU.wav,Clean,65.000,65.500,1,1,2,aed_khong_chac,0.475,0.000,0.000,0.704
Clean_VbaJmref8GU.wav,Clean,66.500,67.000,1,0,2,aed_khong_chac,0.305,0.003,0.001,0.266
Clean_VbaJmref8GU.wav,Clean,94.500,95.000,1,1,2,aed_khong_chac,0.395,0.000,0.000,0.725
Clean_W2rJ7Oj2ZNI.wav,Clean,45.000,45.500,1,1,2,aed_khong_chac,0.379,0.004,0.002,0.819
Clean_W2rJ7Oj2ZNI.wav,Clean,47.500,48.000,1,1,2,aed_khong_chac,0.481,0.018,0.098,0.828
Clean_W2rJ7Oj2ZNI.wav,Clean,57.000,57.500,1,1,2,aed_khong_chac,0.457,0.008,0.028,0.694
Clean_W2rJ7Oj2ZNI.wav,Clean,76.500,77.000,1,1,2,aed_khong_chac,0.470,0.045,0.429,0.599
Clean_W2rJ7Oj2ZNI.wav,Clean,83.000,83.500,1,1,2,aed_khong_chac,0.474,0.001,0.001,0.798
Clean_W2rJ7Oj2ZNI.wav,Clean,95.000,95.500,1,1,2,aed_khong_chac,0.332,0.000,0.000,0.567
Clean__3LhV95AKgM.wav,Clean,34.500,35.000,1,0,2,aed_khong_chac,0.380,0.000,0.001,0.342
Clean__3LhV95AKgM.wav,Clean,60.500,61.000,1,1,2,aed_khong_chac,0.458,0.001,0.001,0.710
Clean__3LhV95AKgM.wav,Clean,76.000,76.500,1,1,2,aed_khong_chac,0.352,0.000,0.000,0.513
Clean__3LhV95AKgM.wav,Clean,95.000,95.500,1,0,2,aed_khong_chac,0.326,0.001,0.005,0.236
Clean__3LhV95AKgM.wav,Clean,112.000,112.500,1,0,2,aed_khong_chac,0.324,0.000,0.000,0.285
Clean__jGjPZuBMZg.wav,Clean,15.500,16.000,1,0,2,aed_khong_chac,0.331,0.078,0.997,0.244
Clean__jGjPZuBMZg.wav,Clean,24.000,24.500,1,0,2,aed_khong_chac,0.358,0.024,0.997,0.266
Clean__jGjPZuBMZg.wav,Clean,29.000,29.500,1,1,2,aed_khong_chac,0.434,0.000,0.998,0.532
Clean__jGjPZuBMZg.wav,Clean,55.500,56.000,1,1,2,aed_khong_chac,0.465,0.001,0.001,0.528
Clean__jGjPZuBMZg.wav,Clean,61.000,61.500,1,0,2,aed_khong_chac+silero_nghe_hat,0.412,0.603,0.142,1.000
Clean__jGjPZuBMZg.wav,Clean,103.500,104.000,1,1,2,aed_khong_chac,0.428,0.013,0.004,0.518
Clean__jGjPZuBMZg.wav,Clean,114.500,115.000,1,0,2,aed_khong_chac,0.348,0.001,0.001,0.300
Clean__jGjPZuBMZg.wav,Clean,116.500,117.000,1,1,2,aed_khong_chac,0.452,0.000,0.001,0.571
Clean_eQFMnN0kCM4.wav,Clean,0.000,0.500,1,0,2,aed_khong_chac,0.402,0.004,0.014,0.409
Clean_eQFMnN0kCM4.wav,Clean,6.500,7.000,1,1,2,aed_khong_chac,0.488,0.011,0.941,0.670
Clean_eQFMnN0kCM4.wav,Clean,12.000,12.500,1,1,2,aed_khong_chac,0.368,0.031,0.102,0.664
Clean_eQFMnN0kCM4.wav,Clean,14.500,15.000,1,1,2,aed_khong_chac,0.416,0.147,0.955,0.609
Clean_eQFMnN0kCM4.wav,Clean,28.000,28.500,1,0,2,aed_khong_chac,0.313,0.002,0.011,0.157
Clean_eQFMnN0kCM4.wav,Clean,42.500,43.000,1,1,2,aed_khong_chac,0.472,0.042,0.990,0.588
Clean_eQFMnN0kCM4.wav,Clean,45.000,45.500,1,1,2,aed_khong_chac,0.342,0.001,0.963,0.619
Clean_eQFMnN0kCM4.wav,Clean,95.500,96.000,1,1,2,aed_khong_chac,0.490,0.002,0.027,0.537
Clean_eQFMnN0kCM4.wav,Clean,111.000,111.500,1,1,2,aed_khong_chac,0.436,0.025,0.617,0.543
Clean_eQFMnN0kCM4.wav,Clean,118.000,118.500,1,1,2,aed_khong_chac,0.475,0.161,0.927,0.692
Clean_gn0q7BuPML8.wav,Clean,45.000,45.500,1,1,2,aed_khong_chac,0.316,0.001,0.001,0.563
Clean_gn0q7BuPML8.wav,Clean,59.500,60.000,1,1,2,aed_khong_chac,0.443,0.029,0.222,0.658
Clean_gn0q7BuPML8.wav,Clean,79.500,80.000,1,1,2,aed_khong_chac,0.357,0.002,0.006,0.534
Clean_gn0q7BuPML8.wav,Clean,97.500,98.000,1,1,2,aed_khong_chac,0.418,0.005,0.054,0.609
Clean_oQdfUZBssBE.wav,Clean,1.000,1.500,1,1,2,aed_khong_chac,0.428,0.000,0.000,0.539
Clean_oQdfUZBssBE.wav,Clean,18.000,18.500,1,1,2,aed_khong_chac,0.422,0.000,0.000,0.637
Clean_oQdfUZBssBE.wav,Clean,22.500,23.000,1,1,2,aed_khong_chac,0.341,0.000,0.000,0.633
Clean_oQdfUZBssBE.wav,Clean,39.000,39.500,1,1,2,aed_khong_chac,0.335,0.000,0.000,0.815
Clean_oQdfUZBssBE.wav,Clean,43.500,44.000,1,1,2,aed_khong_chac,0.493,0.000,0.000,0.561
Clean_oQdfUZBssBE.wav,Clean,54.500,55.500,2,1,2,aed_khong_chac,0.355,0.000,0.001,0.460
Clean_oQdfUZBssBE.wav,Clean,65.000,65.500,1,1,2,aed_khong_chac,0.366,0.000,0.000,0.516
Clean_oQdfUZBssBE.wav,Clean,95.500,96.000,1,1,2,aed_khong_chac,0.390,0.000,0.001,0.503
Clean_oQdfUZBssBE.wav,Clean,102.500,103.000,1,0,2,aed_khong_chac,0.392,0.000,0.000,0.313
Clean_oTZTH-tBXpw.wav,Clean,27.500,28.000,1,1,2,aed_khong_chac,0.367,0.051,0.952,0.609
Clean_oTZTH-tBXpw.wav,Clean,58.000,58.500,1,1,2,aed_khong_chac,0.309,0.005,0.148,0.504
Clean_oTZTH-tBXpw.wav,Clean,62.500,63.000,1,1,2,aed_khong_chac,0.456,0.000,0.001,0.568
Clean_oTZTH-tBXpw.wav,Clean,63.500,64.000,1,1,2,aed_khong_chac,0.448,0.000,0.001,0.568
Clean_oTZTH-tBXpw.wav,Clean,78.500,79.000,1,1,2,aed_khong_chac,0.462,0.001,0.000,0.518
Clean_oTZTH-tBXpw.wav,Clean,80.000,80.500,1,1,2,aed_khong_chac,0.493,0.000,0.002,0.541
Clean_pjMCyLsRNig.wav,Clean,6.000,6.500,1,1,2,aed_khong_chac,0.433,0.043,0.485,0.585
Clean_pjMCyLsRNig.wav,Clean,11.000,11.500,1,1,2,aed_khong_chac,0.451,0.068,0.452,0.757
Clean_pjMCyLsRNig.wav,Clean,14.500,15.000,1,1,2,aed_khong_chac,0.442,0.051,0.778,0.558
Clean_pjMCyLsRNig.wav,Clean,44.000,44.500,1,1,2,aed_khong_chac,0.379,0.000,0.000,0.582
Clean_pjMCyLsRNig.wav,Clean,69.000,69.500,1,1,2,aed_khong_chac,0.390,0.000,0.000,0.760
Clean_pjMCyLsRNig.wav,Clean,77.000,77.500,1,1,2,aed_khong_chac,0.321,0.001,0.001,0.593
Clean_pjMCyLsRNig.wav,Clean,86.500,87.000,1,1,2,aed_khong_chac,0.454,0.000,0.000,0.527
Clean_pjMCyLsRNig.wav,Clean,100.000,100.500,1,1,2,aed_khong_chac,0.418,0.000,0.000,0.890
Clean_pjMCyLsRNig.wav,Clean,113.000,113.500,1,1,2,aed_khong_chac,0.400,0.000,0.000,0.492
Clean_sUX_oeRyCwU.wav,Clean,86.500,87.000,1,1,2,aed_khong_chac,0.457,0.000,0.000,0.623
Clean_sUX_oeRyCwU.wav,Clean,89.500,90.000,1,0,2,aed_khong_chac,0.403,0.000,0.000,0.291
Clean_sUX_oeRyCwU.wav,Clean,114.500,115.000,1,0,2,aed_khong_chac,0.422,0.000,0.000,0.387
Clean_sUX_oeRyCwU.wav,Clean,117.000,117.500,1,1,2,aed_khong_chac,0.445,0.000,0.000,0.581
Clean_wdlij-jP5UI.wav,Clean,15.500,16.000,1,1,2,aed_khong_chac,0.498,0.057,0.541,0.781
Clean_wdlij-jP5UI.wav,Clean,60.000,60.500,1,1,2,aed_khong_chac,0.375,0.001,0.003,0.573
Clean_wdlij-jP5UI.wav,Clean,67.000,67.500,1,1,2,aed_khong_chac,0.400,0.001,0.001,0.537
Clean_wfNAN7ZZJnE.wav,Clean,6.000,6.500,1,1,2,aed_khong_chac,0.388,0.018,0.554,0.817
Clean_wfNAN7ZZJnE.wav,Clean,8.000,8.500,1,0,2,aed_khong_chac,0.321,0.016,0.956,0.142
Clean_wfNAN7ZZJnE.wav,Clean,27.000,30.000,6,0,2,silero_nghe_hat,0.033,0.956,0.966,0.892
Clean_wfNAN7ZZJnE.wav,Clean,31.500,32.500,2,0,2,silero_nghe_hat,0.027,0.976,0.853,0.915
Clean_wfNAN7ZZJnE.wav,Clean,33.500,34.000,1,0,2,aed_khong_chac,0.444,0.007,0.191,0.267
Clean_wfNAN7ZZJnE.wav,Clean,38.000,38.500,1,1,2,aed_khong_chac,0.405,0.005,0.002,0.625
Clean_wfNAN7ZZJnE.wav,Clean,49.000,49.500,1,1,2,aed_khong_chac,0.442,0.000,0.001,0.542
Clean_wfNAN7ZZJnE.wav,Clean,55.000,55.500,1,1,2,aed_khong_chac,0.465,0.000,0.000,0.661
Clean_wfNAN7ZZJnE.wav,Clean,60.500,61.000,1,1,2,aed_khong_chac,0.440,0.001,0.000,0.671
Clean_wfNAN7ZZJnE.wav,Clean,61.500,62.000,1,1,2,aed_khong_chac,0.474,0.002,0.000,0.528
Clean_wfNAN7ZZJnE.wav,Clean,66.000,66.500,1,1,2,aed_khong_chac,0.364,0.001,0.000,0.594
Clean_wfNAN7ZZJnE.wav,Clean,70.000,70.500,1,1,2,aed_khong_chac,0.495,0.002,0.002,0.707
Clean_wfNAN7ZZJnE.wav,Clean,77.000,77.500,1,1,2,aed_khong_chac,0.446,0.167,0.004,0.828
Clean_wfNAN7ZZJnE.wav,Clean,109.500,110.000,1,1,2,aed_khong_chac,0.456,0.001,0.000,0.603
Clean_wfNAN7ZZJnE.wav,Clean,115.500,116.000,1,1,2,aed_khong_chac,0.455,0.000,0.001,0.594
Clean_x5t9Dqs0DPw.wav,Clean,30.000,30.500,1,0,2,aed_khong_chac,0.307,0.000,0.000,0.225
Clean_x5t9Dqs0DPw.wav,Clean,33.500,34.000,1,0,2,aed_khong_chac,0.311,0.000,0.001,0.275
Clean_x5t9Dqs0DPw.wav,Clean,38.000,38.500,1,0,2,aed_khong_chac,0.375,0.000,0.000,0.307
Clean_x5t9Dqs0DPw.wav,Clean,41.000,41.500,1,1,2,aed_khong_chac,0.376,0.000,0.000,0.516
Clean_x5t9Dqs0DPw.wav,Clean,48.000,48.500,1,1,2,aed_khong_chac,0.407,0.001,0.000,0.603
Clean_x5t9Dqs0DPw.wav,Clean,51.500,52.000,1,1,2,aed_khong_chac,0.460,0.010,0.002,0.648
Clean_x5t9Dqs0DPw.wav,Clean,54.500,55.000,1,1,2,aed_khong_chac,0.458,0.001,0.000,0.515
Clean_x5t9Dqs0DPw.wav,Clean,61.500,62.000,1,1,2,aed_khong_chac,0.359,0.001,0.000,0.557
Clean_x5t9Dqs0DPw.wav,Clean,62.500,63.000,1,0,2,aed_khong_chac,0.326,0.000,0.000,0.341
Clean_x5t9Dqs0DPw.wav,Clean,64.000,64.500,1,1,2,aed_khong_chac,0.491,0.000,0.000,0.861
Clean_x5t9Dqs0DPw.wav,Clean,75.500,76.000,1,1,2,aed_khong_chac,0.480,0.002,0.017,0.534
Clean_x5t9Dqs0DPw.wav,Clean,77.000,77.500,1,1,2,aed_khong_chac,0.388,0.001,0.006,0.514
Clean_x5t9Dqs0DPw.wav,Clean,102.000,102.500,1,1,2,aed_khong_chac,0.478,0.000,0.000,0.581
Clean_x5t9Dqs0DPw.wav,Clean,106.000,106.500,1,1,2,aed_khong_chac,0.448,0.000,0.003,0.526
Clean_x5t9Dqs0DPw.wav,Clean,114.500,115.000,1,1,2,aed_khong_chac,0.456,0.000,0.000,0.614
Clean_zYI-H_Ub5pQ.wav,Clean,4.000,4.500,1,1,2,aed_khong_chac,0.483,0.001,0.001,0.632
Clean_zYI-H_Ub5pQ.wav,Clean,8.500,9.000,1,1,2,aed_khong_chac,0.499,0.000,0.000,0.705
Clean_zYI-H_Ub5pQ.wav,Clean,79.000,80.000,2,1,2,aed_khong_chac,0.399,0.000,0.000,0.552
Clean_zYI-H_Ub5pQ.wav,Clean,84.500,85.000,1,1,2,aed_khong_chac,0.449,0.000,0.000,0.611
Clean_zYI-H_Ub5pQ.wav,Clean,114.000,114.500,1,1,2,aed_khong_chac,0.411,0.000,0.000,0.519
Music_1vrEljMfXYo.wav,Music,7.500,9.000,3,0,2,silero_nghe_hat,0.007,0.982,0.998,0.638
Music_1vrEljMfXYo.wav,Music,10.500,12.000,3,0,2,silero_nghe_hat,0.005,0.986,0.995,0.861
Music_1vrEljMfXYo.wav,Music,13.000,15.000,4,0,2,silero_nghe_hat,0.024,0.938,0.995,0.711
Music_1vrEljMfXYo.wav,Music,15.500,16.000,1,0,2,silero_nghe_hat,0.050,0.938,0.996,0.552
Music_1vrEljMfXYo.wav,Music,23.000,23.500,1,0,2,silero_nghe_hat,0.002,0.997,0.999,0.523
Music_1vrEljMfXYo.wav,Music,25.500,26.500,2,0,2,silero_nghe_hat,0.003,0.998,0.999,0.507
Music_1vrEljMfXYo.wav,Music,77.000,78.000,2,0,2,silero_nghe_hat,0.003,0.997,0.998,0.519
Music_725WlG1idPc.wav,Music,22.500,24.500,4,0,2,silero_nghe_hat,0.006,0.995,0.990,0.583
Music_725WlG1idPc.wav,Music,25.000,29.000,8,0,2,silero_nghe_hat,0.012,0.988,0.980,0.661
Music_725WlG1idPc.wav,Music,32.500,33.500,2,0,2,silero_nghe_hat,0.006,0.952,0.994,0.572
Music_725WlG1idPc.wav,Music,40.500,42.000,3,0,2,silero_nghe_hat,0.004,0.995,0.999,0.675
Music_725WlG1idPc.wav,Music,43.000,45.000,4,0,2,silero_nghe_hat,0.002,0.998,0.999,0.657
Music_725WlG1idPc.wav,Music,48.000,51.000,6,0,2,silero_nghe_hat,0.004,0.989,0.998,0.682
Music_725WlG1idPc.wav,Music,60.500,61.500,2,0,2,silero_nghe_hat,0.015,0.994,0.999,0.550
Music_725WlG1idPc.wav,Music,71.000,71.500,1,0,2,silero_nghe_hat,0.001,0.999,0.999,0.503
Music_CcUD7Lcjgek.wav,Music,27.000,27.500,1,0,2,silero_nghe_hat,0.020,0.995,0.995,0.622
Music_CcUD7Lcjgek.wav,Music,28.000,30.000,4,0,2,silero_nghe_hat,0.015,0.996,0.994,0.846
Music_CcUD7Lcjgek.wav,Music,30.500,35.500,10,0,2,silero_nghe_hat,0.005,0.995,0.989,0.808
Music_CcUD7Lcjgek.wav,Music,38.000,47.000,18,0,2,silero_nghe_hat,0.005,0.993,0.996,0.854
Music_CcUD7Lcjgek.wav,Music,47.500,52.500,10,0,2,silero_nghe_hat,0.004,0.998,0.999,0.765
Music_CcUD7Lcjgek.wav,Music,54.000,54.500,1,0,2,silero_nghe_hat,0.002,0.998,0.999,0.601
Music_Em7vc8NWUNY.wav,Music,1.000,3.000,4,0,2,silero_nghe_hat,0.005,0.938,0.999,0.875
Music_Em7vc8NWUNY.wav,Music,3.500,5.500,4,0,2,silero_nghe_hat,0.001,0.986,0.999,0.846
Music_Em7vc8NWUNY.wav,Music,6.000,7.500,3,0,2,silero_nghe_hat,0.001,0.996,0.999,0.968
Music_Em7vc8NWUNY.wav,Music,8.500,10.500,4,0,2,silero_nghe_hat,0.001,0.987,0.999,0.848
Music_Em7vc8NWUNY.wav,Music,11.000,13.000,4,0,2,silero_nghe_hat,0.001,0.991,0.999,0.963
Music_Em7vc8NWUNY.wav,Music,13.500,18.000,9,0,2,silero_nghe_hat,0.000,0.998,1.000,0.974
Music_Em7vc8NWUNY.wav,Music,19.000,20.500,3,0,2,silero_nghe_hat,0.001,0.986,0.999,0.928
Music_Em7vc8NWUNY.wav,Music,21.000,22.500,3,0,2,silero_nghe_hat,0.001,0.995,0.999,0.908
Music_Em7vc8NWUNY.wav,Music,23.000,25.000,4,0,2,silero_nghe_hat,0.003,0.993,0.999,0.926
Music_Em7vc8NWUNY.wav,Music,25.500,30.000,9,0,2,silero_nghe_hat,0.001,0.991,0.998,0.927
Music_Em7vc8NWUNY.wav,Music,31.000,32.500,3,0,2,silero_nghe_hat,0.001,0.997,1.000,0.861
Music_Em7vc8NWUNY.wav,Music,33.500,35.000,3,0,2,silero_nghe_hat,0.001,0.998,1.000,0.889
Music_Em7vc8NWUNY.wav,Music,36.000,37.500,3,0,2,silero_nghe_hat,0.058,0.945,0.999,0.933
Music_Em7vc8NWUNY.wav,Music,38.000,38.500,1,0,2,silero_nghe_hat,0.002,0.979,0.991,0.660
Music_Em7vc8NWUNY.wav,Music,39.000,40.000,2,0,2,silero_nghe_hat,0.005,0.996,0.891,0.839
Music_HLeYvefzUFA.wav,Music,26.000,26.500,1,0,2,aed_khong_chac,0.342,0.828,0.996,0.000
Music_U2SVCCENLjE.wav,Music,1.000,3.000,4,0,2,silero_nghe_hat,0.004,0.997,0.999,0.819
Music_U2SVCCENLjE.wav,Music,4.000,6.500,5,0,2,silero_nghe_hat,0.002,0.999,0.999,0.722
Music_U2SVCCENLjE.wav,Music,7.000,9.500,5,0,2,silero_nghe_hat,0.001,0.980,0.999,0.864
Music_U2SVCCENLjE.wav,Music,13.000,15.000,4,0,2,silero_nghe_hat,0.002,0.998,0.999,0.720
Music_U2SVCCENLjE.wav,Music,16.000,17.000,2,0,2,silero_nghe_hat,0.002,0.998,0.999,0.611
Music_U2SVCCENLjE.wav,Music,17.500,21.500,8,0,2,silero_nghe_hat,0.001,0.979,0.999,0.658
Music_U2SVCCENLjE.wav,Music,23.000,24.500,3,0,2,silero_nghe_hat,0.002,0.995,1.000,0.734
Music_U2SVCCENLjE.wav,Music,28.500,29.000,1,0,2,silero_nghe_hat,0.005,0.997,0.998,0.598
Music_U2SVCCENLjE.wav,Music,29.500,30.000,1,0,2,silero_nghe_hat,0.002,0.999,0.999,0.507
Music_U2SVCCENLjE.wav,Music,30.500,32.000,3,0,2,silero_nghe_hat,0.003,0.998,0.999,0.574
Music_U2SVCCENLjE.wav,Music,32.500,35.000,5,0,2,silero_nghe_hat,0.001,0.998,1.000,0.640
Music_U2SVCCENLjE.wav,Music,35.500,36.500,2,0,2,silero_nghe_hat,0.003,0.995,0.999,0.617
Music_U2SVCCENLjE.wav,Music,38.000,38.500,1,0,2,silero_nghe_hat,0.003,0.997,0.999,0.502
Music_U2SVCCENLjE.wav,Music,42.500,43.500,2,0,2,silero_nghe_hat,0.010,0.997,0.999,0.671
Music_U2SVCCENLjE.wav,Music,44.000,44.500,1,0,2,silero_nghe_hat,0.014,0.998,0.999,0.516
Music_U2SVCCENLjE.wav,Music,47.000,48.500,3,0,2,silero_nghe_hat,0.002,0.999,0.999,0.542
Music_U2SVCCENLjE.wav,Music,57.500,59.500,4,0,2,silero_nghe_hat,0.002,0.998,0.999,0.591
Music_U2SVCCENLjE.wav,Music,69.500,72.000,5,0,2,silero_nghe_hat,0.004,0.999,1.000,0.660
Music_U2SVCCENLjE.wav,Music,73.500,75.000,3,0,2,silero_nghe_hat,0.001,0.996,1.000,0.583
Music_U2SVCCENLjE.wav,Music,82.500,83.500,2,0,2,silero_nghe_hat,0.002,0.998,1.000,0.524
Music_U2SVCCENLjE.wav,Music,92.500,93.500,2,0,2,silero_nghe_hat,0.002,0.998,0.999,0.671
Music_VikHHWrgb4Y.wav,Music,9.000,15.500,13,0,2,silero_nghe_hat,0.021,0.945,0.999,0.828
Music_VikHHWrgb4Y.wav,Music,19.000,24.500,11,0,2,silero_nghe_hat,0.004,0.996,0.997,0.908
Music_VikHHWrgb4Y.wav,Music,28.000,31.500,7,0,2,silero_nghe_hat,0.002,0.985,0.999,0.746
Music_hnjGqS1Doto.wav,Music,18.000,18.500,1,0,2,silero_nghe_hat,0.035,0.934,0.998,0.931
Music_hnjGqS1Doto.wav,Music,19.500,20.500,2,0,2,silero_nghe_hat,0.002,0.987,0.999,0.546
Music_hnjGqS1Doto.wav,Music,22.000,25.000,6,0,2,silero_nghe_hat,0.002,0.998,0.997,0.623
Music_hnjGqS1Doto.wav,Music,26.000,28.500,5,0,2,silero_nghe_hat,0.010,0.992,0.994,0.780
Music_hnjGqS1Doto.wav,Music,30.000,32.500,5,0,2,silero_nghe_hat,0.005,0.994,0.994,0.734
Music_hnjGqS1Doto.wav,Music,38.500,41.500,6,0,2,silero_nghe_hat,0.008,0.995,0.999,0.708
Music_hnjGqS1Doto.wav,Music,42.500,43.500,2,0,2,silero_nghe_hat,0.001,0.993,0.999,0.737
Music_hnjGqS1Doto.wav,Music,44.000,45.500,3,0,2,silero_nghe_hat,0.007,0.996,0.998,0.586
Music_hnjGqS1Doto.wav,Music,47.000,48.000,2,0,2,silero_nghe_hat,0.068,0.970,0.998,0.792
Music_hnjGqS1Doto.wav,Music,49.000,49.500,1,0,2,silero_nghe_hat,0.004,0.991,0.997,0.699
Music_hnjGqS1Doto.wav,Music,56.000,57.000,2,0,2,silero_nghe_hat,0.009,0.987,0.987,0.607
Music_nb8CnIo_-_A.wav,Music,11.500,12.500,2,0,2,silero_nghe_hat,0.003,0.989,0.982,0.558
Music_nb8CnIo_-_A.wav,Music,55.000,58.000,6,0,2,silero_nghe_hat,0.002,0.995,0.991,0.766
Music_nb8CnIo_-_A.wav,Music,59.000,60.000,2,0,2,silero_nghe_hat,0.009,0.968,1.000,0.764
Music_nb8CnIo_-_A.wav,Music,60.500,64.500,8,0,2,silero_nghe_hat,0.005,0.992,0.991,0.808
Music_nb8CnIo_-_A.wav,Music,65.000,69.500,9,0,2,silero_nghe_hat,0.002,0.998,0.997,0.776
Music_nb8CnIo_-_A.wav,Music,71.000,71.500,1,0,2,silero_nghe_hat,0.003,0.992,0.975,0.758
Music_nb8CnIo_-_A.wav,Music,77.500,78.000,1,0,2,silero_nghe_hat,0.003,0.996,0.999,0.577
Music_nja_0BaQcNg.wav,Music,22.000,22.500,1,0,2,silero_nghe_hat,0.001,0.998,0.999,0.557
Music_nja_0BaQcNg.wav,Music,25.000,25.500,1,0,2,silero_nghe_hat,0.002,0.996,0.996,0.591
Music_nja_0BaQcNg.wav,Music,26.500,27.000,1,0,2,silero_nghe_hat,0.001,0.999,0.999,0.604
Music_nja_0BaQcNg.wav,Music,32.000,33.000,2,0,2,silero_nghe_hat,0.012,0.995,0.997,0.618
Music_nja_0BaQcNg.wav,Music,36.000,37.000,2,0,2,silero_nghe_hat,0.002,0.998,0.997,0.603
Music_nja_0BaQcNg.wav,Music,39.000,40.500,3,0,2,silero_nghe_hat,0.003,0.993,0.990,0.566
Music_nja_0BaQcNg.wav,Music,41.000,42.000,2,0,2,silero_nghe_hat,0.002,0.995,0.995,0.510
Music_nja_0BaQcNg.wav,Music,44.500,46.000,3,0,2,silero_nghe_hat,0.002,0.997,0.997,0.580
Music_nja_0BaQcNg.wav,Music,47.500,49.000,3,0,2,silero_nghe_hat,0.002,0.993,0.997,0.749
Music_nja_0BaQcNg.wav,Music,49.500,53.000,7,0,2,silero_nghe_hat,0.017,0.987,0.989,0.680
Music_nja_0BaQcNg.wav,Music,53.500,57.500,8,0,2,silero_nghe_hat,0.002,0.997,0.989,0.596
Music_nja_0BaQcNg.wav,Music,110.500,111.500,2,0,2,silero_nghe_hat,0.006,0.969,0.999,0.573
Music_nja_0BaQcNg.wav,Music,112.500,116.000,7,0,2,silero_nghe_hat,0.001,0.996,0.998,0.798
Music_rxovPkgqOXc.wav,Music,13.000,23.000,20,0,2,silero_nghe_hat,0.001,0.996,1.000,0.896
Music_rxovPkgqOXc.wav,Music,26.500,31.000,9,0,2,silero_nghe_hat,0.006,0.998,0.999,0.872
Music_rxovPkgqOXc.wav,Music,31.500,36.500,10,0,2,silero_nghe_hat,0.000,0.999,1.000,0.821
Music_rxovPkgqOXc.wav,Music,37.500,38.000,1,0,2,silero_nghe_hat,0.004,0.999,0.999,0.830
Music_rxovPkgqOXc.wav,Music,44.000,45.000,2,0,2,silero_nghe_hat,0.001,0.995,0.999,0.457
Music_rxovPkgqOXc.wav,Music,55.500,56.500,2,0,2,silero_nghe_hat,0.001,0.999,0.999,0.523
Music_rxovPkgqOXc.wav,Music,77.000,77.500,1,0,2,silero_nghe_hat,0.001,0.999,1.000,0.556
Music_tf7VWiRbGRs.wav,Music,2.000,5.000,6,0,2,silero_nghe_hat,0.002,0.988,0.999,0.892
Music_tf7VWiRbGRs.wav,Music,7.500,10.000,5,0,2,silero_nghe_hat,0.003,0.987,0.989,0.932
Music_tf7VWiRbGRs.wav,Music,13.500,16.500,6,0,2,silero_nghe_hat,0.003,0.989,0.993,0.878
Music_tf7VWiRbGRs.wav,Music,19.500,22.500,6,0,2,silero_nghe_hat,0.002,0.989,0.998,0.921
Music_tf7VWiRbGRs.wav,Music,23.500,25.000,3,0,2,silero_nghe_hat,0.005,0.757,0.989,0.716
Music_tf7VWiRbGRs.wav,Music,25.500,26.000,1,0,2,silero_nghe_hat,0.005,0.746,0.998,0.527
Music_tf7VWiRbGRs.wav,Music,26.500,27.500,2,0,2,silero_nghe_hat,0.001,0.996,1.000,0.814
Music_tf7VWiRbGRs.wav,Music,28.500,29.000,1,0,2,silero_nghe_hat,0.002,0.947,0.999,0.532
Music_tf7VWiRbGRs.wav,Music,36.000,36.500,1,0,2,silero_nghe_hat,0.002,0.991,0.999,0.718
Music_tf7VWiRbGRs.wav,Music,37.500,38.000,1,0,2,silero_nghe_hat,0.001,0.950,0.998,0.568
Music_tf7VWiRbGRs.wav,Music,38.500,39.500,2,0,2,silero_nghe_hat,0.005,0.985,0.999,0.767
Music_tf7VWiRbGRs.wav,Music,41.500,43.500,4,0,2,silero_nghe_hat,0.004,0.994,0.999,0.579
Music_tf7VWiRbGRs.wav,Music,47.500,48.000,1,0,2,silero_nghe_hat,0.001,0.999,1.000,0.482
Music_tf7VWiRbGRs.wav,Music,56.500,57.000,1,0,2,silero_nghe_hat,0.002,0.991,0.998,0.699
Music_tf7VWiRbGRs.wav,Music,104.500,106.000,3,0,2,silero_nghe_hat,0.002,0.997,0.975,0.682
Music_tf7VWiRbGRs.wav,Music,109.500,112.000,5,0,2,silero_nghe_hat,0.002,0.978,0.980,0.768
Music_tf7VWiRbGRs.wav,Music,115.500,119.500,8,0,2,silero_nghe_hat,0.002,0.997,0.995,0.699
Music_tzGfiZ2RI10.wav,Music,9.000,18.500,19,0,2,silero_nghe_hat,0.005,0.989,0.910,0.862
Music_tzGfiZ2RI10.wav,Music,19.000,21.000,4,0,2,silero_nghe_hat,0.003,0.933,0.988,0.819
Music_tzGfiZ2RI10.wav,Music,24.000,37.000,26,0,2,silero_nghe_hat,0.001,0.989,0.969,0.861
Music_tzGfiZ2RI10.wav,Music,80.500,84.500,8,0,2,silero_nghe_hat,0.001,0.997,0.998,0.605
Music_tzGfiZ2RI10.wav,Music,85.000,85.500,1,0,2,silero_nghe_hat,0.001,0.997,0.999,0.645
Music_tzGfiZ2RI10.wav,Music,86.500,92.500,12,0,2,silero_nghe_hat,0.002,0.998,0.999,0.678
Music_tzGfiZ2RI10.wav,Music,96.500,98.000,3,0,2,silero_nghe_hat,0.004,0.996,0.999,0.719
Music_tzGfiZ2RI10.wav,Music,98.500,108.500,20,0,2,silero_nghe_hat,0.002,0.997,0.999,0.752
Music_uNIpbNgobVE.wav,Music,106.000,106.500,1,0,2,aed_khong_chac,0.322,0.030,0.998,0.000
Music_v8KND_z--HA.wav,Music,2.000,2.500,1,1,2,aed_khong_chac,0.398,0.015,0.325,0.562
Music_v8KND_z--HA.wav,Music,4.000,4.500,1,0,2,silero_nghe_hat,0.137,0.737,0.996,0.485
Music_v8KND_z--HA.wav,Music,33.500,35.000,3,0,2,silero_nghe_hat,0.002,0.999,0.999,0.604
Music_v8KND_z--HA.wav,Music,36.000,38.500,5,0,2,silero_nghe_hat,0.001,0.998,0.998,0.700
Music_v8KND_z--HA.wav,Music,42.500,48.000,11,0,2,silero_nghe_hat,0.001,0.997,0.999,0.680
Music_v8KND_z--HA.wav,Music,48.500,49.500,2,0,2,silero_nghe_hat,0.003,0.998,0.998,0.688
Music_v8KND_z--HA.wav,Music,50.000,51.500,3,0,2,silero_nghe_hat,0.006,0.992,0.995,0.586
Music_v8KND_z--HA.wav,Music,52.500,54.500,4,0,2,silero_nghe_hat,0.001,0.998,0.999,0.688
Music_v8KND_z--HA.wav,Music,69.000,70.500,3,0,2,silero_nghe_hat,0.004,0.997,0.993,0.561
Music_v8KND_z--HA.wav,Music,71.000,72.500,3,0,2,silero_nghe_hat,0.003,0.998,0.998,0.694
Music_v8KND_z--HA.wav,Music,104.000,105.000,2,0,2,silero_nghe_hat,0.002,0.998,0.999,0.531
Music_v8KND_z--HA.wav,Music,105.500,115.000,19,0,2,silero_nghe_hat,0.002,0.997,0.993,0.667
Music_v8KND_z--HA.wav,Music,115.500,117.500,4,0,2,silero_nghe_hat,0.005,0.997,0.988,0.676
Music_v8KND_z--HA.wav,Music,118.000,119.500,3,0,2,silero_nghe_hat,0.001,0.999,1.000,0.669
Music_xXEx0DyIMks.wav,Music,10.000,11.500,3,0,2,silero_nghe_hat,0.003,0.989,0.999,0.922
Music_xXEx0DyIMks.wav,Music,12.000,14.500,5,0,2,silero_nghe_hat,0.003,0.885,0.998,0.828
Music_xXEx0DyIMks.wav,Music,15.500,20.500,10,0,2,silero_nghe_hat,0.003,0.985,0.997,0.854
Music_xXEx0DyIMks.wav,Music,22.000,28.000,12,0,2,silero_nghe_hat,0.005,0.989,0.994,0.938
Music_xXEx0DyIMks.wav,Music,28.500,33.000,9,0,2,silero_nghe_hat,0.029,0.975,0.968,0.896
Music_xXEx0DyIMks.wav,Music,33.500,43.500,20,0,2,silero_nghe_hat,0.007,0.995,0.999,0.861
Music_xXEx0DyIMks.wav,Music,44.000,46.000,4,0,2,silero_nghe_hat,0.002,0.997,1.000,0.897
Music_xXEx0DyIMks.wav,Music,46.500,48.500,4,0,2,silero_nghe_hat,0.002,0.997,0.999,0.811
Music_xXEx0DyIMks.wav,Music,50.000,52.000,4,0,2,silero_nghe_hat,0.003,0.997,0.998,0.699
Music_xXEx0DyIMks.wav,Music,52.500,53.500,2,0,2,silero_nghe_hat,0.001,0.998,0.998,0.646
Music_xXEx0DyIMks.wav,Music,73.500,74.000,1,0,2,silero_nghe_hat,0.002,0.997,0.999,0.586
Music_xXEx0DyIMks.wav,Music,74.500,75.500,2,0,2,silero_nghe_hat,0.002,0.998,0.999,0.550
Music_xXEx0DyIMks.wav,Music,78.500,80.000,3,0,2,silero_nghe_hat,0.002,0.995,0.980,0.585
Music_xXEx0DyIMks.wav,Music,80.500,91.000,21,0,2,silero_nghe_hat,0.004,0.996,0.999,0.746
Music_xXEx0DyIMks.wav,Music,91.500,94.000,5,0,2,silero_nghe_hat,0.001,0.998,0.998,0.862
Music_xXEx0DyIMks.wav,Music,94.500,99.000,9,0,2,silero_nghe_hat,0.002,0.998,0.999,0.836
Music_xXEx0DyIMks.wav,Music,100.000,101.500,3,0,2,silero_nghe_hat,0.001,0.994,1.000,0.714
Music_xXEx0DyIMks.wav,Music,103.000,104.500,3,0,2,silero_nghe_hat,0.004,0.996,0.999,0.628
Music_xXEx0DyIMks.wav,Music,105.500,107.000,3,0,2,silero_nghe_hat,0.002,0.996,0.998,0.574
Music_xXEx0DyIMks.wav,Music,110.000,111.500,3,0,2,silero_nghe_hat,0.002,0.998,0.997,0.621
Music_xXEx0DyIMks.wav,Music,113.500,115.000,3,0,2,silero_nghe_hat,0.002,0.999,1.000,0.629
Music_xXEx0DyIMks.wav,Music,116.000,117.500,3,0,2,silero_nghe_hat,0.003,0.999,1.000,0.523
Noise_4xp8qgZSbP4.wav,Noise,18.500,19.000,1,0,2,aed_khong_chac,0.378,0.159,0.645,0.000
Noise_9a4qsMCX81E.wav,Noise,77.500,78.000,1,0,2,aed_khong_chac,0.380,0.020,0.008,0.000
Noise_BAw342Xqxhs.wav,Noise,59.000,59.500,1,0,2,aed_khong_chac,0.328,0.027,0.185,0.000
Noise_C7Kez-mefBU.wav,Noise,22.500,23.000,1,0,2,aed_khong_chac,0.345,0.006,0.037,0.000
Noise_C7Kez-mefBU.wav,Noise,34.500,35.000,1,0,2,aed_khong_chac,0.314,0.002,0.051,0.000
Noise_S8BrFYIR26Y.wav,Noise,72.500,73.000,1,0,2,aed_khong_chac,0.302,0.008,0.949,0.000
Noise_mZVPAwf9LUA.wav,Noise,24.000,24.500,1,0,2,aed_khong_chac,0.329,0.003,0.047,0.000
Noise_mZVPAwf9LUA.wav,Noise,64.000,64.500,1,0,2,aed_khong_chac,0.306,0.002,0.055,0.000
Noise_snOr94AWKSQ.wav,Noise,17.000,17.500,1,0,2,aed_khong_chac,0.361,0.003,0.016,0.006
