tap,config,category,mask,thr,TP,FN,FP,TN,FEC,MSC,OVER,NDS
dev,A0,Tất cả,all,0.01,4230,101,2576,2622,,,,
dev,A0,Tất cả,all,0.02,4131,200,2076,3122,,,,
dev,A0,Tất cả,all,0.03,4049,282,1767,3431,,,,
dev,A0,Tất cả,all,0.04,3980,351,1538,3660,,,,
dev,A0,Tất cả,all,0.05,3925,406,1380,3818,,,,
dev,A0,Tất cả,all,0.06,3884,447,1251,3947,,,,
dev,A0,Tất cả,all,0.07,3827,504,1143,4055,,,,
dev,A0,Tất cả,all,0.08,3797,534,1057,4141,,,,
dev,A0,Tất cả,all,0.09,3770,561,983,4215,,,,
dev,A0,Tất cả,all,0.1,3737,594,914,4284,,,,
dev,A0,Tất cả,all,0.11,3705,626,845,4353,,,,
dev,A0,Tất cả,all,0.12,3667,664,782,4416,,,,
dev,A0,Tất cả,all,0.13,3630,701,729,4469,,,,
dev,A0,Tất cả,all,0.14,3605,726,680,4518,,,,
dev,A0,Tất cả,all,0.15,3575,756,638,4560,,,,
dev,A0,Tất cả,all,0.16,3546,785,598,4600,,,,
dev,A0,Tất cả,all,0.17,3522,809,557,4641,,,,
dev,A0,Tất cả,all,0.18,3490,841,515,4683,,,,
dev,A0,Tất cả,all,0.19,3464,867,471,4727,,,,
dev,A0,Tất cả,all,0.2,3436,895,444,4754,,,,
dev,A0,Tất cả,all,0.21,3407,924,418,4780,,,,
dev,A0,Tất cả,all,0.22,3381,950,391,4807,,,,
dev,A0,Tất cả,all,0.23,3364,967,370,4828,,,,
dev,A0,Tất cả,all,0.24,3337,994,346,4852,,,,
dev,A0,Tất cả,all,0.25,3320,1011,335,4863,,,,
dev,A0,Tất cả,all,0.26,3305,1026,312,4886,,,,
dev,A0,Tất cả,all,0.27,3289,1042,292,4906,,,,
dev,A0,Tất cả,all,0.28,3267,1064,284,4914,,,,
dev,A0,Tất cả,all,0.29,3247,1084,272,4926,,,,
dev,A0,Tất cả,all,0.3,3227,1104,262,4936,,,,
dev,A0,Tất cả,all,0.31,3216,1115,250,4948,,,,
dev,A0,Tất cả,all,0.32,3202,1129,233,4965,,,,
dev,A0,Tất cả,all,0.33,3177,1154,220,4978,,,,
dev,A0,Tất cả,all,0.34,3160,1171,210,4988,,,,
dev,A0,Tất cả,all,0.35,3141,1190,203,4995,,,,
dev,A0,Tất cả,all,0.36,3124,1207,194,5004,,,,
dev,A0,Tất cả,all,0.37,3111,1220,189,5009,,,,
dev,A0,Tất cả,all,0.38,3096,1235,180,5018,,,,
dev,A0,Tất cả,all,0.39,3083,1248,170,5028,,,,
dev,A0,Tất cả,all,0.4,3062,1269,160,5038,,,,
dev,A0,Tất cả,all,0.41,3049,1282,151,5047,,,,
dev,A0,Tất cả,all,0.42,3034,1297,144,5054,,,,
dev,A0,Tất cả,all,0.43,3010,1321,139,5059,,,,
dev,A0,Tất cả,all,0.44,2992,1339,133,5065,,,,
dev,A0,Tất cả,all,0.45,2974,1357,131,5067,,,,
dev,A0,Tất cả,all,0.46,2953,1378,124,5074,,,,
dev,A0,Tất cả,all,0.47,2937,1394,124,5074,,,,
dev,A0,Tất cả,all,0.48,2917,1414,121,5077,,,,
dev,A0,Tất cả,all,0.49,2897,1434,119,5079,,,,
dev,A0,Tất cả,all,0.5,2876,1455,114,5084,,,,
dev,A0,Tất cả,all,0.51,2859,1472,110,5088,,,,
dev,A0,Tất cả,all,0.52,2846,1485,105,5093,,,,
dev,A0,Tất cả,all,0.53,2828,1503,102,5096,,,,
dev,A0,Tất cả,all,0.54,2815,1516,98,5100,,,,
dev,A0,Tất cả,all,0.55,2799,1532,97,5101,,,,
dev,A0,Tất cả,all,0.56,2782,1549,94,5104,,,,
dev,A0,Tất cả,all,0.57,2762,1569,92,5106,,,,
dev,A0,Tất cả,all,0.58,2754,1577,89,5109,,,,
dev,A0,Tất cả,all,0.59,2740,1591,86,5112,,,,
dev,A0,Tất cả,all,0.6,2721,1610,84,5114,,,,
dev,A0,Tất cả,all,0.61,2703,1628,80,5118,,,,
dev,A0,Tất cả,all,0.62,2679,1652,77,5121,,,,
dev,A0,Tất cả,all,0.63,2656,1675,75,5123,,,,
dev,A0,Tất cả,all,0.64,2640,1691,74,5124,,,,
dev,A0,Tất cả,all,0.65,2618,1713,73,5125,,,,
dev,A0,Tất cả,all,0.66,2600,1731,71,5127,,,,
dev,A0,Tất cả,all,0.67,2584,1747,68,5130,,,,
dev,A0,Tất cả,all,0.68,2570,1761,64,5134,,,,
dev,A0,Tất cả,all,0.69,2554,1777,62,5136,,,,
dev,A0,Tất cả,all,0.7,2537,1794,62,5136,,,,
dev,A0,Tất cả,all,0.71,2511,1820,61,5137,,,,
dev,A0,Tất cả,all,0.72,2501,1830,59,5139,,,,
dev,A0,Tất cả,all,0.73,2485,1846,58,5140,,,,
dev,A0,Tất cả,all,0.74,2467,1864,56,5142,,,,
dev,A0,Tất cả,all,0.75,2448,1883,55,5143,,,,
dev,A0,Tất cả,all,0.76,2429,1902,55,5143,,,,
dev,A0,Tất cả,all,0.77,2406,1925,53,5145,,,,
dev,A0,Tất cả,all,0.78,2387,1944,51,5147,,,,
dev,A0,Tất cả,all,0.79,2370,1961,49,5149,,,,
dev,A0,Tất cả,all,0.8,2354,1977,46,5152,,,,
dev,A0,Tất cả,all,0.81,2321,2010,45,5153,,,,
dev,A0,Tất cả,all,0.82,2297,2034,44,5154,,,,
dev,A0,Tất cả,all,0.83,2263,2068,44,5154,,,,
dev,A0,Tất cả,all,0.84,2236,2095,39,5159,,,,
dev,A0,Tất cả,all,0.85,2218,2113,39,5159,,,,
dev,A0,Tất cả,all,0.86,2195,2136,38,5160,,,,
dev,A0,Tất cả,all,0.87,2171,2160,38,5160,,,,
dev,A0,Tất cả,all,0.88,2149,2182,36,5162,,,,
dev,A0,Tất cả,all,0.89,2123,2208,35,5163,,,,
dev,A0,Tất cả,all,0.9,2074,2257,35,5163,,,,
dev,A0,Tất cả,all,0.91,2041,2290,35,5163,,,,
dev,A0,Tất cả,all,0.92,1993,2338,34,5164,,,,
dev,A0,Tất cả,all,0.93,1948,2383,33,5165,,,,
dev,A0,Tất cả,all,0.94,1894,2437,33,5165,,,,
dev,A0,Tất cả,all,0.95,1841,2490,33,5165,,,,
dev,A1,Tất cả,all,0.01,4250,81,2706,2492,,,,
dev,A1,Tất cả,all,0.02,4158,173,2163,3035,,,,
dev,A1,Tất cả,all,0.03,4087,244,1836,3362,,,,
dev,A1,Tất cả,all,0.04,4028,303,1600,3598,,,,
dev,A1,Tất cả,all,0.05,3960,371,1430,3768,,,,
dev,A1,Tất cả,all,0.06,3915,416,1317,3881,,,,
dev,A1,Tất cả,all,0.07,3872,459,1232,3966,,,,
dev,A1,Tất cả,all,0.08,3847,484,1145,4053,,,,
dev,A1,Tất cả,all,0.09,3817,514,1078,4120,,,,
dev,A1,Tất cả,all,0.1,3778,553,1011,4187,,,,
dev,A1,Tất cả,all,0.11,3748,583,941,4257,,,,
dev,A1,Tất cả,all,0.12,3709,622,864,4334,,,,
dev,A1,Tất cả,all,0.13,3681,650,801,4397,,,,
dev,A1,Tất cả,all,0.14,3653,678,747,4451,,,,
dev,A1,Tất cả,all,0.15,3626,705,700,4498,,,,
dev,A1,Tất cả,all,0.16,3594,737,649,4549,,,,
dev,A1,Tất cả,all,0.17,3567,764,602,4596,,,,
dev,A1,Tất cả,all,0.18,3535,796,554,4644,,,,
dev,A1,Tất cả,all,0.19,3511,820,512,4686,,,,
dev,A1,Tất cả,all,0.2,3486,845,483,4715,,,,
dev,A1,Tất cả,all,0.21,3462,869,453,4745,,,,
dev,A1,Tất cả,all,0.22,3436,895,423,4775,,,,
dev,A1,Tất cả,all,0.23,3418,913,394,4804,,,,
dev,A1,Tất cả,all,0.24,3402,929,375,4823,,,,
dev,A1,Tất cả,all,0.25,3383,948,356,4842,,,,
dev,A1,Tất cả,all,0.26,3357,974,334,4864,,,,
dev,A1,Tất cả,all,0.27,3345,986,317,4881,,,,
dev,A1,Tất cả,all,0.28,3323,1008,303,4895,,,,
dev,A1,Tất cả,all,0.29,3309,1022,288,4910,,,,
dev,A1,Tất cả,all,0.3,3291,1040,270,4928,,,,
dev,A1,Tất cả,all,0.31,3268,1063,255,4943,,,,
dev,A1,Tất cả,all,0.32,3253,1078,237,4961,,,,
dev,A1,Tất cả,all,0.33,3239,1092,226,4972,,,,
dev,A1,Tất cả,all,0.34,3220,1111,211,4987,,,,
dev,A1,Tất cả,all,0.35,3197,1134,203,4995,,,,
dev,A1,Tất cả,all,0.36,3175,1156,188,5010,,,,
dev,A1,Tất cả,all,0.37,3149,1182,186,5012,,,,
dev,A1,Tất cả,all,0.38,3127,1204,174,5024,,,,
dev,A1,Tất cả,all,0.39,3110,1221,166,5032,,,,
dev,A1,Tất cả,all,0.4,3094,1237,158,5040,,,,
dev,A1,Tất cả,all,0.41,3072,1259,153,5045,,,,
dev,A1,Tất cả,all,0.42,3046,1285,146,5052,,,,
dev,A1,Tất cả,all,0.43,3025,1306,131,5067,,,,
dev,A1,Tất cả,all,0.44,3013,1318,126,5072,,,,
dev,A1,Tất cả,all,0.45,2991,1340,123,5075,,,,
dev,A1,Tất cả,all,0.46,2974,1357,119,5079,,,,
dev,A1,Tất cả,all,0.47,2957,1374,112,5086,,,,
dev,A1,Tất cả,all,0.48,2931,1400,109,5089,,,,
dev,A1,Tất cả,all,0.49,2909,1422,106,5092,,,,
dev,A1,Tất cả,all,0.5,2882,1449,103,5095,,,,
dev,A1,Tất cả,all,0.51,2865,1466,98,5100,,,,
dev,A1,Tất cả,all,0.52,2836,1495,95,5103,,,,
dev,A1,Tất cả,all,0.53,2818,1513,92,5106,,,,
dev,A1,Tất cả,all,0.54,2808,1523,89,5109,,,,
dev,A1,Tất cả,all,0.55,2788,1543,83,5115,,,,
dev,A1,Tất cả,all,0.56,2774,1557,83,5115,,,,
dev,A1,Tất cả,all,0.57,2753,1578,82,5116,,,,
dev,A1,Tất cả,all,0.58,2728,1603,80,5118,,,,
dev,A1,Tất cả,all,0.59,2708,1623,77,5121,,,,
dev,A1,Tất cả,all,0.6,2681,1650,74,5124,,,,
dev,A1,Tất cả,all,0.61,2666,1665,73,5125,,,,
dev,A1,Tất cả,all,0.62,2640,1691,70,5128,,,,
dev,A1,Tất cả,all,0.63,2617,1714,65,5133,,,,
dev,A1,Tất cả,all,0.64,2593,1738,63,5135,,,,
dev,A1,Tất cả,all,0.65,2572,1759,61,5137,,,,
dev,A1,Tất cả,all,0.66,2548,1783,59,5139,,,,
dev,A1,Tất cả,all,0.67,2536,1795,55,5143,,,,
dev,A1,Tất cả,all,0.68,2510,1821,55,5143,,,,
dev,A1,Tất cả,all,0.69,2492,1839,54,5144,,,,
dev,A1,Tất cả,all,0.7,2478,1853,52,5146,,,,
dev,A1,Tất cả,all,0.71,2456,1875,50,5148,,,,
dev,A1,Tất cả,all,0.72,2438,1893,49,5149,,,,
dev,A1,Tất cả,all,0.73,2414,1917,46,5152,,,,
dev,A1,Tất cả,all,0.74,2399,1932,44,5154,,,,
dev,A1,Tất cả,all,0.75,2378,1953,42,5156,,,,
dev,A1,Tất cả,all,0.76,2362,1969,41,5157,,,,
dev,A1,Tất cả,all,0.77,2336,1995,38,5160,,,,
dev,A1,Tất cả,all,0.78,2310,2021,38,5160,,,,
dev,A1,Tất cả,all,0.79,2285,2046,38,5160,,,,
dev,A1,Tất cả,all,0.8,2273,2058,35,5163,,,,
dev,A1,Tất cả,all,0.81,2249,2082,34,5164,,,,
dev,A1,Tất cả,all,0.82,2222,2109,33,5165,,,,
dev,A1,Tất cả,all,0.83,2198,2133,32,5166,,,,
dev,A1,Tất cả,all,0.84,2165,2166,32,5166,,,,
dev,A1,Tất cả,all,0.85,2136,2195,30,5168,,,,
dev,A1,Tất cả,all,0.86,2108,2223,30,5168,,,,
dev,A1,Tất cả,all,0.87,2081,2250,29,5169,,,,
dev,A1,Tất cả,all,0.88,2050,2281,29,5169,,,,
dev,A1,Tất cả,all,0.89,2022,2309,29,5169,,,,
dev,A1,Tất cả,all,0.9,1989,2342,26,5172,,,,
dev,A1,Tất cả,all,0.91,1945,2386,25,5173,,,,
dev,A1,Tất cả,all,0.92,1902,2429,24,5174,,,,
dev,A1,Tất cả,all,0.93,1838,2493,24,5174,,,,
dev,A1,Tất cả,all,0.94,1762,2569,24,5174,,,,
dev,A1,Tất cả,all,0.95,1700,2631,24,5174,,,,
dev,A2,Tất cả,all,0.01,4257,74,2827,2371,,,,
dev,A2,Tất cả,all,0.02,4178,153,2297,2901,,,,
dev,A2,Tất cả,all,0.03,4115,216,1959,3239,,,,
dev,A2,Tất cả,all,0.04,4048,283,1720,3478,,,,
dev,A2,Tất cả,all,0.05,4002,329,1545,3653,,,,
dev,A2,Tất cả,all,0.06,3961,370,1422,3776,,,,
dev,A2,Tất cả,all,0.07,3919,412,1324,3874,,,,
dev,A2,Tất cả,all,0.08,3892,439,1240,3958,,,,
dev,A2,Tất cả,all,0.09,3860,471,1178,4020,,,,
dev,A2,Tất cả,all,0.1,3825,506,1100,4098,,,,
dev,A2,Tất cả,all,0.11,3798,533,1032,4166,,,,
dev,A2,Tất cả,all,0.12,3760,571,961,4237,,,,
dev,A2,Tất cả,all,0.13,3733,598,899,4299,,,,
dev,A2,Tất cả,all,0.14,3701,630,844,4354,,,,
dev,A2,Tất cả,all,0.15,3677,654,808,4390,,,,
dev,A2,Tất cả,all,0.16,3647,684,757,4441,,,,
dev,A2,Tất cả,all,0.17,3621,710,708,4490,,,,
dev,A2,Tất cả,all,0.18,3591,740,656,4542,,,,
dev,A2,Tất cả,all,0.19,3559,772,604,4594,,,,
dev,A2,Tất cả,all,0.2,3533,798,564,4634,,,,
dev,A2,Tất cả,all,0.21,3511,820,531,4667,,,,
dev,A2,Tất cả,all,0.22,3498,833,499,4699,,,,
dev,A2,Tất cả,all,0.23,3474,857,472,4726,,,,
dev,A2,Tất cả,all,0.24,3460,871,453,4745,,,,
dev,A2,Tất cả,all,0.25,3439,892,431,4767,,,,
dev,A2,Tất cả,all,0.26,3426,905,411,4787,,,,
dev,A2,Tất cả,all,0.27,3407,924,390,4808,,,,
dev,A2,Tất cả,all,0.28,3390,941,367,4831,,,,
dev,A2,Tất cả,all,0.29,3368,963,346,4852,,,,
dev,A2,Tất cả,all,0.3,3355,976,329,4869,,,,
dev,A2,Tất cả,all,0.31,3336,995,313,4885,,,,
dev,A2,Tất cả,all,0.32,3315,1016,303,4895,,,,
dev,A2,Tất cả,all,0.33,3302,1029,292,4906,,,,
dev,A2,Tất cả,all,0.34,3288,1043,274,4924,,,,
dev,A2,Tất cả,all,0.35,3264,1067,258,4940,,,,
dev,A2,Tất cả,all,0.36,3240,1091,247,4951,,,,
dev,A2,Tất cả,all,0.37,3222,1109,233,4965,,,,
dev,A2,Tất cả,all,0.38,3207,1124,220,4978,,,,
dev,A2,Tất cả,all,0.39,3191,1140,210,4988,,,,
dev,A2,Tất cả,all,0.4,3181,1150,200,4998,,,,
dev,A2,Tất cả,all,0.41,3154,1177,193,5005,,,,
dev,A2,Tất cả,all,0.42,3133,1198,186,5012,,,,
dev,A2,Tất cả,all,0.43,3118,1213,178,5020,,,,
dev,A2,Tất cả,all,0.44,3107,1224,167,5031,,,,
dev,A2,Tất cả,all,0.45,3086,1245,154,5044,,,,
dev,A2,Tất cả,all,0.46,3068,1263,149,5049,,,,
dev,A2,Tất cả,all,0.47,3054,1277,144,5054,,,,
dev,A2,Tất cả,all,0.48,3027,1304,137,5061,,,,
dev,A2,Tất cả,all,0.49,3005,1326,135,5063,,,,
dev,A2,Tất cả,all,0.5,2990,1341,132,5066,,,,
dev,A2,Tất cả,all,0.51,2968,1363,127,5071,,,,
dev,A2,Tất cả,all,0.52,2938,1393,118,5080,,,,
dev,A2,Tất cả,all,0.53,2919,1412,117,5081,,,,
dev,A2,Tất cả,all,0.54,2890,1441,112,5086,,,,
dev,A2,Tất cả,all,0.55,2867,1464,111,5087,,,,
dev,A2,Tất cả,all,0.56,2853,1478,104,5094,,,,
dev,A2,Tất cả,all,0.57,2837,1494,102,5096,,,,
dev,A2,Tất cả,all,0.58,2820,1511,99,5099,,,,
dev,A2,Tất cả,all,0.59,2798,1533,96,5102,,,,
dev,A2,Tất cả,all,0.6,2778,1553,94,5104,,,,
dev,A2,Tất cả,all,0.61,2757,1574,91,5107,,,,
dev,A2,Tất cả,all,0.62,2735,1596,86,5112,,,,
dev,A2,Tất cả,all,0.63,2716,1615,84,5114,,,,
dev,A2,Tất cả,all,0.64,2696,1635,84,5114,,,,
dev,A2,Tất cả,all,0.65,2677,1654,81,5117,,,,
dev,A2,Tất cả,all,0.66,2649,1682,81,5117,,,,
dev,A2,Tất cả,all,0.67,2634,1697,78,5120,,,,
dev,A2,Tất cả,all,0.68,2607,1724,71,5127,,,,
dev,A2,Tất cả,all,0.69,2587,1744,70,5128,,,,
dev,A2,Tất cả,all,0.7,2562,1769,66,5132,,,,
dev,A2,Tất cả,all,0.71,2547,1784,62,5136,,,,
dev,A2,Tất cả,all,0.72,2527,1804,61,5137,,,,
dev,A2,Tất cả,all,0.73,2504,1827,60,5138,,,,
dev,A2,Tất cả,all,0.74,2487,1844,58,5140,,,,
dev,A2,Tất cả,all,0.75,2468,1863,54,5144,,,,
dev,A2,Tất cả,all,0.76,2442,1889,53,5145,,,,
dev,A2,Tất cả,all,0.77,2428,1903,50,5148,,,,
dev,A2,Tất cả,all,0.78,2410,1921,50,5148,,,,
dev,A2,Tất cả,all,0.79,2385,1946,47,5151,,,,
dev,A2,Tất cả,all,0.8,2367,1964,44,5154,,,,
dev,A2,Tất cả,all,0.81,2343,1988,42,5156,,,,
dev,A2,Tất cả,all,0.82,2321,2010,39,5159,,,,
dev,A2,Tất cả,all,0.83,2299,2032,38,5160,,,,
dev,A2,Tất cả,all,0.84,2266,2065,38,5160,,,,
dev,A2,Tất cả,all,0.85,2237,2094,36,5162,,,,
dev,A2,Tất cả,all,0.86,2208,2123,36,5162,,,,
dev,A2,Tất cả,all,0.87,2180,2151,34,5164,,,,
dev,A2,Tất cả,all,0.88,2143,2188,33,5165,,,,
dev,A2,Tất cả,all,0.89,2109,2222,32,5166,,,,
dev,A2,Tất cả,all,0.9,2078,2253,31,5167,,,,
dev,A2,Tất cả,all,0.91,2042,2289,29,5169,,,,
dev,A2,Tất cả,all,0.92,2008,2323,28,5170,,,,
dev,A2,Tất cả,all,0.93,1958,2373,28,5170,,,,
dev,A2,Tất cả,all,0.94,1886,2445,27,5171,,,,
dev,A2,Tất cả,all,0.95,1813,2518,26,5172,,,,
dev,A3,Tất cả,all,0.01,4254,77,2736,2462,,,,
dev,A3,Tất cả,all,0.02,4164,167,2190,3008,,,,
dev,A3,Tất cả,all,0.03,4094,237,1861,3337,,,,
dev,A3,Tất cả,all,0.04,4031,300,1632,3566,,,,
dev,A3,Tất cả,all,0.05,3973,358,1464,3734,,,,
dev,A3,Tất cả,all,0.06,3922,409,1343,3855,,,,
dev,A3,Tất cả,all,0.07,3880,451,1249,3949,,,,
dev,A3,Tất cả,all,0.08,3851,480,1159,4039,,,,
dev,A3,Tất cả,all,0.09,3823,508,1096,4102,,,,
dev,A3,Tất cả,all,0.1,3791,540,1038,4160,,,,
dev,A3,Tất cả,all,0.11,3763,568,965,4233,,,,
dev,A3,Tất cả,all,0.12,3721,610,886,4312,,,,
dev,A3,Tất cả,all,0.13,3692,639,828,4370,,,,
dev,A3,Tất cả,all,0.14,3662,669,763,4435,,,,
dev,A3,Tất cả,all,0.15,3639,692,725,4473,,,,
dev,A3,Tất cả,all,0.16,3607,724,675,4523,,,,
dev,A3,Tất cả,all,0.17,3588,743,624,4574,,,,
dev,A3,Tất cả,all,0.18,3555,776,568,4630,,,,
dev,A3,Tất cả,all,0.19,3528,803,521,4677,,,,
dev,A3,Tất cả,all,0.2,3502,829,500,4698,,,,
dev,A3,Tất cả,all,0.21,3478,853,467,4731,,,,
dev,A3,Tất cả,all,0.22,3460,871,433,4765,,,,
dev,A3,Tất cả,all,0.23,3437,894,404,4794,,,,
dev,A3,Tất cả,all,0.24,3420,911,386,4812,,,,
dev,A3,Tất cả,all,0.25,3405,926,367,4831,,,,
dev,A3,Tất cả,all,0.26,3382,949,343,4855,,,,
dev,A3,Tất cả,all,0.27,3364,967,327,4871,,,,
dev,A3,Tất cả,all,0.28,3344,987,314,4884,,,,
dev,A3,Tất cả,all,0.29,3329,1002,294,4904,,,,
dev,A3,Tất cả,all,0.3,3310,1021,276,4922,,,,
dev,A3,Tất cả,all,0.31,3290,1041,263,4935,,,,
dev,A3,Tất cả,all,0.32,3273,1058,247,4951,,,,
dev,A3,Tất cả,all,0.33,3258,1073,235,4963,,,,
dev,A3,Tất cả,all,0.34,3237,1094,218,4980,,,,
dev,A3,Tất cả,all,0.35,3212,1119,209,4989,,,,
dev,A3,Tất cả,all,0.36,3192,1139,195,5003,,,,
dev,A3,Tất cả,all,0.37,3160,1171,189,5009,,,,
dev,A3,Tất cả,all,0.38,3145,1186,178,5020,,,,
dev,A3,Tất cả,all,0.39,3128,1203,171,5027,,,,
dev,A3,Tất cả,all,0.4,3117,1214,163,5035,,,,
dev,A3,Tất cả,all,0.41,3096,1235,159,5039,,,,
dev,A3,Tất cả,all,0.42,3073,1258,155,5043,,,,
dev,A3,Tất cả,all,0.43,3053,1278,139,5059,,,,
dev,A3,Tất cả,all,0.44,3039,1292,133,5065,,,,
dev,A3,Tất cả,all,0.45,3013,1318,128,5070,,,,
dev,A3,Tất cả,all,0.46,3000,1331,122,5076,,,,
dev,A3,Tất cả,all,0.47,2980,1351,115,5083,,,,
dev,A3,Tất cả,all,0.48,2956,1375,111,5087,,,,
dev,A3,Tất cả,all,0.49,2936,1395,108,5090,,,,
dev,A3,Tất cả,all,0.5,2914,1417,106,5092,,,,
dev,A3,Tất cả,all,0.51,2895,1436,102,5096,,,,
dev,A3,Tất cả,all,0.52,2856,1475,100,5098,,,,
dev,A3,Tất cả,all,0.53,2841,1490,96,5102,,,,
dev,A3,Tất cả,all,0.54,2829,1502,93,5105,,,,
dev,A3,Tất cả,all,0.55,2802,1529,86,5112,,,,
dev,A3,Tất cả,all,0.56,2784,1547,84,5114,,,,
dev,A3,Tất cả,all,0.57,2763,1568,83,5115,,,,
dev,A3,Tất cả,all,0.58,2742,1589,81,5117,,,,
dev,A3,Tất cả,all,0.59,2720,1611,78,5120,,,,
dev,A3,Tất cả,all,0.6,2698,1633,75,5123,,,,
dev,A3,Tất cả,all,0.61,2682,1649,74,5124,,,,
dev,A3,Tất cả,all,0.62,2663,1668,70,5128,,,,
dev,A3,Tất cả,all,0.63,2636,1695,66,5132,,,,
dev,A3,Tất cả,all,0.64,2608,1723,64,5134,,,,
dev,A3,Tất cả,all,0.65,2584,1747,62,5136,,,,
dev,A3,Tất cả,all,0.66,2559,1772,60,5138,,,,
dev,A3,Tất cả,all,0.67,2542,1789,55,5143,,,,
dev,A3,Tất cả,all,0.68,2514,1817,55,5143,,,,
dev,A3,Tất cả,all,0.69,2500,1831,54,5144,,,,
dev,A3,Tất cả,all,0.7,2486,1845,52,5146,,,,
dev,A3,Tất cả,all,0.71,2469,1862,50,5148,,,,
dev,A3,Tất cả,all,0.72,2448,1883,49,5149,,,,
dev,A3,Tất cả,all,0.73,2426,1905,47,5151,,,,
dev,A3,Tất cả,all,0.74,2408,1923,44,5154,,,,
dev,A3,Tất cả,all,0.75,2383,1948,43,5155,,,,
dev,A3,Tất cả,all,0.76,2368,1963,41,5157,,,,
dev,A3,Tất cả,all,0.77,2346,1985,38,5160,,,,
dev,A3,Tất cả,all,0.78,2322,2009,38,5160,,,,
dev,A3,Tất cả,all,0.79,2300,2031,38,5160,,,,
dev,A3,Tất cả,all,0.8,2285,2046,35,5163,,,,
dev,A3,Tất cả,all,0.81,2263,2068,34,5164,,,,
dev,A3,Tất cả,all,0.82,2240,2091,33,5165,,,,
dev,A3,Tất cả,all,0.83,2210,2121,32,5166,,,,
dev,A3,Tất cả,all,0.84,2181,2150,32,5166,,,,
dev,A3,Tất cả,all,0.85,2150,2181,31,5167,,,,
dev,A3,Tất cả,all,0.86,2115,2216,31,5167,,,,
dev,A3,Tất cả,all,0.87,2090,2241,29,5169,,,,
dev,A3,Tất cả,all,0.88,2061,2270,29,5169,,,,
dev,A3,Tất cả,all,0.89,2029,2302,29,5169,,,,
dev,A3,Tất cả,all,0.9,2001,2330,26,5172,,,,
dev,A3,Tất cả,all,0.91,1957,2374,25,5173,,,,
dev,A3,Tất cả,all,0.92,1909,2422,24,5174,,,,
dev,A3,Tất cả,all,0.93,1847,2484,24,5174,,,,
dev,A3,Tất cả,all,0.94,1774,2557,24,5174,,,,
dev,A3,Tất cả,all,0.95,1710,2621,24,5174,,,,
dev,A4,Tất cả,all,0.01,4260,71,2850,2348,,,,
dev,A4,Tất cả,all,0.02,4181,150,2313,2885,,,,
dev,A4,Tất cả,all,0.03,4120,211,1976,3222,,,,
dev,A4,Tất cả,all,0.04,4055,276,1738,3460,,,,
dev,A4,Tất cả,all,0.05,4008,323,1562,3636,,,,
dev,A4,Tất cả,all,0.06,3968,363,1445,3753,,,,
dev,A4,Tất cả,all,0.07,3923,408,1339,3859,,,,
dev,A4,Tất cả,all,0.08,3898,433,1251,3947,,,,
dev,A4,Tất cả,all,0.09,3862,469,1189,4009,,,,
dev,A4,Tất cả,all,0.1,3831,500,1115,4083,,,,
dev,A4,Tất cả,all,0.11,3802,529,1052,4146,,,,
dev,A4,Tất cả,all,0.12,3767,564,974,4224,,,,
dev,A4,Tất cả,all,0.13,3735,596,912,4286,,,,
dev,A4,Tất cả,all,0.14,3708,623,857,4341,,,,
dev,A4,Tất cả,all,0.15,3681,650,821,4377,,,,
dev,A4,Tất cả,all,0.16,3655,676,772,4426,,,,
dev,A4,Tất cả,all,0.17,3628,703,720,4478,,,,
dev,A4,Tất cả,all,0.18,3599,732,665,4533,,,,
dev,A4,Tất cả,all,0.19,3567,764,616,4582,,,,
dev,A4,Tất cả,all,0.2,3543,788,575,4623,,,,
dev,A4,Tất cả,all,0.21,3519,812,540,4658,,,,
dev,A4,Tất cả,all,0.22,3505,826,509,4689,,,,
dev,A4,Tất cả,all,0.23,3480,851,480,4718,,,,
dev,A4,Tất cả,all,0.24,3468,863,455,4743,,,,
dev,A4,Tất cả,all,0.25,3450,881,432,4766,,,,
dev,A4,Tất cả,all,0.26,3440,891,412,4786,,,,
dev,A4,Tất cả,all,0.27,3424,907,395,4803,,,,
dev,A4,Tất cả,all,0.28,3409,922,373,4825,,,,
dev,A4,Tất cả,all,0.29,3389,942,354,4844,,,,
dev,A4,Tất cả,all,0.3,3378,953,338,4860,,,,
dev,A4,Tất cả,all,0.31,3355,976,322,4876,,,,
dev,A4,Tất cả,all,0.32,3335,996,310,4888,,,,
dev,A4,Tất cả,all,0.33,3317,1014,298,4900,,,,
dev,A4,Tất cả,all,0.34,3301,1030,281,4917,,,,
dev,A4,Tất cả,all,0.35,3276,1055,262,4936,,,,
dev,A4,Tất cả,all,0.36,3254,1077,249,4949,,,,
dev,A4,Tất cả,all,0.37,3235,1096,235,4963,,,,
dev,A4,Tất cả,all,0.38,3215,1116,225,4973,,,,
dev,A4,Tất cả,all,0.39,3198,1133,216,4982,,,,
dev,A4,Tất cả,all,0.4,3188,1143,204,4994,,,,
dev,A4,Tất cả,all,0.41,3162,1169,197,5001,,,,
dev,A4,Tất cả,all,0.42,3143,1188,190,5008,,,,
dev,A4,Tất cả,all,0.43,3126,1205,182,5016,,,,
dev,A4,Tất cả,all,0.44,3114,1217,172,5026,,,,
dev,A4,Tất cả,all,0.45,3097,1234,160,5038,,,,
dev,A4,Tất cả,all,0.46,3082,1249,154,5044,,,,
dev,A4,Tất cả,all,0.47,3072,1259,149,5049,,,,
dev,A4,Tất cả,all,0.48,3041,1290,142,5056,,,,
dev,A4,Tất cả,all,0.49,3023,1308,140,5058,,,,
dev,A4,Tất cả,all,0.5,3010,1321,136,5062,,,,
dev,A4,Tất cả,all,0.51,2988,1343,132,5066,,,,
dev,A4,Tất cả,all,0.52,2956,1375,124,5074,,,,
dev,A4,Tất cả,all,0.53,2937,1394,122,5076,,,,
dev,A4,Tất cả,all,0.54,2906,1425,117,5081,,,,
dev,A4,Tất cả,all,0.55,2883,1448,116,5082,,,,
dev,A4,Tất cả,all,0.56,2862,1469,109,5089,,,,
dev,A4,Tất cả,all,0.57,2848,1483,107,5091,,,,
dev,A4,Tất cả,all,0.58,2829,1502,103,5095,,,,
dev,A4,Tất cả,all,0.59,2812,1519,100,5098,,,,
dev,A4,Tất cả,all,0.6,2788,1543,98,5100,,,,
dev,A4,Tất cả,all,0.61,2765,1566,93,5105,,,,
dev,A4,Tất cả,all,0.62,2744,1587,87,5111,,,,
dev,A4,Tất cả,all,0.63,2728,1603,85,5113,,,,
dev,A4,Tất cả,all,0.64,2705,1626,85,5113,,,,
dev,A4,Tất cả,all,0.65,2689,1642,81,5117,,,,
dev,A4,Tất cả,all,0.66,2660,1671,81,5117,,,,
dev,A4,Tất cả,all,0.67,2642,1689,78,5120,,,,
dev,A4,Tất cả,all,0.68,2614,1717,71,5127,,,,
dev,A4,Tất cả,all,0.69,2594,1737,70,5128,,,,
dev,A4,Tất cả,all,0.7,2568,1763,66,5132,,,,
dev,A4,Tất cả,all,0.71,2550,1781,62,5136,,,,
dev,A4,Tất cả,all,0.72,2528,1803,62,5136,,,,
dev,A4,Tất cả,all,0.73,2509,1822,60,5138,,,,
dev,A4,Tất cả,all,0.74,2491,1840,58,5140,,,,
dev,A4,Tất cả,all,0.75,2473,1858,55,5143,,,,
dev,A4,Tất cả,all,0.76,2449,1882,54,5144,,,,
dev,A4,Tất cả,all,0.77,2436,1895,52,5146,,,,
dev,A4,Tất cả,all,0.78,2418,1913,51,5147,,,,
dev,A4,Tất cả,all,0.79,2394,1937,47,5151,,,,
dev,A4,Tất cả,all,0.8,2374,1957,44,5154,,,,
dev,A4,Tất cả,all,0.81,2350,1981,42,5156,,,,
dev,A4,Tất cả,all,0.82,2327,2004,39,5159,,,,
dev,A4,Tất cả,all,0.83,2306,2025,38,5160,,,,
dev,A4,Tất cả,all,0.84,2272,2059,38,5160,,,,
dev,A4,Tất cả,all,0.85,2241,2090,36,5162,,,,
dev,A4,Tất cả,all,0.86,2212,2119,36,5162,,,,
dev,A4,Tất cả,all,0.87,2184,2147,34,5164,,,,
dev,A4,Tất cả,all,0.88,2151,2180,33,5165,,,,
dev,A4,Tất cả,all,0.89,2116,2215,32,5166,,,,
dev,A4,Tất cả,all,0.9,2083,2248,31,5167,,,,
dev,A4,Tất cả,all,0.91,2047,2284,29,5169,,,,
dev,A4,Tất cả,all,0.92,2013,2318,28,5170,,,,
dev,A4,Tất cả,all,0.93,1962,2369,28,5170,,,,
dev,A4,Tất cả,all,0.94,1893,2438,27,5171,,,,
dev,A4,Tất cả,all,0.95,1817,2514,26,5172,,,,
synth,A0,Tất cả,all,0.01,7930,13,11432,6142,,,,
synth,A0,Tất cả,all,0.02,7910,33,9939,7635,,,,
synth,A0,Tất cả,all,0.03,7894,49,9053,8521,,,,
synth,A0,Tất cả,all,0.04,7880,63,8398,9176,,,,
synth,A0,Tất cả,all,0.05,7870,73,7918,9656,,,,
synth,A0,Tất cả,all,0.06,7849,94,7475,10099,,,,
synth,A0,Tất cả,all,0.07,7823,120,7103,10471,,,,
synth,A0,Tất cả,all,0.08,7792,151,6773,10801,,,,
synth,A0,Tất cả,all,0.09,7774,169,6483,11091,,,,
synth,A0,Tất cả,all,0.1,7754,189,6227,11347,,,,
synth,A0,Tất cả,all,0.11,7726,217,5988,11586,,,,
synth,A0,Tất cả,all,0.12,7701,242,5764,11810,,,,
synth,A0,Tất cả,all,0.13,7682,261,5553,12021,,,,
synth,A0,Tất cả,all,0.14,7663,280,5364,12210,,,,
synth,A0,Tất cả,all,0.15,7638,305,5189,12385,,,,
synth,A0,Tất cả,all,0.16,7620,323,5018,12556,,,,
synth,A0,Tất cả,all,0.17,7601,342,4852,12722,,,,
synth,A0,Tất cả,all,0.18,7576,367,4693,12881,,,,
synth,A0,Tất cả,all,0.19,7551,392,4569,13005,,,,
synth,A0,Tất cả,all,0.2,7520,423,4464,13110,,,,
synth,A0,Tất cả,all,0.21,7505,438,4349,13225,,,,
synth,A0,Tất cả,all,0.22,7489,454,4253,13321,,,,
synth,A0,Tất cả,all,0.23,7471,472,4140,13434,,,,
synth,A0,Tất cả,all,0.24,7457,486,4025,13549,,,,
synth,A0,Tất cả,all,0.25,7441,502,3937,13637,,,,
synth,A0,Tất cả,all,0.26,7424,519,3853,13721,,,,
synth,A0,Tất cả,all,0.27,7393,550,3779,13795,,,,
synth,A0,Tất cả,all,0.28,7369,574,3700,13874,,,,
synth,A0,Tất cả,all,0.29,7349,594,3616,13958,,,,
synth,A0,Tất cả,all,0.3,7327,616,3551,14023,,,,
synth,A0,Tất cả,all,0.31,7306,637,3466,14108,,,,
synth,A0,Tất cả,all,0.32,7288,655,3380,14194,,,,
synth,A0,Tất cả,all,0.33,7258,685,3302,14272,,,,
synth,A0,Tất cả,all,0.34,7240,703,3240,14334,,,,
synth,A0,Tất cả,all,0.35,7220,723,3180,14394,,,,
synth,A0,Tất cả,all,0.36,7199,744,3102,14472,,,,
synth,A0,Tất cả,all,0.37,7181,762,3041,14533,,,,
synth,A0,Tất cả,all,0.38,7154,789,2986,14588,,,,
synth,A0,Tất cả,all,0.39,7132,811,2923,14651,,,,
synth,A0,Tất cả,all,0.4,7110,833,2886,14688,,,,
synth,A0,Tất cả,all,0.41,7089,854,2826,14748,,,,
synth,A0,Tất cả,all,0.42,7070,873,2765,14809,,,,
synth,A0,Tất cả,all,0.43,7047,896,2708,14866,,,,
synth,A0,Tất cả,all,0.44,7023,920,2652,14922,,,,
synth,A0,Tất cả,all,0.45,6997,946,2605,14969,,,,
synth,A0,Tất cả,all,0.46,6967,976,2548,15026,,,,
synth,A0,Tất cả,all,0.47,6934,1009,2494,15080,,,,
synth,A0,Tất cả,all,0.48,6912,1031,2442,15132,,,,
synth,A0,Tất cả,all,0.49,6896,1047,2376,15198,,,,
synth,A0,Tất cả,all,0.5,6869,1074,2331,15243,,,,
synth,A0,Tất cả,all,0.51,6841,1102,2276,15298,,,,
synth,A0,Tất cả,all,0.52,6819,1124,2226,15348,,,,
synth,A0,Tất cả,all,0.53,6794,1149,2185,15389,,,,
synth,A0,Tất cả,all,0.54,6766,1177,2144,15430,,,,
synth,A0,Tất cả,all,0.55,6737,1206,2107,15467,,,,
synth,A0,Tất cả,all,0.56,6703,1240,2061,15513,,,,
synth,A0,Tất cả,all,0.57,6677,1266,2005,15569,,,,
synth,A0,Tất cả,all,0.58,6653,1290,1978,15596,,,,
synth,A0,Tất cả,all,0.59,6630,1313,1930,15644,,,,
synth,A0,Tất cả,all,0.6,6613,1330,1873,15701,,,,
synth,A0,Tất cả,all,0.61,6587,1356,1833,15741,,,,
synth,A0,Tất cả,all,0.62,6557,1386,1795,15779,,,,
synth,A0,Tất cả,all,0.63,6531,1412,1741,15833,,,,
synth,A0,Tất cả,all,0.64,6491,1452,1711,15863,,,,
synth,A0,Tất cả,all,0.65,6459,1484,1672,15902,,,,
synth,A0,Tất cả,all,0.66,6428,1515,1630,15944,,,,
synth,A0,Tất cả,all,0.67,6393,1550,1592,15982,,,,
synth,A0,Tất cả,all,0.68,6358,1585,1556,16018,,,,
synth,A0,Tất cả,all,0.69,6321,1622,1519,16055,,,,
synth,A0,Tất cả,all,0.7,6276,1667,1479,16095,,,,
synth,A0,Tất cả,all,0.71,6232,1711,1442,16132,,,,
synth,A0,Tất cả,all,0.72,6193,1750,1403,16171,,,,
synth,A0,Tất cả,all,0.73,6154,1789,1372,16202,,,,
synth,A0,Tất cả,all,0.74,6104,1839,1352,16222,,,,
synth,A0,Tất cả,all,0.75,6064,1879,1316,16258,,,,
synth,A0,Tất cả,all,0.76,6023,1920,1289,16285,,,,
synth,A0,Tất cả,all,0.77,5976,1967,1251,16323,,,,
synth,A0,Tất cả,all,0.78,5934,2009,1209,16365,,,,
synth,A0,Tất cả,all,0.79,5887,2056,1165,16409,,,,
synth,A0,Tất cả,all,0.8,5833,2110,1127,16447,,,,
synth,A0,Tất cả,all,0.81,5787,2156,1096,16478,,,,
synth,A0,Tất cả,all,0.82,5711,2232,1052,16522,,,,
synth,A0,Tất cả,all,0.83,5632,2311,1009,16565,,,,
synth,A0,Tất cả,all,0.84,5580,2363,957,16617,,,,
synth,A0,Tất cả,all,0.85,5524,2419,916,16658,,,,
synth,A0,Tất cả,all,0.86,5461,2482,883,16691,,,,
synth,A0,Tất cả,all,0.87,5361,2582,845,16729,,,,
synth,A0,Tất cả,all,0.88,5291,2652,813,16761,,,,
synth,A0,Tất cả,all,0.89,5185,2758,770,16804,,,,
synth,A0,Tất cả,all,0.9,5070,2873,739,16835,,,,
synth,A0,Tất cả,all,0.91,4963,2980,698,16876,,,,
synth,A0,Tất cả,all,0.92,4812,3131,654,16920,,,,
synth,A0,Tất cả,all,0.93,4659,3284,603,16971,,,,
synth,A0,Tất cả,all,0.94,4490,3453,553,17021,,,,
synth,A0,Tất cả,all,0.95,4250,3693,495,17079,,,,
synth,A1,Tất cả,all,0.01,7938,5,12336,5238,,,,
synth,A1,Tất cả,all,0.02,7929,14,10880,6694,,,,
synth,A1,Tất cả,all,0.03,7922,21,10030,7544,,,,
synth,A1,Tất cả,all,0.04,7911,32,9432,8142,,,,
synth,A1,Tất cả,all,0.05,7900,43,8948,8626,,,,
synth,A1,Tất cả,all,0.06,7892,51,8519,9055,,,,
synth,A1,Tất cả,all,0.07,7883,60,8157,9417,,,,
synth,A1,Tất cả,all,0.08,7864,79,7832,9742,,,,
synth,A1,Tất cả,all,0.09,7846,97,7474,10100,,,,
synth,A1,Tất cả,all,0.1,7826,117,7197,10377,,,,
synth,A1,Tất cả,all,0.11,7799,144,6922,10652,,,,
synth,A1,Tất cả,all,0.12,7782,161,6693,10881,,,,
synth,A1,Tất cả,all,0.13,7755,188,6466,11108,,,,
synth,A1,Tất cả,all,0.14,7733,210,6248,11326,,,,
synth,A1,Tất cả,all,0.15,7706,237,6042,11532,,,,
synth,A1,Tất cả,all,0.16,7684,259,5860,11714,,,,
synth,A1,Tất cả,all,0.17,7658,285,5664,11910,,,,
synth,A1,Tất cả,all,0.18,7640,303,5485,12089,,,,
synth,A1,Tất cả,all,0.19,7626,317,5340,12234,,,,
synth,A1,Tất cả,all,0.2,7612,331,5165,12409,,,,
synth,A1,Tất cả,all,0.21,7600,343,5050,12524,,,,
synth,A1,Tất cả,all,0.22,7578,365,4935,12639,,,,
synth,A1,Tất cả,all,0.23,7555,388,4785,12789,,,,
synth,A1,Tất cả,all,0.24,7528,415,4655,12919,,,,
synth,A1,Tất cả,all,0.25,7501,442,4523,13051,,,,
synth,A1,Tất cả,all,0.26,7473,470,4381,13193,,,,
synth,A1,Tất cả,all,0.27,7455,488,4266,13308,,,,
synth,A1,Tất cả,all,0.28,7436,507,4141,13433,,,,
synth,A1,Tất cả,all,0.29,7410,533,4051,13523,,,,
synth,A1,Tất cả,all,0.3,7392,551,3934,13640,,,,
synth,A1,Tất cả,all,0.31,7364,579,3838,13736,,,,
synth,A1,Tất cả,all,0.32,7342,601,3731,13843,,,,
synth,A1,Tất cả,all,0.33,7320,623,3635,13939,,,,
synth,A1,Tất cả,all,0.34,7299,644,3548,14026,,,,
synth,A1,Tất cả,all,0.35,7277,666,3460,14114,,,,
synth,A1,Tất cả,all,0.36,7260,683,3381,14193,,,,
synth,A1,Tất cả,all,0.37,7241,702,3300,14274,,,,
synth,A1,Tất cả,all,0.38,7220,723,3221,14353,,,,
synth,A1,Tất cả,all,0.39,7192,751,3118,14456,,,,
synth,A1,Tất cả,all,0.4,7160,783,3043,14531,,,,
synth,A1,Tất cả,all,0.41,7139,804,2973,14601,,,,
synth,A1,Tất cả,all,0.42,7120,823,2892,14682,,,,
synth,A1,Tất cả,all,0.43,7085,858,2814,14760,,,,
synth,A1,Tất cả,all,0.44,7062,881,2739,14835,,,,
synth,A1,Tất cả,all,0.45,7035,908,2672,14902,,,,
synth,A1,Tất cả,all,0.46,7016,927,2604,14970,,,,
synth,A1,Tất cả,all,0.47,6990,953,2518,15056,,,,
synth,A1,Tất cả,all,0.48,6963,980,2446,15128,,,,
synth,A1,Tất cả,all,0.49,6932,1011,2360,15214,,,,
synth,A1,Tất cả,all,0.5,6900,1043,2287,15287,,,,
synth,A1,Tất cả,all,0.51,6857,1086,2222,15352,,,,
synth,A1,Tất cả,all,0.52,6817,1126,2144,15430,,,,
synth,A1,Tất cả,all,0.53,6782,1161,2082,15492,,,,
synth,A1,Tất cả,all,0.54,6742,1201,2030,15544,,,,
synth,A1,Tất cả,all,0.55,6711,1232,1968,15606,,,,
synth,A1,Tất cả,all,0.56,6677,1266,1900,15674,,,,
synth,A1,Tất cả,all,0.57,6653,1290,1837,15737,,,,
synth,A1,Tất cả,all,0.58,6612,1331,1779,15795,,,,
synth,A1,Tất cả,all,0.59,6578,1365,1706,15868,,,,
synth,A1,Tất cả,all,0.6,6535,1408,1654,15920,,,,
synth,A1,Tất cả,all,0.61,6488,1455,1590,15984,,,,
synth,A1,Tất cả,all,0.62,6452,1491,1534,16040,,,,
synth,A1,Tất cả,all,0.63,6411,1532,1480,16094,,,,
synth,A1,Tất cả,all,0.64,6369,1574,1435,16139,,,,
synth,A1,Tất cả,all,0.65,6320,1623,1391,16183,,,,
synth,A1,Tất cả,all,0.66,6276,1667,1324,16250,,,,
synth,A1,Tất cả,all,0.67,6238,1705,1250,16324,,,,
synth,A1,Tất cả,all,0.68,6196,1747,1195,16379,,,,
synth,A1,Tất cả,all,0.69,6147,1796,1142,16432,,,,
synth,A1,Tất cả,all,0.7,6097,1846,1100,16474,,,,
synth,A1,Tất cả,all,0.71,6060,1883,1059,16515,,,,
synth,A1,Tất cả,all,0.72,6008,1935,1017,16557,,,,
synth,A1,Tất cả,all,0.73,5959,1984,967,16607,,,,
synth,A1,Tất cả,all,0.74,5905,2038,924,16650,,,,
synth,A1,Tất cả,all,0.75,5859,2084,890,16684,,,,
synth,A1,Tất cả,all,0.76,5794,2149,846,16728,,,,
synth,A1,Tất cả,all,0.77,5727,2216,809,16765,,,,
synth,A1,Tất cả,all,0.78,5670,2273,768,16806,,,,
synth,A1,Tất cả,all,0.79,5605,2338,738,16836,,,,
synth,A1,Tất cả,all,0.8,5534,2409,708,16866,,,,
synth,A1,Tất cả,all,0.81,5457,2486,668,16906,,,,
synth,A1,Tất cả,all,0.82,5386,2557,629,16945,,,,
synth,A1,Tất cả,all,0.83,5298,2645,595,16979,,,,
synth,A1,Tất cả,all,0.84,5199,2744,563,17011,,,,
synth,A1,Tất cả,all,0.85,5091,2852,535,17039,,,,
synth,A1,Tất cả,all,0.86,4991,2952,513,17061,,,,
synth,A1,Tất cả,all,0.87,4873,3070,490,17084,,,,
synth,A1,Tất cả,all,0.88,4751,3192,460,17114,,,,
synth,A1,Tất cả,all,0.89,4611,3332,429,17145,,,,
synth,A1,Tất cả,all,0.9,4468,3475,407,17167,,,,
synth,A1,Tất cả,all,0.91,4316,3627,389,17185,,,,
synth,A1,Tất cả,all,0.92,4164,3779,367,17207,,,,
synth,A1,Tất cả,all,0.93,3980,3963,336,17238,,,,
synth,A1,Tất cả,all,0.94,3776,4167,306,17268,,,,
synth,A1,Tất cả,all,0.95,3549,4394,269,17305,,,,
synth,A2,Tất cả,all,0.01,7939,4,12897,4677,,,,
synth,A2,Tất cả,all,0.02,7930,13,11480,6094,,,,
synth,A2,Tất cả,all,0.03,7926,17,10679,6895,,,,
synth,A2,Tất cả,all,0.04,7918,25,10092,7482,,,,
synth,A2,Tất cả,all,0.05,7913,30,9658,7916,,,,
synth,A2,Tất cả,all,0.06,7903,40,9222,8352,,,,
synth,A2,Tất cả,all,0.07,7895,48,8896,8678,,,,
synth,A2,Tất cả,all,0.08,7884,59,8546,9028,,,,
synth,A2,Tất cả,all,0.09,7866,77,8250,9324,,,,
synth,A2,Tất cả,all,0.1,7854,89,7977,9597,,,,
synth,A2,Tất cả,all,0.11,7836,107,7749,9825,,,,
synth,A2,Tất cả,all,0.12,7824,119,7514,10060,,,,
synth,A2,Tất cả,all,0.13,7808,135,7272,10302,,,,
synth,A2,Tất cả,all,0.14,7783,160,7058,10516,,,,
synth,A2,Tất cả,all,0.15,7761,182,6815,10759,,,,
synth,A2,Tất cả,all,0.16,7745,198,6605,10969,,,,
synth,A2,Tất cả,all,0.17,7720,223,6435,11139,,,,
synth,A2,Tất cả,all,0.18,7699,244,6250,11324,,,,
synth,A2,Tất cả,all,0.19,7684,259,6068,11506,,,,
synth,A2,Tất cả,all,0.2,7673,270,5935,11639,,,,
synth,A2,Tất cả,all,0.21,7659,284,5793,11781,,,,
synth,A2,Tất cả,all,0.22,7639,304,5662,11912,,,,
synth,A2,Tất cả,all,0.23,7622,321,5530,12044,,,,
synth,A2,Tất cả,all,0.24,7603,340,5373,12201,,,,
synth,A2,Tất cả,all,0.25,7580,363,5253,12321,,,,
synth,A2,Tất cả,all,0.26,7563,380,5146,12428,,,,
synth,A2,Tất cả,all,0.27,7542,401,5022,12552,,,,
synth,A2,Tất cả,all,0.28,7526,417,4892,12682,,,,
synth,A2,Tất cả,all,0.29,7504,439,4780,12794,,,,
synth,A2,Tất cả,all,0.3,7483,460,4667,12907,,,,
synth,A2,Tất cả,all,0.31,7468,475,4564,13010,,,,
synth,A2,Tất cả,all,0.32,7447,496,4455,13119,,,,
synth,A2,Tất cả,all,0.33,7418,525,4356,13218,,,,
synth,A2,Tất cả,all,0.34,7407,536,4231,13343,,,,
synth,A2,Tất cả,all,0.35,7386,557,4146,13428,,,,
synth,A2,Tất cả,all,0.36,7369,574,4053,13521,,,,
synth,A2,Tất cả,all,0.37,7346,597,3962,13612,,,,
synth,A2,Tất cả,all,0.38,7327,616,3883,13691,,,,
synth,A2,Tất cả,all,0.39,7310,633,3782,13792,,,,
synth,A2,Tất cả,all,0.4,7291,652,3708,13866,,,,
synth,A2,Tất cả,all,0.41,7267,676,3598,13976,,,,
synth,A2,Tất cả,all,0.42,7237,706,3520,14054,,,,
synth,A2,Tất cả,all,0.43,7213,730,3440,14134,,,,
synth,A2,Tất cả,all,0.44,7192,751,3371,14203,,,,
synth,A2,Tất cả,all,0.45,7167,776,3296,14278,,,,
synth,A2,Tất cả,all,0.46,7148,795,3225,14349,,,,
synth,A2,Tất cả,all,0.47,7130,813,3151,14423,,,,
synth,A2,Tất cả,all,0.48,7105,838,3076,14498,,,,
synth,A2,Tất cả,all,0.49,7087,856,2990,14584,,,,
synth,A2,Tất cả,all,0.5,7061,882,2905,14669,,,,
synth,A2,Tất cả,all,0.51,7038,905,2818,14756,,,,
synth,A2,Tất cả,all,0.52,7012,931,2752,14822,,,,
synth,A2,Tất cả,all,0.53,6986,957,2692,14882,,,,
synth,A2,Tất cả,all,0.54,6958,985,2619,14955,,,,
synth,A2,Tất cả,all,0.55,6922,1021,2543,15031,,,,
synth,A2,Tất cả,all,0.56,6891,1052,2474,15100,,,,
synth,A2,Tất cả,all,0.57,6858,1085,2401,15173,,,,
synth,A2,Tất cả,all,0.58,6831,1112,2338,15236,,,,
synth,A2,Tất cả,all,0.59,6788,1155,2265,15309,,,,
synth,A2,Tất cả,all,0.6,6752,1191,2209,15365,,,,
synth,A2,Tất cả,all,0.61,6719,1224,2127,15447,,,,
synth,A2,Tất cả,all,0.62,6682,1261,2068,15506,,,,
synth,A2,Tất cả,all,0.63,6646,1297,2000,15574,,,,
synth,A2,Tất cả,all,0.64,6610,1333,1930,15644,,,,
synth,A2,Tất cả,all,0.65,6575,1368,1871,15703,,,,
synth,A2,Tất cả,all,0.66,6533,1410,1805,15769,,,,
synth,A2,Tất cả,all,0.67,6494,1449,1729,15845,,,,
synth,A2,Tất cả,all,0.68,6451,1492,1674,15900,,,,
synth,A2,Tất cả,all,0.69,6424,1519,1617,15957,,,,
synth,A2,Tất cả,all,0.7,6381,1562,1567,16007,,,,
synth,A2,Tất cả,all,0.71,6341,1602,1505,16069,,,,
synth,A2,Tất cả,all,0.72,6303,1640,1442,16132,,,,
synth,A2,Tất cả,all,0.73,6251,1692,1385,16189,,,,
synth,A2,Tất cả,all,0.74,6209,1734,1328,16246,,,,
synth,A2,Tất cả,all,0.75,6159,1784,1273,16301,,,,
synth,A2,Tất cả,all,0.76,6118,1825,1225,16349,,,,
synth,A2,Tất cả,all,0.77,6059,1884,1177,16397,,,,
synth,A2,Tất cả,all,0.78,6005,1938,1132,16442,,,,
synth,A2,Tất cả,all,0.79,5958,1985,1083,16491,,,,
synth,A2,Tất cả,all,0.8,5902,2041,1040,16534,,,,
synth,A2,Tất cả,all,0.81,5844,2099,1002,16572,,,,
synth,A2,Tất cả,all,0.82,5771,2172,954,16620,,,,
synth,A2,Tất cả,all,0.83,5707,2236,906,16668,,,,
synth,A2,Tất cả,all,0.84,5630,2313,858,16716,,,,
synth,A2,Tất cả,all,0.85,5551,2392,822,16752,,,,
synth,A2,Tất cả,all,0.86,5453,2490,765,16809,,,,
synth,A2,Tất cả,all,0.87,5364,2579,734,16840,,,,
synth,A2,Tất cả,all,0.88,5247,2696,675,16899,,,,
synth,A2,Tất cả,all,0.89,5134,2809,636,16938,,,,
synth,A2,Tất cả,all,0.9,5004,2939,591,16983,,,,
synth,A2,Tất cả,all,0.91,4870,3073,544,17030,,,,
synth,A2,Tất cả,all,0.92,4698,3245,510,17064,,,,
synth,A2,Tất cả,all,0.93,4545,3398,471,17103,,,,
synth,A2,Tất cả,all,0.94,4343,3600,432,17142,,,,
synth,A2,Tất cả,all,0.95,4104,3839,391,17183,,,,
synth,A3,Tất cả,all,0.01,7938,5,12481,5093,,,,
synth,A3,Tất cả,all,0.02,7929,14,11012,6562,,,,
synth,A3,Tất cả,all,0.03,7924,19,10177,7397,,,,
synth,A3,Tất cả,all,0.04,7915,28,9588,7986,,,,
synth,A3,Tất cả,all,0.05,7904,39,9110,8464,,,,
synth,A3,Tất cả,all,0.06,7898,45,8673,8901,,,,
synth,A3,Tất cả,all,0.07,7889,54,8317,9257,,,,
synth,A3,Tất cả,all,0.08,7871,72,7990,9584,,,,
synth,A3,Tất cả,all,0.09,7850,93,7628,9946,,,,
synth,A3,Tất cả,all,0.1,7833,110,7354,10220,,,,
synth,A3,Tất cả,all,0.11,7810,133,7083,10491,,,,
synth,A3,Tất cả,all,0.12,7791,152,6836,10738,,,,
synth,A3,Tất cả,all,0.13,7775,168,6608,10966,,,,
synth,A3,Tất cả,all,0.14,7750,193,6383,11191,,,,
synth,A3,Tất cả,all,0.15,7718,225,6173,11401,,,,
synth,A3,Tất cả,all,0.16,7696,247,5985,11589,,,,
synth,A3,Tất cả,all,0.17,7665,278,5782,11792,,,,
synth,A3,Tất cả,all,0.18,7654,289,5592,11982,,,,
synth,A3,Tất cả,all,0.19,7641,302,5436,12138,,,,
synth,A3,Tất cả,all,0.2,7625,318,5264,12310,,,,
synth,A3,Tất cả,all,0.21,7614,329,5148,12426,,,,
synth,A3,Tất cả,all,0.22,7594,349,5026,12548,,,,
synth,A3,Tất cả,all,0.23,7569,374,4890,12684,,,,
synth,A3,Tất cả,all,0.24,7547,396,4748,12826,,,,
synth,A3,Tất cả,all,0.25,7518,425,4617,12957,,,,
synth,A3,Tất cả,all,0.26,7489,454,4480,13094,,,,
synth,A3,Tất cả,all,0.27,7470,473,4364,13210,,,,
synth,A3,Tất cả,all,0.28,7447,496,4244,13330,,,,
synth,A3,Tất cả,all,0.29,7421,522,4135,13439,,,,
synth,A3,Tất cả,all,0.3,7405,538,4016,13558,,,,
synth,A3,Tất cả,all,0.31,7383,560,3914,13660,,,,
synth,A3,Tất cả,all,0.32,7361,582,3800,13774,,,,
synth,A3,Tất cả,all,0.33,7334,609,3701,13873,,,,
synth,A3,Tất cả,all,0.34,7316,627,3609,13965,,,,
synth,A3,Tất cả,all,0.35,7293,650,3526,14048,,,,
synth,A3,Tất cả,all,0.36,7275,668,3452,14122,,,,
synth,A3,Tất cả,all,0.37,7256,687,3359,14215,,,,
synth,A3,Tất cả,all,0.38,7232,711,3275,14299,,,,
synth,A3,Tất cả,all,0.39,7207,736,3181,14393,,,,
synth,A3,Tất cả,all,0.4,7175,768,3093,14481,,,,
synth,A3,Tất cả,all,0.41,7155,788,3015,14559,,,,
synth,A3,Tất cả,all,0.42,7132,811,2924,14650,,,,
synth,A3,Tất cả,all,0.43,7103,840,2849,14725,,,,
synth,A3,Tất cả,all,0.44,7078,865,2767,14807,,,,
synth,A3,Tất cả,all,0.45,7048,895,2693,14881,,,,
synth,A3,Tất cả,all,0.46,7029,914,2626,14948,,,,
synth,A3,Tất cả,all,0.47,7003,940,2545,15029,,,,
synth,A3,Tất cả,all,0.48,6974,969,2482,15092,,,,
synth,A3,Tất cả,all,0.49,6944,999,2393,15181,,,,
synth,A3,Tất cả,all,0.5,6916,1027,2317,15257,,,,
synth,A3,Tất cả,all,0.51,6881,1062,2246,15328,,,,
synth,A3,Tất cả,all,0.52,6839,1104,2170,15404,,,,
synth,A3,Tất cả,all,0.53,6802,1141,2113,15461,,,,
synth,A3,Tất cả,all,0.54,6765,1178,2056,15518,,,,
synth,A3,Tất cả,all,0.55,6730,1213,1992,15582,,,,
synth,A3,Tất cả,all,0.56,6703,1240,1926,15648,,,,
synth,A3,Tất cả,all,0.57,6683,1260,1864,15710,,,,
synth,A3,Tất cả,all,0.58,6644,1299,1802,15772,,,,
synth,A3,Tất cả,all,0.59,6599,1344,1726,15848,,,,
synth,A3,Tất cả,all,0.6,6558,1385,1672,15902,,,,
synth,A3,Tất cả,all,0.61,6506,1437,1609,15965,,,,
synth,A3,Tất cả,all,0.62,6467,1476,1547,16027,,,,
synth,A3,Tất cả,all,0.63,6424,1519,1497,16077,,,,
synth,A3,Tất cả,all,0.64,6380,1563,1451,16123,,,,
synth,A3,Tất cả,all,0.65,6334,1609,1411,16163,,,,
synth,A3,Tất cả,all,0.66,6296,1647,1347,16227,,,,
synth,A3,Tất cả,all,0.67,6253,1690,1274,16300,,,,
synth,A3,Tất cả,all,0.68,6210,1733,1217,16357,,,,
synth,A3,Tất cả,all,0.69,6165,1778,1159,16415,,,,
synth,A3,Tất cả,all,0.7,6121,1822,1111,16463,,,,
synth,A3,Tất cả,all,0.71,6080,1863,1066,16508,,,,
synth,A3,Tất cả,all,0.72,6022,1921,1021,16553,,,,
synth,A3,Tất cả,all,0.73,5975,1968,968,16606,,,,
synth,A3,Tất cả,all,0.74,5925,2018,928,16646,,,,
synth,A3,Tất cả,all,0.75,5877,2066,891,16683,,,,
synth,A3,Tất cả,all,0.76,5814,2129,847,16727,,,,
synth,A3,Tất cả,all,0.77,5742,2201,815,16759,,,,
synth,A3,Tất cả,all,0.78,5683,2260,776,16798,,,,
synth,A3,Tất cả,all,0.79,5620,2323,746,16828,,,,
synth,A3,Tất cả,all,0.8,5550,2393,710,16864,,,,
synth,A3,Tất cả,all,0.81,5473,2470,676,16898,,,,
synth,A3,Tất cả,all,0.82,5402,2541,635,16939,,,,
synth,A3,Tất cả,all,0.83,5314,2629,599,16975,,,,
synth,A3,Tất cả,all,0.84,5221,2722,569,17005,,,,
synth,A3,Tất cả,all,0.85,5113,2830,542,17032,,,,
synth,A3,Tất cả,all,0.86,5013,2930,518,17056,,,,
synth,A3,Tất cả,all,0.87,4894,3049,495,17079,,,,
synth,A3,Tất cả,all,0.88,4776,3167,465,17109,,,,
synth,A3,Tất cả,all,0.89,4630,3313,434,17140,,,,
synth,A3,Tất cả,all,0.9,4487,3456,414,17160,,,,
synth,A3,Tất cả,all,0.91,4337,3606,390,17184,,,,
synth,A3,Tất cả,all,0.92,4182,3761,374,17200,,,,
synth,A3,Tất cả,all,0.93,3998,3945,345,17229,,,,
synth,A3,Tất cả,all,0.94,3796,4147,310,17264,,,,
synth,A3,Tất cả,all,0.95,3579,4364,273,17301,,,,
synth,A4,Tất cả,all,0.01,7940,3,13009,4565,,,,
synth,A4,Tất cả,all,0.02,7930,13,11585,5989,,,,
synth,A4,Tất cả,all,0.03,7926,17,10787,6787,,,,
synth,A4,Tất cả,all,0.04,7920,23,10213,7361,,,,
synth,A4,Tất cả,all,0.05,7915,28,9763,7811,,,,
synth,A4,Tất cả,all,0.06,7906,37,9332,8242,,,,
synth,A4,Tất cả,all,0.07,7899,44,9000,8574,,,,
synth,A4,Tất cả,all,0.08,7887,56,8647,8927,,,,
synth,A4,Tất cả,all,0.09,7872,71,8342,9232,,,,
synth,A4,Tất cả,all,0.1,7860,83,8074,9500,,,,
synth,A4,Tất cả,all,0.11,7844,99,7847,9727,,,,
synth,A4,Tất cả,all,0.12,7833,110,7614,9960,,,,
synth,A4,Tất cả,all,0.13,7820,123,7372,10202,,,,
synth,A4,Tất cả,all,0.14,7796,147,7153,10421,,,,
synth,A4,Tất cả,all,0.15,7771,172,6917,10657,,,,
synth,A4,Tất cả,all,0.16,7752,191,6701,10873,,,,
synth,A4,Tất cả,all,0.17,7731,212,6536,11038,,,,
synth,A4,Tất cả,all,0.18,7707,236,6354,11220,,,,
synth,A4,Tất cả,all,0.19,7694,249,6162,11412,,,,
synth,A4,Tất cả,all,0.2,7680,263,6025,11549,,,,
synth,A4,Tất cả,all,0.21,7663,280,5880,11694,,,,
synth,A4,Tất cả,all,0.22,7645,298,5750,11824,,,,
synth,A4,Tất cả,all,0.23,7628,315,5610,11964,,,,
synth,A4,Tất cả,all,0.24,7609,334,5443,12131,,,,
synth,A4,Tất cả,all,0.25,7591,352,5311,12263,,,,
synth,A4,Tất cả,all,0.26,7574,369,5201,12373,,,,
synth,A4,Tất cả,all,0.27,7556,387,5084,12490,,,,
synth,A4,Tất cả,all,0.28,7538,405,4957,12617,,,,
synth,A4,Tất cả,all,0.29,7515,428,4843,12731,,,,
synth,A4,Tất cả,all,0.3,7493,450,4736,12838,,,,
synth,A4,Tất cả,all,0.31,7476,467,4636,12938,,,,
synth,A4,Tất cả,all,0.32,7454,489,4523,13051,,,,
synth,A4,Tất cả,all,0.33,7427,516,4420,13154,,,,
synth,A4,Tất cả,all,0.34,7415,528,4302,13272,,,,
synth,A4,Tất cả,all,0.35,7396,547,4214,13360,,,,
synth,A4,Tất cả,all,0.36,7380,563,4120,13454,,,,
synth,A4,Tất cả,all,0.37,7356,587,4025,13549,,,,
synth,A4,Tất cả,all,0.38,7338,605,3943,13631,,,,
synth,A4,Tất cả,all,0.39,7320,623,3841,13733,,,,
synth,A4,Tất cả,all,0.4,7300,643,3764,13810,,,,
synth,A4,Tất cả,all,0.41,7274,669,3652,13922,,,,
synth,A4,Tất cả,all,0.42,7246,697,3571,14003,,,,
synth,A4,Tất cả,all,0.43,7222,721,3495,14079,,,,
synth,A4,Tất cả,all,0.44,7201,742,3420,14154,,,,
synth,A4,Tất cả,all,0.45,7176,767,3336,14238,,,,
synth,A4,Tất cả,all,0.46,7161,782,3257,14317,,,,
synth,A4,Tất cả,all,0.47,7142,801,3180,14394,,,,
synth,A4,Tất cả,all,0.48,7117,826,3105,14469,,,,
synth,A4,Tất cả,all,0.49,7094,849,3019,14555,,,,
synth,A4,Tất cả,all,0.5,7071,872,2936,14638,,,,
synth,A4,Tất cả,all,0.51,7046,897,2846,14728,,,,
synth,A4,Tất cả,all,0.52,7020,923,2778,14796,,,,
synth,A4,Tất cả,all,0.53,6996,947,2719,14855,,,,
synth,A4,Tất cả,all,0.54,6969,974,2649,14925,,,,
synth,A4,Tất cả,all,0.55,6935,1008,2574,15000,,,,
synth,A4,Tất cả,all,0.56,6903,1040,2507,15067,,,,
synth,A4,Tất cả,all,0.57,6870,1073,2437,15137,,,,
synth,A4,Tất cả,all,0.58,6842,1101,2371,15203,,,,
synth,A4,Tất cả,all,0.59,6799,1144,2298,15276,,,,
synth,A4,Tất cả,all,0.6,6770,1173,2233,15341,,,,
synth,A4,Tất cả,all,0.61,6733,1210,2152,15422,,,,
synth,A4,Tất cả,all,0.62,6696,1247,2088,15486,,,,
synth,A4,Tất cả,all,0.63,6658,1285,2018,15556,,,,
synth,A4,Tất cả,all,0.64,6617,1326,1949,15625,,,,
synth,A4,Tất cả,all,0.65,6580,1363,1888,15686,,,,
synth,A4,Tất cả,all,0.66,6541,1402,1821,15753,,,,
synth,A4,Tất cả,all,0.67,6501,1442,1749,15825,,,,
synth,A4,Tất cả,all,0.68,6456,1487,1693,15881,,,,
synth,A4,Tất cả,all,0.69,6427,1516,1635,15939,,,,
synth,A4,Tất cả,all,0.7,6384,1559,1584,15990,,,,
synth,A4,Tất cả,all,0.71,6345,1598,1519,16055,,,,
synth,A4,Tất cả,all,0.72,6307,1636,1453,16121,,,,
synth,A4,Tất cả,all,0.73,6257,1686,1392,16182,,,,
synth,A4,Tất cả,all,0.74,6212,1731,1332,16242,,,,
synth,A4,Tất cả,all,0.75,6168,1775,1277,16297,,,,
synth,A4,Tất cả,all,0.76,6128,1815,1229,16345,,,,
synth,A4,Tất cả,all,0.77,6073,1870,1179,16395,,,,
synth,A4,Tất cả,all,0.78,6017,1926,1137,16437,,,,
synth,A4,Tất cả,all,0.79,5966,1977,1090,16484,,,,
synth,A4,Tất cả,all,0.8,5910,2033,1048,16526,,,,
synth,A4,Tất cả,all,0.81,5851,2092,1009,16565,,,,
synth,A4,Tất cả,all,0.82,5781,2162,961,16613,,,,
synth,A4,Tất cả,all,0.83,5719,2224,913,16661,,,,
synth,A4,Tất cả,all,0.84,5637,2306,861,16713,,,,
synth,A4,Tất cả,all,0.85,5559,2384,823,16751,,,,
synth,A4,Tất cả,all,0.86,5463,2480,773,16801,,,,
synth,A4,Tất cả,all,0.87,5368,2575,738,16836,,,,
synth,A4,Tất cả,all,0.88,5255,2688,679,16895,,,,
synth,A4,Tất cả,all,0.89,5145,2798,638,16936,,,,
synth,A4,Tất cả,all,0.9,5015,2928,594,16980,,,,
synth,A4,Tất cả,all,0.91,4879,3064,544,17030,,,,
synth,A4,Tất cả,all,0.92,4705,3238,511,17063,,,,
synth,A4,Tất cả,all,0.93,4554,3389,476,17098,,,,
synth,A4,Tất cả,all,0.94,4358,3585,438,17136,,,,
synth,A4,Tất cả,all,0.95,4113,3830,393,17181,,,,
test,A0,Asm,all,0.01,1367,190,2221,1262,79.0,111.0,486.0,1735.0
test,A0,Asm,nb,0.01,835,111,1735,1175,,,,
test,A0,Asm,b,0.01,532,79,486,87,,,,
test,A0,Babble,all,0.01,1670,7,2235,393,3.0,4.0,282.0,1953.0
test,A0,Babble,nb,0.01,1399,4,1953,389,,,,
test,A0,Babble,b,0.01,271,3,282,4,,,,
test,A0,Clean,all,0.01,4313,1,357,81,1.0,0.0,263.0,94.0
test,A0,Clean,nb,0.01,3946,0,94,74,,,,
test,A0,Clean,b,0.01,367,1,263,7,,,,
test,A0,Music,all,0.01,2553,20,1635,791,12.0,8.0,223.0,1412.0
test,A0,Music,nb,0.01,2299,8,1412,762,,,,
test,A0,Music,b,0.01,254,12,223,29,,,,
test,A0,Noise,all,0.01,109,64,1466,2921,28.0,36.0,63.0,1403.0
test,A0,Noise,nb,0.01,44,36,1403,2888,,,,
test,A0,Noise,b,0.01,65,28,63,33,,,,
test,A0,Asm,all,0.02,1133,424,1433,2050,186.0,238.0,364.0,1069.0
test,A0,Asm,nb,0.02,708,238,1069,1841,,,,
test,A0,Asm,b,0.02,425,186,364,209,,,,
test,A0,Babble,all,0.02,1662,15,2006,622,7.0,8.0,273.0,1733.0
test,A0,Babble,nb,0.02,1395,8,1733,609,,,,
test,A0,Babble,b,0.02,267,7,273,13,,,,
test,A0,Clean,all,0.02,4311,3,327,111,2.0,1.0,259.0,68.0
test,A0,Clean,nb,0.02,3945,1,68,100,,,,
test,A0,Clean,b,0.02,366,2,259,11,,,,
test,A0,Music,all,0.02,2536,37,1300,1126,25.0,12.0,217.0,1083.0
test,A0,Music,nb,0.02,2295,12,1083,1091,,,,
test,A0,Music,b,0.02,241,25,217,35,,,,
test,A0,Noise,all,0.02,106,67,1058,3329,31.0,36.0,59.0,999.0
test,A0,Noise,nb,0.02,44,36,999,3292,,,,
test,A0,Noise,b,0.02,62,31,59,37,,,,
test,A0,Asm,all,0.03,929,628,938,2545,290.0,338.0,278.0,660.0
test,A0,Asm,nb,0.03,608,338,660,2250,,,,
test,A0,Asm,b,0.03,321,290,278,295,,,,
test,A0,Babble,all,0.03,1646,31,1808,820,16.0,15.0,267.0,1541.0
test,A0,Babble,nb,0.03,1388,15,1541,801,,,,
test,A0,Babble,b,0.03,258,16,267,19,,,,
test,A0,Clean,all,0.03,4311,3,316,122,2.0,1.0,257.0,59.0
test,A0,Clean,nb,0.03,3945,1,59,109,,,,
test,A0,Clean,b,0.03,366,2,257,13,,,,
test,A0,Music,all,0.03,2522,51,1105,1321,31.0,20.0,209.0,896.0
test,A0,Music,nb,0.03,2287,20,896,1278,,,,
test,A0,Music,b,0.03,235,31,209,43,,,,
test,A0,Noise,all,0.03,106,67,827,3560,31.0,36.0,57.0,770.0
test,A0,Noise,nb,0.03,44,36,770,3521,,,,
test,A0,Noise,b,0.03,62,31,57,39,,,,
test,A0,Asm,all,0.04,789,768,621,2862,363.0,405.0,199.0,422.0
test,A0,Asm,nb,0.04,541,405,422,2488,,,,
test,A0,Asm,b,0.04,248,363,199,374,,,,
test,A0,Babble,all,0.04,1612,65,1596,1032,23.0,42.0,255.0,1341.0
test,A0,Babble,nb,0.04,1361,42,1341,1001,,,,
test,A0,Babble,b,0.04,251,23,255,31,,,,
test,A0,Clean,all,0.04,4310,4,305,133,3.0,1.0,254.0,51.0
test,A0,Clean,nb,0.04,3945,1,51,117,,,,
test,A0,Clean,b,0.04,365,3,254,16,,,,
test,A0,Music,all,0.04,2516,57,958,1468,34.0,23.0,200.0,758.0
test,A0,Music,nb,0.04,2284,23,758,1416,,,,
test,A0,Music,b,0.04,232,34,200,52,,,,
test,A0,Noise,all,0.04,103,70,696,3691,33.0,37.0,54.0,642.0
test,A0,Noise,nb,0.04,43,37,642,3649,,,,
test,A0,Noise,b,0.04,60,33,54,42,,,,
test,A0,Asm,all,0.05,685,872,439,3044,411.0,461.0,159.0,280.0
test,A0,Asm,nb,0.05,485,461,280,2630,,,,
test,A0,Asm,b,0.05,200,411,159,414,,,,
test,A0,Babble,all,0.05,1583,94,1423,1205,26.0,68.0,241.0,1182.0
test,A0,Babble,nb,0.05,1335,68,1182,1160,,,,
test,A0,Babble,b,0.05,248,26,241,45,,,,
test,A0,Clean,all,0.05,4310,4,295,143,3.0,1.0,253.0,42.0
test,A0,Clean,nb,0.05,3945,1,42,126,,,,
test,A0,Clean,b,0.05,365,3,253,17,,,,
test,A0,Music,all,0.05,2503,70,836,1590,38.0,32.0,194.0,642.0
test,A0,Music,nb,0.05,2275,32,642,1532,,,,
test,A0,Music,b,0.05,228,38,194,58,,,,
test,A0,Noise,all,0.05,97,76,586,3801,37.0,39.0,49.0,537.0
test,A0,Noise,nb,0.05,41,39,537,3754,,,,
test,A0,Noise,b,0.05,56,37,49,47,,,,
test,A0,Asm,all,0.06,602,955,319,3164,447.0,508.0,126.0,193.0
test,A0,Asm,nb,0.06,438,508,193,2717,,,,
test,A0,Asm,b,0.06,164,447,126,447,,,,
test,A0,Babble,all,0.06,1542,135,1268,1360,40.0,95.0,233.0,1035.0
test,A0,Babble,nb,0.06,1308,95,1035,1307,,,,
test,A0,Babble,b,0.06,234,40,233,53,,,,
test,A0,Clean,all,0.06,4310,4,288,150,3.0,1.0,251.0,37.0
test,A0,Clean,nb,0.06,3945,1,37,131,,,,
test,A0,Clean,b,0.06,365,3,251,19,,,,
test,A0,Music,all,0.06,2495,78,747,1679,42.0,36.0,189.0,558.0
test,A0,Music,nb,0.06,2271,36,558,1616,,,,
test,A0,Music,b,0.06,224,42,189,63,,,,
test,A0,Noise,all,0.06,94,79,512,3875,39.0,40.0,47.0,465.0
test,A0,Noise,nb,0.06,40,40,465,3826,,,,
test,A0,Noise,b,0.06,54,39,47,49,,,,
test,A0,Asm,all,0.07,543,1014,251,3232,471.0,543.0,106.0,145.0
test,A0,Asm,nb,0.07,403,543,145,2765,,,,
test,A0,Asm,b,0.07,140,471,106,467,,,,
test,A0,Babble,all,0.07,1472,205,1159,1469,62.0,143.0,221.0,938.0
test,A0,Babble,nb,0.07,1260,143,938,1404,,,,
test,A0,Babble,b,0.07,212,62,221,65,,,,
test,A0,Clean,all,0.07,4310,4,281,157,3.0,1.0,249.0,32.0
test,A0,Clean,nb,0.07,3945,1,32,136,,,,
test,A0,Clean,b,0.07,365,3,249,21,,,,
test,A0,Music,all,0.07,2487,86,684,1742,43.0,43.0,180.0,504.0
test,A0,Music,nb,0.07,2264,43,504,1670,,,,
test,A0,Music,b,0.07,223,43,180,72,,,,
test,A0,Noise,all,0.07,93,80,447,3940,40.0,40.0,43.0,404.0
test,A0,Noise,nb,0.07,40,40,404,3887,,,,
test,A0,Noise,b,0.07,53,40,43,53,,,,
test,A0,Asm,all,0.08,491,1066,199,3284,489.0,577.0,87.0,112.0
test,A0,Asm,nb,0.08,369,577,112,2798,,,,
test,A0,Asm,b,0.08,122,489,87,486,,,,
test,A0,Babble,all,0.08,1411,266,1060,1568,74.0,192.0,208.0,852.0
test,A0,Babble,nb,0.08,1211,192,852,1490,,,,
test,A0,Babble,b,0.08,200,74,208,78,,,,
test,A0,Clean,all,0.08,4310,4,278,160,3.0,1.0,249.0,29.0
test,A0,Clean,nb,0.08,3945,1,29,139,,,,
test,A0,Clean,b,0.08,365,3,249,21,,,,
test,A0,Music,all,0.08,2483,90,632,1794,45.0,45.0,172.0,460.0
test,A0,Music,nb,0.08,2262,45,460,1714,,,,
test,A0,Music,b,0.08,221,45,172,80,,,,
test,A0,Noise,all,0.08,91,82,395,3992,42.0,40.0,40.0,355.0
test,A0,Noise,nb,0.08,40,40,355,3936,,,,
test,A0,Noise,b,0.08,51,42,40,56,,,,
test,A0,Asm,all,0.09,440,1117,171,3312,511.0,606.0,80.0,91.0
test,A0,Asm,nb,0.09,340,606,91,2819,,,,
test,A0,Asm,b,0.09,100,511,80,493,,,,
test,A0,Babble,all,0.09,1361,316,972,1656,82.0,234.0,195.0,777.0
test,A0,Babble,nb,0.09,1169,234,777,1565,,,,
test,A0,Babble,b,0.09,192,82,195,91,,,,
test,A0,Clean,all,0.09,4309,5,273,165,4.0,1.0,247.0,26.0
test,A0,Clean,nb,0.09,3945,1,26,142,,,,
test,A0,Clean,b,0.09,364,4,247,23,,,,
test,A0,Music,all,0.09,2473,100,596,1830,48.0,52.0,166.0,430.0
test,A0,Music,nb,0.09,2255,52,430,1744,,,,
test,A0,Music,b,0.09,218,48,166,86,,,,
test,A0,Noise,all,0.09,84,89,363,4024,48.0,41.0,38.0,325.0
test,A0,Noise,nb,0.09,39,41,325,3966,,,,
test,A0,Noise,b,0.09,45,48,38,58,,,,
test,A0,Asm,all,0.1,407,1150,148,3335,521.0,629.0,72.0,76.0
test,A0,Asm,nb,0.1,317,629,76,2834,,,,
test,A0,Asm,b,0.1,90,521,72,501,,,,
test,A0,Babble,all,0.1,1297,380,883,1745,97.0,283.0,176.0,707.0
test,A0,Babble,nb,0.1,1120,283,707,1635,,,,
test,A0,Babble,b,0.1,177,97,176,110,,,,
test,A0,Clean,all,0.1,4309,5,271,167,4.0,1.0,246.0,25.0
test,A0,Clean,nb,0.1,3945,1,25,143,,,,
test,A0,Clean,b,0.1,364,4,246,24,,,,
test,A0,Music,all,0.1,2465,108,547,1879,50.0,58.0,161.0,386.0
test,A0,Music,nb,0.1,2249,58,386,1788,,,,
test,A0,Music,b,0.1,216,50,161,91,,,,
test,A0,Noise,all,0.1,78,95,331,4056,52.0,43.0,36.0,295.0
test,A0,Noise,nb,0.1,37,43,295,3996,,,,
test,A0,Noise,b,0.1,41,52,36,60,,,,
test,A0,Asm,all,0.11,389,1168,125,3358,527.0,641.0,62.0,63.0
test,A0,Asm,nb,0.11,305,641,63,2847,,,,
test,A0,Asm,b,0.11,84,527,62,511,,,,
test,A0,Babble,all,0.11,1218,459,802,1826,114.0,345.0,165.0,637.0
test,A0,Babble,nb,0.11,1058,345,637,1705,,,,
test,A0,Babble,b,0.11,160,114,165,121,,,,
test,A0,Clean,all,0.11,4309,5,267,171,4.0,1.0,244.0,23.0
test,A0,Clean,nb,0.11,3945,1,23,145,,,,
test,A0,Clean,b,0.11,364,4,244,26,,,,
test,A0,Music,all,0.11,2455,118,511,1915,55.0,63.0,160.0,351.0
test,A0,Music,nb,0.11,2244,63,351,1823,,,,
test,A0,Music,b,0.11,211,55,160,92,,,,
test,A0,Noise,all,0.11,76,97,305,4082,54.0,43.0,34.0,271.0
test,A0,Noise,nb,0.11,37,43,271,4020,,,,
test,A0,Noise,b,0.11,39,54,34,62,,,,
test,A0,Asm,all,0.12,366,1191,109,3374,538.0,653.0,56.0,53.0
test,A0,Asm,nb,0.12,293,653,53,2857,,,,
test,A0,Asm,b,0.12,73,538,56,517,,,,
test,A0,Babble,all,0.12,1159,518,726,1902,120.0,398.0,147.0,579.0
test,A0,Babble,nb,0.12,1005,398,579,1763,,,,
test,A0,Babble,b,0.12,154,120,147,139,,,,
test,A0,Clean,all,0.12,4308,6,265,173,5.0,1.0,243.0,22.0
test,A0,Clean,nb,0.12,3945,1,22,146,,,,
test,A0,Clean,b,0.12,363,5,243,27,,,,
test,A0,Music,all,0.12,2442,131,484,1942,58.0,73.0,159.0,325.0
test,A0,Music,nb,0.12,2234,73,325,1849,,,,
test,A0,Music,b,0.12,208,58,159,93,,,,
test,A0,Noise,all,0.12,72,101,284,4103,56.0,45.0,33.0,251.0
test,A0,Noise,nb,0.12,35,45,251,4040,,,,
test,A0,Noise,b,0.12,37,56,33,63,,,,
test,A0,Asm,all,0.13,339,1218,93,3390,548.0,670.0,45.0,48.0
test,A0,Asm,nb,0.13,276,670,48,2862,,,,
test,A0,Asm,b,0.13,63,548,45,528,,,,
test,A0,Babble,all,0.13,1105,572,654,1974,127.0,445.0,130.0,524.0
test,A0,Babble,nb,0.13,958,445,524,1818,,,,
test,A0,Babble,b,0.13,147,127,130,156,,,,
test,A0,Clean,all,0.13,4308,6,263,175,5.0,1.0,242.0,21.0
test,A0,Clean,nb,0.13,3945,1,21,147,,,,
test,A0,Clean,b,0.13,363,5,242,28,,,,
test,A0,Music,all,0.13,2438,135,457,1969,59.0,76.0,154.0,303.0
test,A0,Music,nb,0.13,2231,76,303,1871,,,,
test,A0,Music,b,0.13,207,59,154,98,,,,
test,A0,Noise,all,0.13,70,103,268,4119,57.0,46.0,32.0,236.0
test,A0,Noise,nb,0.13,34,46,236,4055,,,,
test,A0,Noise,b,0.13,36,57,32,64,,,,
test,A0,Asm,all,0.14,323,1234,74,3409,551.0,683.0,36.0,38.0
test,A0,Asm,nb,0.14,263,683,38,2872,,,,
test,A0,Asm,b,0.14,60,551,36,537,,,,
test,A0,Babble,all,0.14,1046,631,594,2034,139.0,492.0,125.0,469.0
test,A0,Babble,nb,0.14,911,492,469,1873,,,,
test,A0,Babble,b,0.14,135,139,125,161,,,,
test,A0,Clean,all,0.14,4307,7,261,177,5.0,2.0,240.0,21.0
test,A0,Clean,nb,0.14,3944,2,21,147,,,,
test,A0,Clean,b,0.14,363,5,240,30,,,,
test,A0,Music,all,0.14,2428,145,433,1993,63.0,82.0,151.0,282.0
test,A0,Music,nb,0.14,2225,82,282,1892,,,,
test,A0,Music,b,0.14,203,63,151,101,,,,
test,A0,Noise,all,0.14,66,107,240,4147,57.0,50.0,30.0,210.0
test,A0,Noise,nb,0.14,30,50,210,4081,,,,
test,A0,Noise,b,0.14,36,57,30,66,,,,
test,A0,Asm,all,0.15,313,1244,62,3421,555.0,689.0,30.0,32.0
test,A0,Asm,nb,0.15,257,689,32,2878,,,,
test,A0,Asm,b,0.15,56,555,30,543,,,,
test,A0,Babble,all,0.15,989,688,539,2089,152.0,536.0,119.0,420.0
test,A0,Babble,nb,0.15,867,536,420,1922,,,,
test,A0,Babble,b,0.15,122,152,119,167,,,,
test,A0,Clean,all,0.15,4307,7,258,180,5.0,2.0,238.0,20.0
test,A0,Clean,nb,0.15,3944,2,20,148,,,,
test,A0,Clean,b,0.15,363,5,238,32,,,,
test,A0,Music,all,0.15,2425,148,410,2016,65.0,83.0,150.0,260.0
test,A0,Music,nb,0.15,2224,83,260,1914,,,,
test,A0,Music,b,0.15,201,65,150,102,,,,
test,A0,Noise,all,0.15,64,109,214,4173,58.0,51.0,26.0,188.0
test,A0,Noise,nb,0.15,29,51,188,4103,,,,
test,A0,Noise,b,0.15,35,58,26,70,,,,
test,A0,Asm,all,0.16,301,1256,52,3431,555.0,701.0,26.0,26.0
test,A0,Asm,nb,0.16,245,701,26,2884,,,,
test,A0,Asm,b,0.16,56,555,26,547,,,,
test,A0,Babble,all,0.16,941,736,495,2133,159.0,577.0,113.0,382.0
test,A0,Babble,nb,0.16,826,577,382,1960,,,,
test,A0,Babble,b,0.16,115,159,113,173,,,,
test,A0,Clean,all,0.16,4307,7,252,186,5.0,2.0,236.0,16.0
test,A0,Clean,nb,0.16,3944,2,16,152,,,,
test,A0,Clean,b,0.16,363,5,236,34,,,,
test,A0,Music,all,0.16,2417,156,382,2044,67.0,89.0,144.0,238.0
test,A0,Music,nb,0.16,2218,89,238,1936,,,,
test,A0,Music,b,0.16,199,67,144,108,,,,
test,A0,Noise,all,0.16,60,113,199,4188,60.0,53.0,26.0,173.0
test,A0,Noise,nb,0.16,27,53,173,4118,,,,
test,A0,Noise,b,0.16,33,60,26,70,,,,
test,A0,Asm,all,0.17,289,1268,45,3438,561.0,707.0,22.0,23.0
test,A0,Asm,nb,0.17,239,707,23,2887,,,,
test,A0,Asm,b,0.17,50,561,22,551,,,,
test,A0,Babble,all,0.17,876,801,461,2167,171.0,630.0,106.0,355.0
test,A0,Babble,nb,0.17,773,630,355,1987,,,,
test,A0,Babble,b,0.17,103,171,106,180,,,,
test,A0,Clean,all,0.17,4307,7,251,187,5.0,2.0,235.0,16.0
test,A0,Clean,nb,0.17,3944,2,16,152,,,,
test,A0,Clean,b,0.17,363,5,235,35,,,,
test,A0,Music,all,0.17,2407,166,358,2068,68.0,98.0,140.0,218.0
test,A0,Music,nb,0.17,2209,98,218,1956,,,,
test,A0,Music,b,0.17,198,68,140,112,,,,
test,A0,Noise,all,0.17,58,115,187,4200,60.0,55.0,26.0,161.0
test,A0,Noise,nb,0.17,25,55,161,4130,,,,
test,A0,Noise,b,0.17,33,60,26,70,,,,
test,A0,Asm,all,0.18,280,1277,38,3445,564.0,713.0,19.0,19.0
test,A0,Asm,nb,0.18,233,713,19,2891,,,,
test,A0,Asm,b,0.18,47,564,19,554,,,,
test,A0,Babble,all,0.18,837,840,427,2201,179.0,661.0,99.0,328.0
test,A0,Babble,nb,0.18,742,661,328,2014,,,,
test,A0,Babble,b,0.18,95,179,99,187,,,,
test,A0,Clean,all,0.18,4305,9,249,189,7.0,2.0,234.0,15.0
test,A0,Clean,nb,0.18,3944,2,15,153,,,,
test,A0,Clean,b,0.18,361,7,234,36,,,,
test,A0,Music,all,0.18,2399,174,341,2085,68.0,106.0,134.0,207.0
test,A0,Music,nb,0.18,2201,106,207,1967,,,,
test,A0,Music,b,0.18,198,68,134,118,,,,
test,A0,Noise,all,0.18,57,116,170,4217,61.0,55.0,24.0,146.0
test,A0,Noise,nb,0.18,25,55,146,4145,,,,
test,A0,Noise,b,0.18,32,61,24,72,,,,
test,A0,Asm,all,0.19,268,1289,32,3451,566.0,723.0,16.0,16.0
test,A0,Asm,nb,0.19,223,723,16,2894,,,,
test,A0,Asm,b,0.19,45,566,16,557,,,,
test,A0,Babble,all,0.19,801,876,388,2240,186.0,690.0,89.0,299.0
test,A0,Babble,nb,0.19,713,690,299,2043,,,,
test,A0,Babble,b,0.19,88,186,89,197,,,,
test,A0,Clean,all,0.19,4305,9,246,192,7.0,2.0,231.0,15.0
test,A0,Clean,nb,0.19,3944,2,15,153,,,,
test,A0,Clean,b,0.19,361,7,231,39,,,,
test,A0,Music,all,0.19,2385,188,318,2108,70.0,118.0,129.0,189.0
test,A0,Music,nb,0.19,2189,118,189,1985,,,,
test,A0,Music,b,0.19,196,70,129,123,,,,
test,A0,Noise,all,0.19,55,118,161,4226,62.0,56.0,21.0,140.0
test,A0,Noise,nb,0.19,24,56,140,4151,,,,
test,A0,Noise,b,0.19,31,62,21,75,,,,
test,A0,Asm,all,0.2,257,1300,27,3456,567.0,733.0,15.0,12.0
test,A0,Asm,nb,0.2,213,733,12,2898,,,,
test,A0,Asm,b,0.2,44,567,15,558,,,,
test,A0,Babble,all,0.2,759,918,353,2275,190.0,728.0,84.0,269.0
test,A0,Babble,nb,0.2,675,728,269,2073,,,,
test,A0,Babble,b,0.2,84,190,84,202,,,,
test,A0,Clean,all,0.2,4303,11,242,196,9.0,2.0,229.0,13.0
test,A0,Clean,nb,0.2,3944,2,13,155,,,,
test,A0,Clean,b,0.2,359,9,229,41,,,,
test,A0,Music,all,0.2,2376,197,302,2124,76.0,121.0,124.0,178.0
test,A0,Music,nb,0.2,2186,121,178,1996,,,,
test,A0,Music,b,0.2,190,76,124,128,,,,
test,A0,Noise,all,0.2,55,118,152,4235,62.0,56.0,19.0,133.0
test,A0,Noise,nb,0.2,24,56,133,4158,,,,
test,A0,Noise,b,0.2,31,62,19,77,,,,
test,A0,Asm,all,0.21,246,1311,24,3459,570.0,741.0,14.0,10.0
test,A0,Asm,nb,0.21,205,741,10,2900,,,,
test,A0,Asm,b,0.21,41,570,14,559,,,,
test,A0,Babble,all,0.21,714,963,321,2307,195.0,768.0,75.0,246.0
test,A0,Babble,nb,0.21,635,768,246,2096,,,,
test,A0,Babble,b,0.21,79,195,75,211,,,,
test,A0,Clean,all,0.21,4303,11,240,198,9.0,2.0,229.0,11.0
test,A0,Clean,nb,0.21,3944,2,11,157,,,,
test,A0,Clean,b,0.21,359,9,229,41,,,,
test,A0,Music,all,0.21,2372,201,291,2135,77.0,124.0,120.0,171.0
test,A0,Music,nb,0.21,2183,124,171,2003,,,,
test,A0,Music,b,0.21,189,77,120,132,,,,
test,A0,Noise,all,0.21,54,119,144,4243,63.0,56.0,18.0,126.0
test,A0,Noise,nb,0.21,24,56,126,4165,,,,
test,A0,Noise,b,0.21,30,63,18,78,,,,
test,A0,Asm,all,0.22,237,1320,20,3463,573.0,747.0,12.0,8.0
test,A0,Asm,nb,0.22,199,747,8,2902,,,,
test,A0,Asm,b,0.22,38,573,12,561,,,,
test,A0,Babble,all,0.22,679,998,297,2331,199.0,799.0,66.0,231.0
test,A0,Babble,nb,0.22,604,799,231,2111,,,,
test,A0,Babble,b,0.22,75,199,66,220,,,,
test,A0,Clean,all,0.22,4302,12,236,202,10.0,2.0,226.0,10.0
test,A0,Clean,nb,0.22,3944,2,10,158,,,,
test,A0,Clean,b,0.22,358,10,226,44,,,,
test,A0,Music,all,0.22,2366,207,276,2150,77.0,130.0,119.0,157.0
test,A0,Music,nb,0.22,2177,130,157,2017,,,,
test,A0,Music,b,0.22,189,77,119,133,,,,
test,A0,Noise,all,0.22,51,122,134,4253,65.0,57.0,17.0,117.0
test,A0,Noise,nb,0.22,23,57,117,4174,,,,
test,A0,Noise,b,0.22,28,65,17,79,,,,
test,A0,Asm,all,0.23,221,1336,15,3468,578.0,758.0,8.0,7.0
test,A0,Asm,nb,0.23,188,758,7,2903,,,,
test,A0,Asm,b,0.23,33,578,8,565,,,,
test,A0,Babble,all,0.23,640,1037,272,2356,206.0,831.0,59.0,213.0
test,A0,Babble,nb,0.23,572,831,213,2129,,,,
test,A0,Babble,b,0.23,68,206,59,227,,,,
test,A0,Clean,all,0.23,4302,12,235,203,10.0,2.0,225.0,10.0
test,A0,Clean,nb,0.23,3944,2,10,158,,,,
test,A0,Clean,b,0.23,358,10,225,45,,,,
test,A0,Music,all,0.23,2357,216,267,2159,79.0,137.0,118.0,149.0
test,A0,Music,nb,0.23,2170,137,149,2025,,,,
test,A0,Music,b,0.23,187,79,118,134,,,,
test,A0,Noise,all,0.23,50,123,126,4261,66.0,57.0,16.0,110.0
test,A0,Noise,nb,0.23,23,57,110,4181,,,,
test,A0,Noise,b,0.23,27,66,16,80,,,,
test,A0,Asm,all,0.24,210,1347,12,3471,581.0,766.0,7.0,5.0
test,A0,Asm,nb,0.24,180,766,5,2905,,,,
test,A0,Asm,b,0.24,30,581,7,566,,,,
test,A0,Babble,all,0.24,616,1061,241,2387,211.0,850.0,53.0,188.0
test,A0,Babble,nb,0.24,553,850,188,2154,,,,
test,A0,Babble,b,0.24,63,211,53,233,,,,
test,A0,Clean,all,0.24,4302,12,233,205,10.0,2.0,225.0,8.0
test,A0,Clean,nb,0.24,3944,2,8,160,,,,
test,A0,Clean,b,0.24,358,10,225,45,,,,
test,A0,Music,all,0.24,2346,227,251,2175,79.0,148.0,110.0,141.0
test,A0,Music,nb,0.24,2159,148,141,2033,,,,
test,A0,Music,b,0.24,187,79,110,142,,,,
test,A0,Noise,all,0.24,47,126,117,4270,68.0,58.0,15.0,102.0
test,A0,Noise,nb,0.24,22,58,102,4189,,,,
test,A0,Noise,b,0.24,25,68,15,81,,,,
test,A0,Asm,all,0.25,206,1351,12,3471,583.0,768.0,7.0,5.0
test,A0,Asm,nb,0.25,178,768,5,2905,,,,
test,A0,Asm,b,0.25,28,583,7,566,,,,
test,A0,Babble,all,0.25,585,1092,220,2408,216.0,876.0,48.0,172.0
test,A0,Babble,nb,0.25,527,876,172,2170,,,,
test,A0,Babble,b,0.25,58,216,48,238,,,,
test,A0,Clean,all,0.25,4302,12,231,207,10.0,2.0,224.0,7.0
test,A0,Clean,nb,0.25,3944,2,7,161,,,,
test,A0,Clean,b,0.25,358,10,224,46,,,,
test,A0,Music,all,0.25,2338,235,239,2187,81.0,154.0,103.0,136.0
test,A0,Music,nb,0.25,2153,154,136,2038,,,,
test,A0,Music,b,0.25,185,81,103,149,,,,
test,A0,Noise,all,0.25,45,128,109,4278,69.0,59.0,15.0,94.0
test,A0,Noise,nb,0.25,21,59,94,4197,,,,
test,A0,Noise,b,0.25,24,69,15,81,,,,
test,A0,Asm,all,0.26,199,1358,9,3474,585.0,773.0,5.0,4.0
test,A0,Asm,nb,0.26,173,773,4,2906,,,,
test,A0,Asm,b,0.26,26,585,5,568,,,,
test,A0,Babble,all,0.26,556,1121,209,2419,223.0,898.0,45.0,164.0
test,A0,Babble,nb,0.26,505,898,164,2178,,,,
test,A0,Babble,b,0.26,51,223,45,241,,,,
test,A0,Clean,all,0.26,4302,12,231,207,10.0,2.0,224.0,7.0
test,A0,Clean,nb,0.26,3944,2,7,161,,,,
test,A0,Clean,b,0.26,358,10,224,46,,,,
test,A0,Music,all,0.26,2327,246,226,2200,82.0,164.0,102.0,124.0
test,A0,Music,nb,0.26,2143,164,124,2050,,,,
test,A0,Music,b,0.26,184,82,102,150,,,,
test,A0,Noise,all,0.26,45,128,102,4285,69.0,59.0,15.0,87.0
test,A0,Noise,nb,0.26,21,59,87,4204,,,,
test,A0,Noise,b,0.26,24,69,15,81,,,,
test,A0,Asm,all,0.27,189,1368,8,3475,588.0,780.0,5.0,3.0
test,A0,Asm,nb,0.27,166,780,3,2907,,,,
test,A0,Asm,b,0.27,23,588,5,568,,,,
test,A0,Babble,all,0.27,533,1144,196,2432,227.0,917.0,42.0,154.0
test,A0,Babble,nb,0.27,486,917,154,2188,,,,
test,A0,Babble,b,0.27,47,227,42,244,,,,
test,A0,Clean,all,0.27,4302,12,228,210,10.0,2.0,222.0,6.0
test,A0,Clean,nb,0.27,3944,2,6,162,,,,
test,A0,Clean,b,0.27,358,10,222,48,,,,
test,A0,Music,all,0.27,2310,263,216,2210,86.0,177.0,100.0,116.0
test,A0,Music,nb,0.27,2130,177,116,2058,,,,
test,A0,Music,b,0.27,180,86,100,152,,,,
test,A0,Noise,all,0.27,44,129,96,4291,70.0,59.0,14.0,82.0
test,A0,Noise,nb,0.27,21,59,82,4209,,,,
test,A0,Noise,b,0.27,23,70,14,82,,,,
test,A0,Asm,all,0.28,179,1378,5,3478,589.0,789.0,3.0,2.0
test,A0,Asm,nb,0.28,157,789,2,2908,,,,
test,A0,Asm,b,0.28,22,589,3,570,,,,
test,A0,Babble,all,0.28,505,1172,184,2444,230.0,942.0,40.0,144.0
test,A0,Babble,nb,0.28,461,942,144,2198,,,,
test,A0,Babble,b,0.28,44,230,40,246,,,,
test,A0,Clean,all,0.28,4301,13,225,213,10.0,3.0,219.0,6.0
test,A0,Clean,nb,0.28,3943,3,6,162,,,,
test,A0,Clean,b,0.28,358,10,219,51,,,,
test,A0,Music,all,0.28,2301,272,209,2217,86.0,186.0,98.0,111.0
test,A0,Music,nb,0.28,2121,186,111,2063,,,,
test,A0,Music,b,0.28,180,86,98,154,,,,
test,A0,Noise,all,0.28,42,131,93,4294,71.0,60.0,14.0,79.0
test,A0,Noise,nb,0.28,20,60,79,4212,,,,
test,A0,Noise,b,0.28,22,71,14,82,,,,
test,A0,Asm,all,0.29,175,1382,5,3478,591.0,791.0,3.0,2.0
test,A0,Asm,nb,0.29,155,791,2,2908,,,,
test,A0,Asm,b,0.29,20,591,3,570,,,,
test,A0,Babble,all,0.29,483,1194,167,2461,234.0,960.0,34.0,133.0
test,A0,Babble,nb,0.29,443,960,133,2209,,,,
test,A0,Babble,b,0.29,40,234,34,252,,,,
test,A0,Clean,all,0.29,4301,13,223,215,10.0,3.0,217.0,6.0
test,A0,Clean,nb,0.29,3943,3,6,162,,,,
test,A0,Clean,b,0.29,358,10,217,53,,,,
test,A0,Music,all,0.29,2295,278,199,2227,88.0,190.0,96.0,103.0
test,A0,Music,nb,0.29,2117,190,103,2071,,,,
test,A0,Music,b,0.29,178,88,96,156,,,,
test,A0,Noise,all,0.29,41,132,87,4300,71.0,61.0,13.0,74.0
test,A0,Noise,nb,0.29,19,61,74,4217,,,,
test,A0,Noise,b,0.29,22,71,13,83,,,,
test,A0,Asm,all,0.3,172,1385,5,3478,592.0,793.0,3.0,2.0
test,A0,Asm,nb,0.3,153,793,2,2908,,,,
test,A0,Asm,b,0.3,19,592,3,570,,,,
test,A0,Babble,all,0.3,468,1209,152,2476,234.0,975.0,32.0,120.0
test,A0,Babble,nb,0.3,428,975,120,2222,,,,
test,A0,Babble,b,0.3,40,234,32,254,,,,
test,A0,Clean,all,0.3,4299,15,221,217,11.0,4.0,215.0,6.0
test,A0,Clean,nb,0.3,3942,4,6,162,,,,
test,A0,Clean,b,0.3,357,11,215,55,,,,
test,A0,Music,all,0.3,2286,287,192,2234,90.0,197.0,95.0,97.0
test,A0,Music,nb,0.3,2110,197,97,2077,,,,
test,A0,Music,b,0.3,176,90,95,157,,,,
test,A0,Noise,all,0.3,40,133,80,4307,72.0,61.0,13.0,67.0
test,A0,Noise,nb,0.3,19,61,67,4224,,,,
test,A0,Noise,b,0.3,21,72,13,83,,,,
test,A0,Asm,all,0.31,162,1395,5,3478,594.0,801.0,3.0,2.0
test,A0,Asm,nb,0.31,145,801,2,2908,,,,
test,A0,Asm,b,0.31,17,594,3,570,,,,
test,A0,Babble,all,0.31,443,1234,144,2484,235.0,999.0,28.0,116.0
test,A0,Babble,nb,0.31,404,999,116,2226,,,,
test,A0,Babble,b,0.31,39,235,28,258,,,,
test,A0,Clean,all,0.31,4299,15,216,222,11.0,4.0,210.0,6.0
test,A0,Clean,nb,0.31,3942,4,6,162,,,,
test,A0,Clean,b,0.31,357,11,210,60,,,,
test,A0,Music,all,0.31,2268,305,183,2243,93.0,212.0,92.0,91.0
test,A0,Music,nb,0.31,2095,212,91,2083,,,,
test,A0,Music,b,0.31,173,93,92,160,,,,
test,A0,Noise,all,0.31,40,133,75,4312,72.0,61.0,13.0,62.0
test,A0,Noise,nb,0.31,19,61,62,4229,,,,
test,A0,Noise,b,0.31,21,72,13,83,,,,
test,A0,Asm,all,0.32,160,1397,5,3478,596.0,801.0,3.0,2.0
test,A0,Asm,nb,0.32,145,801,2,2908,,,,
test,A0,Asm,b,0.32,15,596,3,570,,,,
test,A0,Babble,all,0.32,427,1250,134,2494,237.0,1013.0,25.0,109.0
test,A0,Babble,nb,0.32,390,1013,109,2233,,,,
test,A0,Babble,b,0.32,37,237,25,261,,,,
test,A0,Clean,all,0.32,4299,15,213,225,11.0,4.0,208.0,5.0
test,A0,Clean,nb,0.32,3942,4,5,163,,,,
test,A0,Clean,b,0.32,357,11,208,62,,,,
test,A0,Music,all,0.32,2257,316,171,2255,95.0,221.0,86.0,85.0
test,A0,Music,nb,0.32,2086,221,85,2089,,,,
test,A0,Music,b,0.32,171,95,86,166,,,,
test,A0,Noise,all,0.32,39,134,70,4317,72.0,62.0,12.0,58.0
test,A0,Noise,nb,0.32,18,62,58,4233,,,,
test,A0,Noise,b,0.32,21,72,12,84,,,,
test,A0,Asm,all,0.33,154,1403,5,3478,596.0,807.0,3.0,2.0
test,A0,Asm,nb,0.33,139,807,2,2908,,,,
test,A0,Asm,b,0.33,15,596,3,570,,,,
test,A0,Babble,all,0.33,416,1261,120,2508,239.0,1022.0,23.0,97.0
test,A0,Babble,nb,0.33,381,1022,97,2245,,,,
test,A0,Babble,b,0.33,35,239,23,263,,,,
test,A0,Clean,all,0.33,4299,15,210,228,11.0,4.0,205.0,5.0
test,A0,Clean,nb,0.33,3942,4,5,163,,,,
test,A0,Clean,b,0.33,357,11,205,65,,,,
test,A0,Music,all,0.33,2242,331,165,2261,98.0,233.0,84.0,81.0
test,A0,Music,nb,0.33,2074,233,81,2093,,,,
test,A0,Music,b,0.33,168,98,84,168,,,,
test,A0,Noise,all,0.33,39,134,69,4318,72.0,62.0,11.0,58.0
test,A0,Noise,nb,0.33,18,62,58,4233,,,,
test,A0,Noise,b,0.33,21,72,11,85,,,,
test,A0,Asm,all,0.34,146,1411,5,3478,598.0,813.0,3.0,2.0
test,A0,Asm,nb,0.34,133,813,2,2908,,,,
test,A0,Asm,b,0.34,13,598,3,570,,,,
test,A0,Babble,all,0.34,399,1278,111,2517,241.0,1037.0,23.0,88.0
test,A0,Babble,nb,0.34,366,1037,88,2254,,,,
test,A0,Babble,b,0.34,33,241,23,263,,,,
test,A0,Clean,all,0.34,4298,16,207,231,12.0,4.0,202.0,5.0
test,A0,Clean,nb,0.34,3942,4,5,163,,,,
test,A0,Clean,b,0.34,356,12,202,68,,,,
test,A0,Music,all,0.34,2227,346,157,2269,101.0,245.0,81.0,76.0
test,A0,Music,nb,0.34,2062,245,76,2098,,,,
test,A0,Music,b,0.34,165,101,81,171,,,,
test,A0,Noise,all,0.34,35,138,65,4322,75.0,63.0,11.0,54.0
test,A0,Noise,nb,0.34,17,63,54,4237,,,,
test,A0,Noise,b,0.34,18,75,11,85,,,,
test,A0,Asm,all,0.35,139,1418,5,3478,598.0,820.0,3.0,2.0
test,A0,Asm,nb,0.35,126,820,2,2908,,,,
test,A0,Asm,b,0.35,13,598,3,570,,,,
test,A0,Babble,all,0.35,382,1295,104,2524,243.0,1052.0,21.0,83.0
test,A0,Babble,nb,0.35,351,1052,83,2259,,,,
test,A0,Babble,b,0.35,31,243,21,265,,,,
test,A0,Clean,all,0.35,4298,16,202,236,12.0,4.0,198.0,4.0
test,A0,Clean,nb,0.35,3942,4,4,164,,,,
test,A0,Clean,b,0.35,356,12,198,72,,,,
test,A0,Music,all,0.35,2212,361,149,2277,101.0,260.0,80.0,69.0
test,A0,Music,nb,0.35,2047,260,69,2105,,,,
test,A0,Music,b,0.35,165,101,80,172,,,,
test,A0,Noise,all,0.35,35,138,60,4327,75.0,63.0,11.0,49.0
test,A0,Noise,nb,0.35,17,63,49,4242,,,,
test,A0,Noise,b,0.35,18,75,11,85,,,,
test,A0,Asm,all,0.36,129,1428,5,3478,599.0,829.0,3.0,2.0
test,A0,Asm,nb,0.36,117,829,2,2908,,,,
test,A0,Asm,b,0.36,12,599,3,570,,,,
test,A0,Babble,all,0.36,373,1304,100,2528,244.0,1060.0,21.0,79.0
test,A0,Babble,nb,0.36,343,1060,79,2263,,,,
test,A0,Babble,b,0.36,30,244,21,265,,,,
test,A0,Clean,all,0.36,4296,18,200,238,13.0,5.0,197.0,3.0
test,A0,Clean,nb,0.36,3941,5,3,165,,,,
test,A0,Clean,b,0.36,355,13,197,73,,,,
test,A0,Music,all,0.36,2202,371,146,2280,102.0,269.0,79.0,67.0
test,A0,Music,nb,0.36,2038,269,67,2107,,,,
test,A0,Music,b,0.36,164,102,79,173,,,,
test,A0,Noise,all,0.36,33,140,55,4332,77.0,63.0,10.0,45.0
test,A0,Noise,nb,0.36,17,63,45,4246,,,,
test,A0,Noise,b,0.36,16,77,10,86,,,,
test,A0,Asm,all,0.37,125,1432,4,3479,599.0,833.0,3.0,1.0
test,A0,Asm,nb,0.37,113,833,1,2909,,,,
test,A0,Asm,b,0.37,12,599,3,570,,,,
test,A0,Babble,all,0.37,363,1314,95,2533,245.0,1069.0,21.0,74.0
test,A0,Babble,nb,0.37,334,1069,74,2268,,,,
test,A0,Babble,b,0.37,29,245,21,265,,,,
test,A0,Clean,all,0.37,4295,19,197,241,14.0,5.0,194.0,3.0
test,A0,Clean,nb,0.37,3941,5,3,165,,,,
test,A0,Clean,b,0.37,354,14,194,76,,,,
test,A0,Music,all,0.37,2186,387,141,2285,104.0,283.0,76.0,65.0
test,A0,Music,nb,0.37,2024,283,65,2109,,,,
test,A0,Music,b,0.37,162,104,76,176,,,,
test,A0,Noise,all,0.37,32,141,54,4333,77.0,64.0,9.0,45.0
test,A0,Noise,nb,0.37,16,64,45,4246,,,,
test,A0,Noise,b,0.37,16,77,9,87,,,,
test,A0,Asm,all,0.38,120,1437,4,3479,599.0,838.0,3.0,1.0
test,A0,Asm,nb,0.38,108,838,1,2909,,,,
test,A0,Asm,b,0.38,12,599,3,570,,,,
test,A0,Babble,all,0.38,345,1332,85,2543,250.0,1082.0,19.0,66.0
test,A0,Babble,nb,0.38,321,1082,66,2276,,,,
test,A0,Babble,b,0.38,24,250,19,267,,,,
test,A0,Clean,all,0.38,4295,19,193,245,14.0,5.0,190.0,3.0
test,A0,Clean,nb,0.38,3941,5,3,165,,,,
test,A0,Clean,b,0.38,354,14,190,80,,,,
test,A0,Music,all,0.38,2174,399,139,2287,105.0,294.0,75.0,64.0
test,A0,Music,nb,0.38,2013,294,64,2110,,,,
test,A0,Music,b,0.38,161,105,75,177,,,,
test,A0,Noise,all,0.38,26,147,52,4335,80.0,67.0,9.0,43.0
test,A0,Noise,nb,0.38,13,67,43,4248,,,,
test,A0,Noise,b,0.38,13,80,9,87,,,,
test,A0,Asm,all,0.39,117,1440,4,3479,599.0,841.0,3.0,1.0
test,A0,Asm,nb,0.39,105,841,1,2909,,,,
test,A0,Asm,b,0.39,12,599,3,570,,,,
test,A0,Babble,all,0.39,336,1341,78,2550,251.0,1090.0,19.0,59.0
test,A0,Babble,nb,0.39,313,1090,59,2283,,,,
test,A0,Babble,b,0.39,23,251,19,267,,,,
test,A0,Clean,all,0.39,4295,19,192,246,14.0,5.0,189.0,3.0
test,A0,Clean,nb,0.39,3941,5,3,165,,,,
test,A0,Clean,b,0.39,354,14,189,81,,,,
test,A0,Music,all,0.39,2158,415,128,2298,109.0,306.0,74.0,54.0
test,A0,Music,nb,0.39,2001,306,54,2120,,,,
test,A0,Music,b,0.39,157,109,74,178,,,,
test,A0,Noise,all,0.39,25,148,52,4335,81.0,67.0,9.0,43.0
test,A0,Noise,nb,0.39,13,67,43,4248,,,,
test,A0,Noise,b,0.39,12,81,9,87,,,,
test,A0,Asm,all,0.4,111,1446,4,3479,599.0,847.0,3.0,1.0
test,A0,Asm,nb,0.4,99,847,1,2909,,,,
test,A0,Asm,b,0.4,12,599,3,570,,,,
test,A0,Babble,all,0.4,324,1353,72,2556,253.0,1100.0,18.0,54.0
test,A0,Babble,nb,0.4,303,1100,54,2288,,,,
test,A0,Babble,b,0.4,21,253,18,268,,,,
test,A0,Clean,all,0.4,4293,21,192,246,15.0,6.0,189.0,3.0
test,A0,Clean,nb,0.4,3940,6,3,165,,,,
test,A0,Clean,b,0.4,353,15,189,81,,,,
test,A0,Music,all,0.4,2147,426,122,2304,110.0,316.0,74.0,48.0
test,A0,Music,nb,0.4,1991,316,48,2126,,,,
test,A0,Music,b,0.4,156,110,74,178,,,,
test,A0,Noise,all,0.4,24,149,51,4336,81.0,68.0,9.0,42.0
test,A0,Noise,nb,0.4,12,68,42,4249,,,,
test,A0,Noise,b,0.4,12,81,9,87,,,,
test,A0,Asm,all,0.41,105,1452,4,3479,599.0,853.0,3.0,1.0
test,A0,Asm,nb,0.41,93,853,1,2909,,,,
test,A0,Asm,b,0.41,12,599,3,570,,,,
test,A0,Babble,all,0.41,315,1362,68,2560,253.0,1109.0,18.0,50.0
test,A0,Babble,nb,0.41,294,1109,50,2292,,,,
test,A0,Babble,b,0.41,21,253,18,268,,,,
test,A0,Clean,all,0.41,4293,21,191,247,15.0,6.0,188.0,3.0
test,A0,Clean,nb,0.41,3940,6,3,165,,,,
test,A0,Clean,b,0.41,353,15,188,82,,,,
test,A0,Music,all,0.41,2134,439,116,2310,113.0,326.0,72.0,44.0
test,A0,Music,nb,0.41,1981,326,44,2130,,,,
test,A0,Music,b,0.41,153,113,72,180,,,,
test,A0,Noise,all,0.41,23,150,50,4337,82.0,68.0,8.0,42.0
test,A0,Noise,nb,0.41,12,68,42,4249,,,,
test,A0,Noise,b,0.41,11,82,8,88,,,,
test,A0,Asm,all,0.42,103,1454,4,3479,599.0,855.0,3.0,1.0
test,A0,Asm,nb,0.42,91,855,1,2909,,,,
test,A0,Asm,b,0.42,12,599,3,570,,,,
test,A0,Babble,all,0.42,304,1373,63,2565,254.0,1119.0,17.0,46.0
test,A0,Babble,nb,0.42,284,1119,46,2296,,,,
test,A0,Babble,b,0.42,20,254,17,269,,,,
test,A0,Clean,all,0.42,4292,22,189,249,15.0,7.0,187.0,2.0
test,A0,Clean,nb,0.42,3939,7,2,166,,,,
test,A0,Clean,b,0.42,353,15,187,83,,,,
test,A0,Music,all,0.42,2120,453,111,2315,115.0,338.0,69.0,42.0
test,A0,Music,nb,0.42,1969,338,42,2132,,,,
test,A0,Music,b,0.42,151,115,69,183,,,,
test,A0,Noise,all,0.42,23,150,49,4338,82.0,68.0,8.0,41.0
test,A0,Noise,nb,0.42,12,68,41,4250,,,,
test,A0,Noise,b,0.42,11,82,8,88,,,,
test,A0,Asm,all,0.43,100,1457,3,3480,600.0,857.0,2.0,1.0
test,A0,Asm,nb,0.43,89,857,1,2909,,,,
test,A0,Asm,b,0.43,11,600,2,571,,,,
test,A0,Babble,all,0.43,296,1381,57,2571,255.0,1126.0,17.0,40.0
test,A0,Babble,nb,0.43,277,1126,40,2302,,,,
test,A0,Babble,b,0.43,19,255,17,269,,,,
test,A0,Clean,all,0.43,4292,22,187,251,15.0,7.0,185.0,2.0
test,A0,Clean,nb,0.43,3939,7,2,166,,,,
test,A0,Clean,b,0.43,353,15,185,85,,,,
test,A0,Music,all,0.43,2114,459,106,2320,116.0,343.0,68.0,38.0
test,A0,Music,nb,0.43,1964,343,38,2136,,,,
test,A0,Music,b,0.43,150,116,68,184,,,,
test,A0,Noise,all,0.43,23,150,49,4338,82.0,68.0,8.0,41.0
test,A0,Noise,nb,0.43,12,68,41,4250,,,,
test,A0,Noise,b,0.43,11,82,8,88,,,,
test,A0,Asm,all,0.44,93,1464,3,3480,602.0,862.0,2.0,1.0
test,A0,Asm,nb,0.44,84,862,1,2909,,,,
test,A0,Asm,b,0.44,9,602,2,571,,,,
test,A0,Babble,all,0.44,289,1388,51,2577,256.0,1132.0,16.0,35.0
test,A0,Babble,nb,0.44,271,1132,35,2307,,,,
test,A0,Babble,b,0.44,18,256,16,270,,,,
test,A0,Clean,all,0.44,4290,24,182,256,17.0,7.0,180.0,2.0
test,A0,Clean,nb,0.44,3939,7,2,166,,,,
test,A0,Clean,b,0.44,351,17,180,90,,,,
test,A0,Music,all,0.44,2099,474,106,2320,118.0,356.0,68.0,38.0
test,A0,Music,nb,0.44,1951,356,38,2136,,,,
test,A0,Music,b,0.44,148,118,68,184,,,,
test,A0,Noise,all,0.44,22,151,44,4343,82.0,69.0,6.0,38.0
test,A0,Noise,nb,0.44,11,69,38,4253,,,,
test,A0,Noise,b,0.44,11,82,6,90,,,,
test,A0,Asm,all,0.45,92,1465,2,3481,602.0,863.0,1.0,1.0
test,A0,Asm,nb,0.45,83,863,1,2909,,,,
test,A0,Asm,b,0.45,9,602,1,572,,,,
test,A0,Babble,all,0.45,278,1399,45,2583,259.0,1140.0,14.0,31.0
test,A0,Babble,nb,0.45,263,1140,31,2311,,,,
test,A0,Babble,b,0.45,15,259,14,272,,,,
test,A0,Clean,all,0.45,4289,25,177,261,17.0,8.0,175.0,2.0
test,A0,Clean,nb,0.45,3938,8,2,166,,,,
test,A0,Clean,b,0.45,351,17,175,95,,,,
test,A0,Music,all,0.45,2081,492,97,2329,120.0,372.0,63.0,34.0
test,A0,Music,nb,0.45,1935,372,34,2140,,,,
test,A0,Music,b,0.45,146,120,63,189,,,,
test,A0,Noise,all,0.45,21,152,43,4344,82.0,70.0,6.0,37.0
test,A0,Noise,nb,0.45,10,70,37,4254,,,,
test,A0,Noise,b,0.45,11,82,6,90,,,,
test,A0,Asm,all,0.46,91,1466,2,3481,602.0,864.0,1.0,1.0
test,A0,Asm,nb,0.46,82,864,1,2909,,,,
test,A0,Asm,b,0.46,9,602,1,572,,,,
test,A0,Babble,all,0.46,267,1410,41,2587,261.0,1149.0,11.0,30.0
test,A0,Babble,nb,0.46,254,1149,30,2312,,,,
test,A0,Babble,b,0.46,13,261,11,275,,,,
test,A0,Clean,all,0.46,4288,26,174,264,18.0,8.0,172.0,2.0
test,A0,Clean,nb,0.46,3938,8,2,166,,,,
test,A0,Clean,b,0.46,350,18,172,98,,,,
test,A0,Music,all,0.46,2072,501,93,2333,123.0,378.0,61.0,32.0
test,A0,Music,nb,0.46,1929,378,32,2142,,,,
test,A0,Music,b,0.46,143,123,61,191,,,,
test,A0,Noise,all,0.46,20,153,42,4345,83.0,70.0,6.0,36.0
test,A0,Noise,nb,0.46,10,70,36,4255,,,,
test,A0,Noise,b,0.46,10,83,6,90,,,,
test,A0,Asm,all,0.47,90,1467,2,3481,603.0,864.0,1.0,1.0
test,A0,Asm,nb,0.47,82,864,1,2909,,,,
test,A0,Asm,b,0.47,8,603,1,572,,,,
test,A0,Babble,all,0.47,259,1418,37,2591,261.0,1157.0,10.0,27.0
test,A0,Babble,nb,0.47,246,1157,27,2315,,,,
test,A0,Babble,b,0.47,13,261,10,276,,,,
test,A0,Clean,all,0.47,4287,27,172,266,18.0,9.0,171.0,1.0
test,A0,Clean,nb,0.47,3937,9,1,167,,,,
test,A0,Clean,b,0.47,350,18,171,99,,,,
test,A0,Music,all,0.47,2063,510,89,2337,125.0,385.0,58.0,31.0
test,A0,Music,nb,0.47,1922,385,31,2143,,,,
test,A0,Music,b,0.47,141,125,58,194,,,,
test,A0,Noise,all,0.47,19,154,41,4346,83.0,71.0,6.0,35.0
test,A0,Noise,nb,0.47,9,71,35,4256,,,,
test,A0,Noise,b,0.47,10,83,6,90,,,,
test,A0,Asm,all,0.48,87,1470,2,3481,604.0,866.0,1.0,1.0
test,A0,Asm,nb,0.48,80,866,1,2909,,,,
test,A0,Asm,b,0.48,7,604,1,572,,,,
test,A0,Babble,all,0.48,249,1428,33,2595,261.0,1167.0,8.0,25.0
test,A0,Babble,nb,0.48,236,1167,25,2317,,,,
test,A0,Babble,b,0.48,13,261,8,278,,,,
test,A0,Clean,all,0.48,4287,27,171,267,18.0,9.0,170.0,1.0
test,A0,Clean,nb,0.48,3937,9,1,167,,,,
test,A0,Clean,b,0.48,350,18,170,100,,,,
test,A0,Music,all,0.48,2053,520,87,2339,125.0,395.0,57.0,30.0
test,A0,Music,nb,0.48,1912,395,30,2144,,,,
test,A0,Music,b,0.48,141,125,57,195,,,,
test,A0,Noise,all,0.48,19,154,39,4348,83.0,71.0,6.0,33.0
test,A0,Noise,nb,0.48,9,71,33,4258,,,,
test,A0,Noise,b,0.48,10,83,6,90,,,,
test,A0,Asm,all,0.49,84,1473,2,3481,605.0,868.0,1.0,1.0
test,A0,Asm,nb,0.49,78,868,1,2909,,,,
test,A0,Asm,b,0.49,6,605,1,572,,,,
test,A0,Babble,all,0.49,240,1437,29,2599,261.0,1176.0,6.0,23.0
test,A0,Babble,nb,0.49,227,1176,23,2319,,,,
test,A0,Babble,b,0.49,13,261,6,280,,,,
test,A0,Clean,all,0.49,4287,27,168,270,18.0,9.0,167.0,1.0
test,A0,Clean,nb,0.49,3937,9,1,167,,,,
test,A0,Clean,b,0.49,350,18,167,103,,,,
test,A0,Music,all,0.49,2034,539,82,2344,126.0,413.0,53.0,29.0
test,A0,Music,nb,0.49,1894,413,29,2145,,,,
test,A0,Music,b,0.49,140,126,53,199,,,,
test,A0,Noise,all,0.49,18,155,36,4351,84.0,71.0,6.0,30.0
test,A0,Noise,nb,0.49,9,71,30,4261,,,,
test,A0,Noise,b,0.49,9,84,6,90,,,,
test,A0,Asm,all,0.5,81,1476,2,3481,605.0,871.0,1.0,1.0
test,A0,Asm,nb,0.5,75,871,1,2909,,,,
test,A0,Asm,b,0.5,6,605,1,572,,,,
test,A0,Babble,all,0.5,233,1444,29,2599,261.0,1183.0,6.0,23.0
test,A0,Babble,nb,0.5,220,1183,23,2319,,,,
test,A0,Babble,b,0.5,13,261,6,280,,,,
test,A0,Clean,all,0.5,4286,28,164,274,18.0,10.0,163.0,1.0
test,A0,Clean,nb,0.5,3936,10,1,167,,,,
test,A0,Clean,b,0.5,350,18,163,107,,,,
test,A0,Music,all,0.5,2019,554,80,2346,130.0,424.0,52.0,28.0
test,A0,Music,nb,0.5,1883,424,28,2146,,,,
test,A0,Music,b,0.5,136,130,52,200,,,,
test,A0,Noise,all,0.5,18,155,35,4352,84.0,71.0,6.0,29.0
test,A0,Noise,nb,0.5,9,71,29,4262,,,,
test,A0,Noise,b,0.5,9,84,6,90,,,,
test,A0,Asm,all,0.51,77,1480,2,3481,606.0,874.0,1.0,1.0
test,A0,Asm,nb,0.51,72,874,1,2909,,,,
test,A0,Asm,b,0.51,5,606,1,572,,,,
test,A0,Babble,all,0.51,228,1449,27,2601,261.0,1188.0,6.0,21.0
test,A0,Babble,nb,0.51,215,1188,21,2321,,,,
test,A0,Babble,b,0.51,13,261,6,280,,,,
test,A0,Clean,all,0.51,4285,29,160,278,19.0,10.0,159.0,1.0
test,A0,Clean,nb,0.51,3936,10,1,167,,,,
test,A0,Clean,b,0.51,349,19,159,111,,,,
test,A0,Music,all,0.51,2003,570,79,2347,130.0,440.0,52.0,27.0
test,A0,Music,nb,0.51,1867,440,27,2147,,,,
test,A0,Music,b,0.51,136,130,52,200,,,,
test,A0,Noise,all,0.51,17,156,34,4353,85.0,71.0,6.0,28.0
test,A0,Noise,nb,0.51,9,71,28,4263,,,,
test,A0,Noise,b,0.51,8,85,6,90,,,,
test,A0,Asm,all,0.52,74,1483,2,3481,606.0,877.0,1.0,1.0
test,A0,Asm,nb,0.52,69,877,1,2909,,,,
test,A0,Asm,b,0.52,5,606,1,572,,,,
test,A0,Babble,all,0.52,221,1456,21,2607,261.0,1195.0,5.0,16.0
test,A0,Babble,nb,0.52,208,1195,16,2326,,,,
test,A0,Babble,b,0.52,13,261,5,281,,,,
test,A0,Clean,all,0.52,4284,30,158,280,20.0,10.0,157.0,1.0
test,A0,Clean,nb,0.52,3936,10,1,167,,,,
test,A0,Clean,b,0.52,348,20,157,113,,,,
test,A0,Music,all,0.52,1983,590,78,2348,133.0,457.0,51.0,27.0
test,A0,Music,nb,0.52,1850,457,27,2147,,,,
test,A0,Music,b,0.52,133,133,51,201,,,,
test,A0,Noise,all,0.52,17,156,32,4355,85.0,71.0,6.0,26.0
test,A0,Noise,nb,0.52,9,71,26,4265,,,,
test,A0,Noise,b,0.52,8,85,6,90,,,,
test,A0,Asm,all,0.53,71,1486,2,3481,607.0,879.0,1.0,1.0
test,A0,Asm,nb,0.53,67,879,1,2909,,,,
test,A0,Asm,b,0.53,4,607,1,572,,,,
test,A0,Babble,all,0.53,217,1460,20,2608,262.0,1198.0,5.0,15.0
test,A0,Babble,nb,0.53,205,1198,15,2327,,,,
test,A0,Babble,b,0.53,12,262,5,281,,,,
test,A0,Clean,all,0.53,4283,31,154,284,20.0,11.0,153.0,1.0
test,A0,Clean,nb,0.53,3935,11,1,167,,,,
test,A0,Clean,b,0.53,348,20,153,117,,,,
test,A0,Music,all,0.53,1961,612,75,2351,136.0,476.0,48.0,27.0
test,A0,Music,nb,0.53,1831,476,27,2147,,,,
test,A0,Music,b,0.53,130,136,48,204,,,,
test,A0,Noise,all,0.53,17,156,29,4358,85.0,71.0,5.0,24.0
test,A0,Noise,nb,0.53,9,71,24,4267,,,,
test,A0,Noise,b,0.53,8,85,5,91,,,,
test,A0,Asm,all,0.54,71,1486,2,3481,607.0,879.0,1.0,1.0
test,A0,Asm,nb,0.54,67,879,1,2909,,,,
test,A0,Asm,b,0.54,4,607,1,572,,,,
test,A0,Babble,all,0.54,205,1472,19,2609,263.0,1209.0,5.0,14.0
test,A0,Babble,nb,0.54,194,1209,14,2328,,,,
test,A0,Babble,b,0.54,11,263,5,281,,,,
test,A0,Clean,all,0.54,4281,33,152,286,21.0,12.0,151.0,1.0
test,A0,Clean,nb,0.54,3934,12,1,167,,,,
test,A0,Clean,b,0.54,347,21,151,119,,,,
test,A0,Music,all,0.54,1942,631,74,2352,138.0,493.0,48.0,26.0
test,A0,Music,nb,0.54,1814,493,26,2148,,,,
test,A0,Music,b,0.54,128,138,48,204,,,,
test,A0,Noise,all,0.54,16,157,27,4360,85.0,72.0,4.0,23.0
test,A0,Noise,nb,0.54,8,72,23,4268,,,,
test,A0,Noise,b,0.54,8,85,4,92,,,,
test,A0,Asm,all,0.55,66,1491,2,3481,610.0,881.0,1.0,1.0
test,A0,Asm,nb,0.55,65,881,1,2909,,,,
test,A0,Asm,b,0.55,1,610,1,572,,,,
test,A0,Babble,all,0.55,199,1478,19,2609,263.0,1215.0,5.0,14.0
test,A0,Babble,nb,0.55,188,1215,14,2328,,,,
test,A0,Babble,b,0.55,11,263,5,281,,,,
test,A0,Clean,all,0.55,4278,36,151,287,22.0,14.0,150.0,1.0
test,A0,Clean,nb,0.55,3932,14,1,167,,,,
test,A0,Clean,b,0.55,346,22,150,120,,,,
test,A0,Music,all,0.55,1930,643,72,2354,138.0,505.0,46.0,26.0
test,A0,Music,nb,0.55,1802,505,26,2148,,,,
test,A0,Music,b,0.55,128,138,46,206,,,,
test,A0,Noise,all,0.55,16,157,26,4361,85.0,72.0,4.0,22.0
test,A0,Noise,nb,0.55,8,72,22,4269,,,,
test,A0,Noise,b,0.55,8,85,4,92,,,,
test,A0,Asm,all,0.56,60,1497,2,3481,610.0,887.0,1.0,1.0
test,A0,Asm,nb,0.56,59,887,1,2909,,,,
test,A0,Asm,b,0.56,1,610,1,572,,,,
test,A0,Babble,all,0.56,191,1486,19,2609,264.0,1222.0,5.0,14.0
test,A0,Babble,nb,0.56,181,1222,14,2328,,,,
test,A0,Babble,b,0.56,10,264,5,281,,,,
test,A0,Clean,all,0.56,4277,37,150,288,22.0,15.0,149.0,1.0
test,A0,Clean,nb,0.56,3931,15,1,167,,,,
test,A0,Clean,b,0.56,346,22,149,121,,,,
test,A0,Music,all,0.56,1908,665,71,2355,139.0,526.0,46.0,25.0
test,A0,Music,nb,0.56,1781,526,25,2149,,,,
test,A0,Music,b,0.56,127,139,46,206,,,,
test,A0,Noise,all,0.56,16,157,25,4362,85.0,72.0,4.0,21.0
test,A0,Noise,nb,0.56,8,72,21,4270,,,,
test,A0,Noise,b,0.56,8,85,4,92,,,,
test,A0,Asm,all,0.57,58,1499,2,3481,610.0,889.0,1.0,1.0
test,A0,Asm,nb,0.57,57,889,1,2909,,,,
test,A0,Asm,b,0.57,1,610,1,572,,,,
test,A0,Babble,all,0.57,186,1491,19,2609,264.0,1227.0,5.0,14.0
test,A0,Babble,nb,0.57,176,1227,14,2328,,,,
test,A0,Babble,b,0.57,10,264,5,281,,,,
test,A0,Clean,all,0.57,4275,39,148,290,23.0,16.0,147.0,1.0
test,A0,Clean,nb,0.57,3930,16,1,167,,,,
test,A0,Clean,b,0.57,345,23,147,123,,,,
test,A0,Music,all,0.57,1893,680,65,2361,142.0,538.0,45.0,20.0
test,A0,Music,nb,0.57,1769,538,20,2154,,,,
test,A0,Music,b,0.57,124,142,45,207,,,,
test,A0,Noise,all,0.57,15,158,24,4363,86.0,72.0,4.0,20.0
test,A0,Noise,nb,0.57,8,72,20,4271,,,,
test,A0,Noise,b,0.57,7,86,4,92,,,,
test,A0,Asm,all,0.58,56,1501,2,3481,610.0,891.0,1.0,1.0
test,A0,Asm,nb,0.58,55,891,1,2909,,,,
test,A0,Asm,b,0.58,1,610,1,572,,,,
test,A0,Babble,all,0.58,182,1495,19,2609,264.0,1231.0,5.0,14.0
test,A0,Babble,nb,0.58,172,1231,14,2328,,,,
test,A0,Babble,b,0.58,10,264,5,281,,,,
test,A0,Clean,all,0.58,4272,42,148,290,24.0,18.0,147.0,1.0
test,A0,Clean,nb,0.58,3928,18,1,167,,,,
test,A0,Clean,b,0.58,344,24,147,123,,,,
test,A0,Music,all,0.58,1885,688,62,2364,144.0,544.0,43.0,19.0
test,A0,Music,nb,0.58,1763,544,19,2155,,,,
test,A0,Music,b,0.58,122,144,43,209,,,,
test,A0,Noise,all,0.58,14,159,20,4367,87.0,72.0,3.0,17.0
test,A0,Noise,nb,0.58,8,72,17,4274,,,,
test,A0,Noise,b,0.58,6,87,3,93,,,,
test,A0,Asm,all,0.59,54,1503,1,3482,610.0,893.0,0.0,1.0
test,A0,Asm,nb,0.59,53,893,1,2909,,,,
test,A0,Asm,b,0.59,1,610,0,573,,,,
test,A0,Babble,all,0.59,175,1502,16,2612,264.0,1238.0,5.0,11.0
test,A0,Babble,nb,0.59,165,1238,11,2331,,,,
test,A0,Babble,b,0.59,10,264,5,281,,,,
test,A0,Clean,all,0.59,4272,42,147,291,24.0,18.0,146.0,1.0
test,A0,Clean,nb,0.59,3928,18,1,167,,,,
test,A0,Clean,b,0.59,344,24,146,124,,,,
test,A0,Music,all,0.59,1867,706,59,2367,147.0,559.0,40.0,19.0
test,A0,Music,nb,0.59,1748,559,19,2155,,,,
test,A0,Music,b,0.59,119,147,40,212,,,,
test,A0,Noise,all,0.59,13,160,18,4369,87.0,73.0,3.0,15.0
test,A0,Noise,nb,0.59,7,73,15,4276,,,,
test,A0,Noise,b,0.59,6,87,3,93,,,,
test,A0,Asm,all,0.6,54,1503,1,3482,610.0,893.0,0.0,1.0
test,A0,Asm,nb,0.6,53,893,1,2909,,,,
test,A0,Asm,b,0.6,1,610,0,573,,,,
test,A0,Babble,all,0.6,170,1507,13,2615,265.0,1242.0,4.0,9.0
test,A0,Babble,nb,0.6,161,1242,9,2333,,,,
test,A0,Babble,b,0.6,9,265,4,282,,,,
test,A0,Clean,all,0.6,4272,42,145,293,24.0,18.0,144.0,1.0
test,A0,Clean,nb,0.6,3928,18,1,167,,,,
test,A0,Clean,b,0.6,344,24,144,126,,,,
test,A0,Music,all,0.6,1848,725,58,2368,150.0,575.0,39.0,19.0
test,A0,Music,nb,0.6,1732,575,19,2155,,,,
test,A0,Music,b,0.6,116,150,39,213,,,,
test,A0,Noise,all,0.6,12,161,16,4371,87.0,74.0,3.0,13.0
test,A0,Noise,nb,0.6,6,74,13,4278,,,,
test,A0,Noise,b,0.6,6,87,3,93,,,,
test,A0,Asm,all,0.61,53,1504,1,3482,610.0,894.0,0.0,1.0
test,A0,Asm,nb,0.61,52,894,1,2909,,,,
test,A0,Asm,b,0.61,1,610,0,573,,,,
test,A0,Babble,all,0.61,163,1514,10,2618,266.0,1248.0,2.0,8.0
test,A0,Babble,nb,0.61,155,1248,8,2334,,,,
test,A0,Babble,b,0.61,8,266,2,284,,,,
test,A0,Clean,all,0.61,4272,42,143,295,24.0,18.0,143.0,0.0
test,A0,Clean,nb,0.61,3928,18,0,168,,,,
test,A0,Clean,b,0.61,344,24,143,127,,,,
test,A0,Music,all,0.61,1833,740,58,2368,153.0,587.0,39.0,19.0
test,A0,Music,nb,0.61,1720,587,19,2155,,,,
test,A0,Music,b,0.61,113,153,39,213,,,,
test,A0,Noise,all,0.61,12,161,16,4371,87.0,74.0,3.0,13.0
test,A0,Noise,nb,0.61,6,74,13,4278,,,,
test,A0,Noise,b,0.61,6,87,3,93,,,,
test,A0,Asm,all,0.62,48,1509,0,3483,610.0,899.0,0.0,0.0
test,A0,Asm,nb,0.62,47,899,0,2910,,,,
test,A0,Asm,b,0.62,1,610,0,573,,,,
test,A0,Babble,all,0.62,158,1519,9,2619,266.0,1253.0,1.0,8.0
test,A0,Babble,nb,0.62,150,1253,8,2334,,,,
test,A0,Babble,b,0.62,8,266,1,285,,,,
test,A0,Clean,all,0.62,4269,45,143,295,25.0,20.0,143.0,0.0
test,A0,Clean,nb,0.62,3926,20,0,168,,,,
test,A0,Clean,b,0.62,343,25,143,127,,,,
test,A0,Music,all,0.62,1817,756,57,2369,154.0,602.0,38.0,19.0
test,A0,Music,nb,0.62,1705,602,19,2155,,,,
test,A0,Music,b,0.62,112,154,38,214,,,,
test,A0,Noise,all,0.62,11,162,15,4372,87.0,75.0,3.0,12.0
test,A0,Noise,nb,0.62,5,75,12,4279,,,,
test,A0,Noise,b,0.62,6,87,3,93,,,,
test,A0,Asm,all,0.63,48,1509,0,3483,610.0,899.0,0.0,0.0
test,A0,Asm,nb,0.63,47,899,0,2910,,,,
test,A0,Asm,b,0.63,1,610,0,573,,,,
test,A0,Babble,all,0.63,156,1521,8,2620,266.0,1255.0,1.0,7.0
test,A0,Babble,nb,0.63,148,1255,7,2335,,,,
test,A0,Babble,b,0.63,8,266,1,285,,,,
test,A0,Clean,all,0.63,4267,47,142,296,26.0,21.0,142.0,0.0
test,A0,Clean,nb,0.63,3925,21,0,168,,,,
test,A0,Clean,b,0.63,342,26,142,128,,,,
test,A0,Music,all,0.63,1801,772,54,2372,154.0,618.0,37.0,17.0
test,A0,Music,nb,0.63,1689,618,17,2157,,,,
test,A0,Music,b,0.63,112,154,37,215,,,,
test,A0,Noise,all,0.63,10,163,14,4373,88.0,75.0,3.0,11.0
test,A0,Noise,nb,0.63,5,75,11,4280,,,,
test,A0,Noise,b,0.63,5,88,3,93,,,,
test,A0,Asm,all,0.64,45,1512,0,3483,610.0,902.0,0.0,0.0
test,A0,Asm,nb,0.64,44,902,0,2910,,,,
test,A0,Asm,b,0.64,1,610,0,573,,,,
test,A0,Babble,all,0.64,145,1532,8,2620,266.0,1266.0,1.0,7.0
test,A0,Babble,nb,0.64,137,1266,7,2335,,,,
test,A0,Babble,b,0.64,8,266,1,285,,,,
test,A0,Clean,all,0.64,4264,50,141,297,27.0,23.0,141.0,0.0
test,A0,Clean,nb,0.64,3923,23,0,168,,,,
test,A0,Clean,b,0.64,341,27,141,129,,,,
test,A0,Music,all,0.64,1776,797,51,2375,156.0,641.0,34.0,17.0
test,A0,Music,nb,0.64,1666,641,17,2157,,,,
test,A0,Music,b,0.64,110,156,34,218,,,,
test,A0,Noise,all,0.64,10,163,13,4374,88.0,75.0,3.0,10.0
test,A0,Noise,nb,0.64,5,75,10,4281,,,,
test,A0,Noise,b,0.64,5,88,3,93,,,,
test,A0,Asm,all,0.65,45,1512,0,3483,610.0,902.0,0.0,0.0
test,A0,Asm,nb,0.65,44,902,0,2910,,,,
test,A0,Asm,b,0.65,1,610,0,573,,,,
test,A0,Babble,all,0.65,143,1534,7,2621,266.0,1268.0,1.0,6.0
test,A0,Babble,nb,0.65,135,1268,6,2336,,,,
test,A0,Babble,b,0.65,8,266,1,285,,,,
test,A0,Clean,all,0.65,4264,50,141,297,27.0,23.0,141.0,0.0
test,A0,Clean,nb,0.65,3923,23,0,168,,,,
test,A0,Clean,b,0.65,341,27,141,129,,,,
test,A0,Music,all,0.65,1748,825,49,2377,161.0,664.0,33.0,16.0
test,A0,Music,nb,0.65,1643,664,16,2158,,,,
test,A0,Music,b,0.65,105,161,33,219,,,,
test,A0,Noise,all,0.65,9,164,12,4375,88.0,76.0,3.0,9.0
test,A0,Noise,nb,0.65,4,76,9,4282,,,,
test,A0,Noise,b,0.65,5,88,3,93,,,,
test,A0,Asm,all,0.66,45,1512,0,3483,610.0,902.0,0.0,0.0
test,A0,Asm,nb,0.66,44,902,0,2910,,,,
test,A0,Asm,b,0.66,1,610,0,573,,,,
test,A0,Babble,all,0.66,137,1540,6,2622,266.0,1274.0,1.0,5.0
test,A0,Babble,nb,0.66,129,1274,5,2337,,,,
test,A0,Babble,b,0.66,8,266,1,285,,,,
test,A0,Clean,all,0.66,4262,52,138,300,28.0,24.0,138.0,0.0
test,A0,Clean,nb,0.66,3922,24,0,168,,,,
test,A0,Clean,b,0.66,340,28,138,132,,,,
test,A0,Music,all,0.66,1721,852,49,2377,163.0,689.0,33.0,16.0
test,A0,Music,nb,0.66,1618,689,16,2158,,,,
test,A0,Music,b,0.66,103,163,33,219,,,,
test,A0,Noise,all,0.66,9,164,12,4375,88.0,76.0,3.0,9.0
test,A0,Noise,nb,0.66,4,76,9,4282,,,,
test,A0,Noise,b,0.66,5,88,3,93,,,,
test,A0,Asm,all,0.67,42,1515,0,3483,610.0,905.0,0.0,0.0
test,A0,Asm,nb,0.67,41,905,0,2910,,,,
test,A0,Asm,b,0.67,1,610,0,573,,,,
test,A0,Babble,all,0.67,133,1544,4,2624,266.0,1278.0,1.0,3.0
test,A0,Babble,nb,0.67,125,1278,3,2339,,,,
test,A0,Babble,b,0.67,8,266,1,285,,,,
test,A0,Clean,all,0.67,4261,53,135,303,28.0,25.0,135.0,0.0
test,A0,Clean,nb,0.67,3921,25,0,168,,,,
test,A0,Clean,b,0.67,340,28,135,135,,,,
test,A0,Music,all,0.67,1705,868,48,2378,164.0,704.0,33.0,15.0
test,A0,Music,nb,0.67,1603,704,15,2159,,,,
test,A0,Music,b,0.67,102,164,33,219,,,,
test,A0,Noise,all,0.67,8,165,11,4376,89.0,76.0,3.0,8.0
test,A0,Noise,nb,0.67,4,76,8,4283,,,,
test,A0,Noise,b,0.67,4,89,3,93,,,,
test,A0,Asm,all,0.68,38,1519,0,3483,610.0,909.0,0.0,0.0
test,A0,Asm,nb,0.68,37,909,0,2910,,,,
test,A0,Asm,b,0.68,1,610,0,573,,,,
test,A0,Babble,all,0.68,131,1546,4,2624,266.0,1280.0,1.0,3.0
test,A0,Babble,nb,0.68,123,1280,3,2339,,,,
test,A0,Babble,b,0.68,8,266,1,285,,,,
test,A0,Clean,all,0.68,4259,55,132,306,30.0,25.0,132.0,0.0
test,A0,Clean,nb,0.68,3921,25,0,168,,,,
test,A0,Clean,b,0.68,338,30,132,138,,,,
test,A0,Music,all,0.68,1681,892,45,2381,167.0,725.0,32.0,13.0
test,A0,Music,nb,0.68,1582,725,13,2161,,,,
test,A0,Music,b,0.68,99,167,32,220,,,,
test,A0,Noise,all,0.68,7,166,11,4376,89.0,77.0,3.0,8.0
test,A0,Noise,nb,0.68,3,77,8,4283,,,,
test,A0,Noise,b,0.68,4,89,3,93,,,,
test,A0,Asm,all,0.69,35,1522,0,3483,610.0,912.0,0.0,0.0
test,A0,Asm,nb,0.69,34,912,0,2910,,,,
test,A0,Asm,b,0.69,1,610,0,573,,,,
test,A0,Babble,all,0.69,129,1548,4,2624,266.0,1282.0,1.0,3.0
test,A0,Babble,nb,0.69,121,1282,3,2339,,,,
test,A0,Babble,b,0.69,8,266,1,285,,,,
test,A0,Clean,all,0.69,4258,56,127,311,31.0,25.0,127.0,0.0
test,A0,Clean,nb,0.69,3921,25,0,168,,,,
test,A0,Clean,b,0.69,337,31,127,143,,,,
test,A0,Music,all,0.69,1666,907,38,2388,167.0,740.0,27.0,11.0
test,A0,Music,nb,0.69,1567,740,11,2163,,,,
test,A0,Music,b,0.69,99,167,27,225,,,,
test,A0,Noise,all,0.69,5,168,10,4377,90.0,78.0,3.0,7.0
test,A0,Noise,nb,0.69,2,78,7,4284,,,,
test,A0,Noise,b,0.69,3,90,3,93,,,,
test,A0,Asm,all,0.7,34,1523,0,3483,610.0,913.0,0.0,0.0
test,A0,Asm,nb,0.7,33,913,0,2910,,,,
test,A0,Asm,b,0.7,1,610,0,573,,,,
test,A0,Babble,all,0.7,127,1550,2,2626,266.0,1284.0,0.0,2.0
test,A0,Babble,nb,0.7,119,1284,2,2340,,,,
test,A0,Babble,b,0.7,8,266,0,286,,,,
test,A0,Clean,all,0.7,4255,59,127,311,34.0,25.0,127.0,0.0
test,A0,Clean,nb,0.7,3921,25,0,168,,,,
test,A0,Clean,b,0.7,334,34,127,143,,,,
test,A0,Music,all,0.7,1635,938,38,2388,173.0,765.0,27.0,11.0
test,A0,Music,nb,0.7,1542,765,11,2163,,,,
test,A0,Music,b,0.7,93,173,27,225,,,,
test,A0,Noise,all,0.7,5,168,10,4377,90.0,78.0,3.0,7.0
test,A0,Noise,nb,0.7,2,78,7,4284,,,,
test,A0,Noise,b,0.7,3,90,3,93,,,,
test,A0,Asm,all,0.71,32,1525,0,3483,610.0,915.0,0.0,0.0
test,A0,Asm,nb,0.71,31,915,0,2910,,,,
test,A0,Asm,b,0.71,1,610,0,573,,,,
test,A0,Babble,all,0.71,126,1551,2,2626,266.0,1285.0,0.0,2.0
test,A0,Babble,nb,0.71,118,1285,2,2340,,,,
test,A0,Babble,b,0.71,8,266,0,286,,,,
test,A0,Clean,all,0.71,4253,61,123,315,35.0,26.0,123.0,0.0
test,A0,Clean,nb,0.71,3920,26,0,168,,,,
test,A0,Clean,b,0.71,333,35,123,147,,,,
test,A0,Music,all,0.71,1616,957,36,2390,174.0,783.0,25.0,11.0
test,A0,Music,nb,0.71,1524,783,11,2163,,,,
test,A0,Music,b,0.71,92,174,25,227,,,,
test,A0,Noise,all,0.71,4,169,9,4378,91.0,78.0,3.0,6.0
test,A0,Noise,nb,0.71,2,78,6,4285,,,,
test,A0,Noise,b,0.71,2,91,3,93,,,,
test,A0,Asm,all,0.72,31,1526,0,3483,610.0,916.0,0.0,0.0
test,A0,Asm,nb,0.72,30,916,0,2910,,,,
test,A0,Asm,b,0.72,1,610,0,573,,,,
test,A0,Babble,all,0.72,121,1556,2,2626,267.0,1289.0,0.0,2.0
test,A0,Babble,nb,0.72,114,1289,2,2340,,,,
test,A0,Babble,b,0.72,7,267,0,286,,,,
test,A0,Clean,all,0.72,4247,67,121,317,40.0,27.0,121.0,0.0
test,A0,Clean,nb,0.72,3919,27,0,168,,,,
test,A0,Clean,b,0.72,328,40,121,149,,,,
test,A0,Music,all,0.72,1597,976,31,2395,178.0,798.0,21.0,10.0
test,A0,Music,nb,0.72,1509,798,10,2164,,,,
test,A0,Music,b,0.72,88,178,21,231,,,,
test,A0,Noise,all,0.72,3,170,9,4378,92.0,78.0,3.0,6.0
test,A0,Noise,nb,0.72,2,78,6,4285,,,,
test,A0,Noise,b,0.72,1,92,3,93,,,,
test,A0,Asm,all,0.73,29,1528,0,3483,611.0,917.0,0.0,0.0
test,A0,Asm,nb,0.73,29,917,0,2910,,,,
test,A0,Asm,b,0.73,0,611,0,573,,,,
test,A0,Babble,all,0.73,116,1561,1,2627,267.0,1294.0,0.0,1.0
test,A0,Babble,nb,0.73,109,1294,1,2341,,,,
test,A0,Babble,b,0.73,7,267,0,286,,,,
test,A0,Clean,all,0.73,4246,68,117,321,40.0,28.0,117.0,0.0
test,A0,Clean,nb,0.73,3918,28,0,168,,,,
test,A0,Clean,b,0.73,328,40,117,153,,,,
test,A0,Music,all,0.73,1572,1001,29,2397,180.0,821.0,21.0,8.0
test,A0,Music,nb,0.73,1486,821,8,2166,,,,
test,A0,Music,b,0.73,86,180,21,231,,,,
test,A0,Noise,all,0.73,3,170,8,4379,92.0,78.0,3.0,5.0
test,A0,Noise,nb,0.73,2,78,5,4286,,,,
test,A0,Noise,b,0.73,1,92,3,93,,,,
test,A0,Asm,all,0.74,28,1529,0,3483,611.0,918.0,0.0,0.0
test,A0,Asm,nb,0.74,28,918,0,2910,,,,
test,A0,Asm,b,0.74,0,611,0,573,,,,
test,A0,Babble,all,0.74,113,1564,1,2627,267.0,1297.0,0.0,1.0
test,A0,Babble,nb,0.74,106,1297,1,2341,,,,
test,A0,Babble,b,0.74,7,267,0,286,,,,
test,A0,Clean,all,0.74,4238,76,117,321,43.0,33.0,117.0,0.0
test,A0,Clean,nb,0.74,3913,33,0,168,,,,
test,A0,Clean,b,0.74,325,43,117,153,,,,
test,A0,Music,all,0.74,1548,1025,26,2400,180.0,845.0,18.0,8.0
test,A0,Music,nb,0.74,1462,845,8,2166,,,,
test,A0,Music,b,0.74,86,180,18,234,,,,
test,A0,Noise,all,0.74,3,170,7,4380,92.0,78.0,3.0,4.0
test,A0,Noise,nb,0.74,2,78,4,4287,,,,
test,A0,Noise,b,0.74,1,92,3,93,,,,
test,A0,Asm,all,0.75,25,1532,0,3483,611.0,921.0,0.0,0.0
test,A0,Asm,nb,0.75,25,921,0,2910,,,,
test,A0,Asm,b,0.75,0,611,0,573,,,,
test,A0,Babble,all,0.75,111,1566,1,2627,267.0,1299.0,0.0,1.0
test,A0,Babble,nb,0.75,104,1299,1,2341,,,,
test,A0,Babble,b,0.75,7,267,0,286,,,,
test,A0,Clean,all,0.75,4235,79,115,323,45.0,34.0,115.0,0.0
test,A0,Clean,nb,0.75,3912,34,0,168,,,,
test,A0,Clean,b,0.75,323,45,115,155,,,,
test,A0,Music,all,0.75,1533,1040,25,2401,181.0,859.0,18.0,7.0
test,A0,Music,nb,0.75,1448,859,7,2167,,,,
test,A0,Music,b,0.75,85,181,18,234,,,,
test,A0,Noise,all,0.75,3,170,7,4380,92.0,78.0,3.0,4.0
test,A0,Noise,nb,0.75,2,78,4,4287,,,,
test,A0,Noise,b,0.75,1,92,3,93,,,,
test,A0,Asm,all,0.76,24,1533,0,3483,611.0,922.0,0.0,0.0
test,A0,Asm,nb,0.76,24,922,0,2910,,,,
test,A0,Asm,b,0.76,0,611,0,573,,,,
test,A0,Babble,all,0.76,105,1572,1,2627,267.0,1305.0,0.0,1.0
test,A0,Babble,nb,0.76,98,1305,1,2341,,,,
test,A0,Babble,b,0.76,7,267,0,286,,,,
test,A0,Clean,all,0.76,4232,82,113,325,45.0,37.0,113.0,0.0
test,A0,Clean,nb,0.76,3909,37,0,168,,,,
test,A0,Clean,b,0.76,323,45,113,157,,,,
test,A0,Music,all,0.76,1506,1067,24,2402,184.0,883.0,17.0,7.0
test,A0,Music,nb,0.76,1424,883,7,2167,,,,
test,A0,Music,b,0.76,82,184,17,235,,,,
test,A0,Noise,all,0.76,3,170,7,4380,92.0,78.0,3.0,4.0
test,A0,Noise,nb,0.76,2,78,4,4287,,,,
test,A0,Noise,b,0.76,1,92,3,93,,,,
test,A0,Asm,all,0.77,23,1534,0,3483,611.0,923.0,0.0,0.0
test,A0,Asm,nb,0.77,23,923,0,2910,,,,
test,A0,Asm,b,0.77,0,611,0,573,,,,
test,A0,Babble,all,0.77,102,1575,1,2627,268.0,1307.0,0.0,1.0
test,A0,Babble,nb,0.77,96,1307,1,2341,,,,
test,A0,Babble,b,0.77,6,268,0,286,,,,
test,A0,Clean,all,0.77,4228,86,112,326,45.0,41.0,112.0,0.0
test,A0,Clean,nb,0.77,3905,41,0,168,,,,
test,A0,Clean,b,0.77,323,45,112,158,,,,
test,A0,Music,all,0.77,1475,1098,22,2404,187.0,911.0,15.0,7.0
test,A0,Music,nb,0.77,1396,911,7,2167,,,,
test,A0,Music,b,0.77,79,187,15,237,,,,
test,A0,Noise,all,0.77,3,170,7,4380,92.0,78.0,3.0,4.0
test,A0,Noise,nb,0.77,2,78,4,4287,,,,
test,A0,Noise,b,0.77,1,92,3,93,,,,
test,A0,Asm,all,0.78,22,1535,0,3483,611.0,924.0,0.0,0.0
test,A0,Asm,nb,0.78,22,924,0,2910,,,,
test,A0,Asm,b,0.78,0,611,0,573,,,,
test,A0,Babble,all,0.78,95,1582,1,2627,268.0,1314.0,0.0,1.0
test,A0,Babble,nb,0.78,89,1314,1,2341,,,,
test,A0,Babble,b,0.78,6,268,0,286,,,,
test,A0,Clean,all,0.78,4222,92,112,326,47.0,45.0,112.0,0.0
test,A0,Clean,nb,0.78,3901,45,0,168,,,,
test,A0,Clean,b,0.78,321,47,112,158,,,,
test,A0,Music,all,0.78,1448,1125,20,2406,188.0,937.0,13.0,7.0
test,A0,Music,nb,0.78,1370,937,7,2167,,,,
test,A0,Music,b,0.78,78,188,13,239,,,,
test,A0,Noise,all,0.78,3,170,6,4381,92.0,78.0,3.0,3.0
test,A0,Noise,nb,0.78,2,78,3,4288,,,,
test,A0,Noise,b,0.78,1,92,3,93,,,,
test,A0,Asm,all,0.79,21,1536,0,3483,611.0,925.0,0.0,0.0
test,A0,Asm,nb,0.79,21,925,0,2910,,,,
test,A0,Asm,b,0.79,0,611,0,573,,,,
test,A0,Babble,all,0.79,88,1589,1,2627,269.0,1320.0,0.0,1.0
test,A0,Babble,nb,0.79,83,1320,1,2341,,,,
test,A0,Babble,b,0.79,5,269,0,286,,,,
test,A0,Clean,all,0.79,4220,94,112,326,48.0,46.0,112.0,0.0
test,A0,Clean,nb,0.79,3900,46,0,168,,,,
test,A0,Clean,b,0.79,320,48,112,158,,,,
test,A0,Music,all,0.79,1428,1145,18,2408,190.0,955.0,12.0,6.0
test,A0,Music,nb,0.79,1352,955,6,2168,,,,
test,A0,Music,b,0.79,76,190,12,240,,,,
test,A0,Noise,all,0.79,3,170,3,4384,92.0,78.0,0.0,3.0
test,A0,Noise,nb,0.79,2,78,3,4288,,,,
test,A0,Noise,b,0.79,1,92,0,96,,,,
test,A0,Asm,all,0.8,17,1540,0,3483,611.0,929.0,0.0,0.0
test,A0,Asm,nb,0.8,17,929,0,2910,,,,
test,A0,Asm,b,0.8,0,611,0,573,,,,
test,A0,Babble,all,0.8,84,1593,1,2627,270.0,1323.0,0.0,1.0
test,A0,Babble,nb,0.8,80,1323,1,2341,,,,
test,A0,Babble,b,0.8,4,270,0,286,,,,
test,A0,Clean,all,0.8,4219,95,112,326,49.0,46.0,112.0,0.0
test,A0,Clean,nb,0.8,3900,46,0,168,,,,
test,A0,Clean,b,0.8,319,49,112,158,,,,
test,A0,Music,all,0.8,1397,1176,16,2410,193.0,983.0,12.0,4.0
test,A0,Music,nb,0.8,1324,983,4,2170,,,,
test,A0,Music,b,0.8,73,193,12,240,,,,
test,A0,Noise,all,0.8,3,170,2,4385,92.0,78.0,0.0,2.0
test,A0,Noise,nb,0.8,2,78,2,4289,,,,
test,A0,Noise,b,0.8,1,92,0,96,,,,
test,A0,Asm,all,0.81,16,1541,0,3483,611.0,930.0,0.0,0.0
test,A0,Asm,nb,0.81,16,930,0,2910,,,,
test,A0,Asm,b,0.81,0,611,0,573,,,,
test,A0,Babble,all,0.81,80,1597,1,2627,270.0,1327.0,0.0,1.0
test,A0,Babble,nb,0.81,76,1327,1,2341,,,,
test,A0,Babble,b,0.81,4,270,0,286,,,,
test,A0,Clean,all,0.81,4214,100,110,328,50.0,50.0,110.0,0.0
test,A0,Clean,nb,0.81,3896,50,0,168,,,,
test,A0,Clean,b,0.81,318,50,110,160,,,,
test,A0,Music,all,0.81,1360,1213,13,2413,195.0,1018.0,9.0,4.0
test,A0,Music,nb,0.81,1289,1018,4,2170,,,,
test,A0,Music,b,0.81,71,195,9,243,,,,
test,A0,Noise,all,0.81,3,170,2,4385,92.0,78.0,0.0,2.0
test,A0,Noise,nb,0.81,2,78,2,4289,,,,
test,A0,Noise,b,0.81,1,92,0,96,,,,
test,A0,Asm,all,0.82,15,1542,0,3483,611.0,931.0,0.0,0.0
test,A0,Asm,nb,0.82,15,931,0,2910,,,,
test,A0,Asm,b,0.82,0,611,0,573,,,,
test,A0,Babble,all,0.82,79,1598,1,2627,270.0,1328.0,0.0,1.0
test,A0,Babble,nb,0.82,75,1328,1,2341,,,,
test,A0,Babble,b,0.82,4,270,0,286,,,,
test,A0,Clean,all,0.82,4207,107,108,330,52.0,55.0,108.0,0.0
test,A0,Clean,nb,0.82,3891,55,0,168,,,,
test,A0,Clean,b,0.82,316,52,108,162,,,,
test,A0,Music,all,0.82,1335,1238,13,2413,197.0,1041.0,9.0,4.0
test,A0,Music,nb,0.82,1266,1041,4,2170,,,,
test,A0,Music,b,0.82,69,197,9,243,,,,
test,A0,Noise,all,0.82,2,171,2,4385,93.0,78.0,0.0,2.0
test,A0,Noise,nb,0.82,2,78,2,4289,,,,
test,A0,Noise,b,0.82,0,93,0,96,,,,
test,A0,Asm,all,0.83,13,1544,0,3483,611.0,933.0,0.0,0.0
test,A0,Asm,nb,0.83,13,933,0,2910,,,,
test,A0,Asm,b,0.83,0,611,0,573,,,,
test,A0,Babble,all,0.83,74,1603,0,2628,271.0,1332.0,0.0,0.0
test,A0,Babble,nb,0.83,71,1332,0,2342,,,,
test,A0,Babble,b,0.83,3,271,0,286,,,,
test,A0,Clean,all,0.83,4195,119,106,332,56.0,63.0,106.0,0.0
test,A0,Clean,nb,0.83,3883,63,0,168,,,,
test,A0,Clean,b,0.83,312,56,106,164,,,,
test,A0,Music,all,0.83,1301,1272,12,2414,201.0,1071.0,8.0,4.0
test,A0,Music,nb,0.83,1236,1071,4,2170,,,,
test,A0,Music,b,0.83,65,201,8,244,,,,
test,A0,Noise,all,0.83,1,172,2,4385,93.0,79.0,0.0,2.0
test,A0,Noise,nb,0.83,1,79,2,4289,,,,
test,A0,Noise,b,0.83,0,93,0,96,,,,
test,A0,Asm,all,0.84,13,1544,0,3483,611.0,933.0,0.0,0.0
test,A0,Asm,nb,0.84,13,933,0,2910,,,,
test,A0,Asm,b,0.84,0,611,0,573,,,,
test,A0,Babble,all,0.84,71,1606,0,2628,272.0,1334.0,0.0,0.0
test,A0,Babble,nb,0.84,69,1334,0,2342,,,,
test,A0,Babble,b,0.84,2,272,0,286,,,,
test,A0,Clean,all,0.84,4193,121,103,335,58.0,63.0,103.0,0.0
test,A0,Clean,nb,0.84,3883,63,0,168,,,,
test,A0,Clean,b,0.84,310,58,103,167,,,,
test,A0,Music,all,0.84,1266,1307,10,2416,202.0,1105.0,7.0,3.0
test,A0,Music,nb,0.84,1202,1105,3,2171,,,,
test,A0,Music,b,0.84,64,202,7,245,,,,
test,A0,Noise,all,0.84,1,172,2,4385,93.0,79.0,0.0,2.0
test,A0,Noise,nb,0.84,1,79,2,4289,,,,
test,A0,Noise,b,0.84,0,93,0,96,,,,
test,A0,Asm,all,0.85,10,1547,0,3483,611.0,936.0,0.0,0.0
test,A0,Asm,nb,0.85,10,936,0,2910,,,,
test,A0,Asm,b,0.85,0,611,0,573,,,,
test,A0,Babble,all,0.85,67,1610,0,2628,272.0,1338.0,0.0,0.0
test,A0,Babble,nb,0.85,65,1338,0,2342,,,,
test,A0,Babble,b,0.85,2,272,0,286,,,,
test,A0,Clean,all,0.85,4185,129,96,342,61.0,68.0,96.0,0.0
test,A0,Clean,nb,0.85,3878,68,0,168,,,,
test,A0,Clean,b,0.85,307,61,96,174,,,,
test,A0,Music,all,0.85,1231,1342,10,2416,203.0,1139.0,7.0,3.0
test,A0,Music,nb,0.85,1168,1139,3,2171,,,,
test,A0,Music,b,0.85,63,203,7,245,,,,
test,A0,Noise,all,0.85,1,172,2,4385,93.0,79.0,0.0,2.0
test,A0,Noise,nb,0.85,1,79,2,4289,,,,
test,A0,Noise,b,0.85,0,93,0,96,,,,
test,A0,Asm,all,0.86,9,1548,0,3483,611.0,937.0,0.0,0.0
test,A0,Asm,nb,0.86,9,937,0,2910,,,,
test,A0,Asm,b,0.86,0,611,0,573,,,,
test,A0,Babble,all,0.86,64,1613,0,2628,272.0,1341.0,0.0,0.0
test,A0,Babble,nb,0.86,62,1341,0,2342,,,,
test,A0,Babble,b,0.86,2,272,0,286,,,,
test,A0,Clean,all,0.86,4180,134,94,344,62.0,72.0,94.0,0.0
test,A0,Clean,nb,0.86,3874,72,0,168,,,,
test,A0,Clean,b,0.86,306,62,94,176,,,,
test,A0,Music,all,0.86,1201,1372,10,2416,205.0,1167.0,7.0,3.0
test,A0,Music,nb,0.86,1140,1167,3,2171,,,,
test,A0,Music,b,0.86,61,205,7,245,,,,
test,A0,Noise,all,0.86,1,172,2,4385,93.0,79.0,0.0,2.0
test,A0,Noise,nb,0.86,1,79,2,4289,,,,
test,A0,Noise,b,0.86,0,93,0,96,,,,
test,A0,Asm,all,0.87,6,1551,0,3483,611.0,940.0,0.0,0.0
test,A0,Asm,nb,0.87,6,940,0,2910,,,,
test,A0,Asm,b,0.87,0,611,0,573,,,,
test,A0,Babble,all,0.87,58,1619,0,2628,272.0,1347.0,0.0,0.0
test,A0,Babble,nb,0.87,56,1347,0,2342,,,,
test,A0,Babble,b,0.87,2,272,0,286,,,,
test,A0,Clean,all,0.87,4175,139,93,345,63.0,76.0,93.0,0.0
test,A0,Clean,nb,0.87,3870,76,0,168,,,,
test,A0,Clean,b,0.87,305,63,93,177,,,,
test,A0,Music,all,0.87,1162,1411,10,2416,210.0,1201.0,7.0,3.0
test,A0,Music,nb,0.87,1106,1201,3,2171,,,,
test,A0,Music,b,0.87,56,210,7,245,,,,
test,A0,Noise,all,0.87,1,172,2,4385,93.0,79.0,0.0,2.0
test,A0,Noise,nb,0.87,1,79,2,4289,,,,
test,A0,Noise,b,0.87,0,93,0,96,,,,
test,A0,Asm,all,0.88,5,1552,0,3483,611.0,941.0,0.0,0.0
test,A0,Asm,nb,0.88,5,941,0,2910,,,,
test,A0,Asm,b,0.88,0,611,0,573,,,,
test,A0,Babble,all,0.88,51,1626,0,2628,272.0,1354.0,0.0,0.0
test,A0,Babble,nb,0.88,49,1354,0,2342,,,,
test,A0,Babble,b,0.88,2,272,0,286,,,,
test,A0,Clean,all,0.88,4167,147,91,347,63.0,84.0,91.0,0.0
test,A0,Clean,nb,0.88,3862,84,0,168,,,,
test,A0,Clean,b,0.88,305,63,91,179,,,,
test,A0,Music,all,0.88,1124,1449,10,2416,214.0,1235.0,7.0,3.0
test,A0,Music,nb,0.88,1072,1235,3,2171,,,,
test,A0,Music,b,0.88,52,214,7,245,,,,
test,A0,Noise,all,0.88,1,172,2,4385,93.0,79.0,0.0,2.0
test,A0,Noise,nb,0.88,1,79,2,4289,,,,
test,A0,Noise,b,0.88,0,93,0,96,,,,
test,A0,Asm,all,0.89,4,1553,0,3483,611.0,942.0,0.0,0.0
test,A0,Asm,nb,0.89,4,942,0,2910,,,,
test,A0,Asm,b,0.89,0,611,0,573,,,,
test,A0,Babble,all,0.89,48,1629,0,2628,272.0,1357.0,0.0,0.0
test,A0,Babble,nb,0.89,46,1357,0,2342,,,,
test,A0,Babble,b,0.89,2,272,0,286,,,,
test,A0,Clean,all,0.89,4162,152,88,350,65.0,87.0,88.0,0.0
test,A0,Clean,nb,0.89,3859,87,0,168,,,,
test,A0,Clean,b,0.89,303,65,88,182,,,,
test,A0,Music,all,0.89,1081,1492,8,2418,218.0,1274.0,6.0,2.0
test,A0,Music,nb,0.89,1033,1274,2,2172,,,,
test,A0,Music,b,0.89,48,218,6,246,,,,
test,A0,Noise,all,0.89,1,172,2,4385,93.0,79.0,0.0,2.0
test,A0,Noise,nb,0.89,1,79,2,4289,,,,
test,A0,Noise,b,0.89,0,93,0,96,,,,
test,A0,Asm,all,0.9,4,1553,0,3483,611.0,942.0,0.0,0.0
test,A0,Asm,nb,0.9,4,942,0,2910,,,,
test,A0,Asm,b,0.9,0,611,0,573,,,,
test,A0,Babble,all,0.9,43,1634,0,2628,273.0,1361.0,0.0,0.0
test,A0,Babble,nb,0.9,42,1361,0,2342,,,,
test,A0,Babble,b,0.9,1,273,0,286,,,,
test,A0,Clean,all,0.9,4156,158,87,351,68.0,90.0,87.0,0.0
test,A0,Clean,nb,0.9,3856,90,0,168,,,,
test,A0,Clean,b,0.9,300,68,87,183,,,,
test,A0,Music,all,0.9,1041,1532,8,2418,220.0,1312.0,6.0,2.0
test,A0,Music,nb,0.9,995,1312,2,2172,,,,
test,A0,Music,b,0.9,46,220,6,246,,,,
test,A0,Noise,all,0.9,1,172,2,4385,93.0,79.0,0.0,2.0
test,A0,Noise,nb,0.9,1,79,2,4289,,,,
test,A0,Noise,b,0.9,0,93,0,96,,,,
test,A0,Asm,all,0.91,4,1553,0,3483,611.0,942.0,0.0,0.0
test,A0,Asm,nb,0.91,4,942,0,2910,,,,
test,A0,Asm,b,0.91,0,611,0,573,,,,
test,A0,Babble,all,0.91,40,1637,0,2628,273.0,1364.0,0.0,0.0
test,A0,Babble,nb,0.91,39,1364,0,2342,,,,
test,A0,Babble,b,0.91,1,273,0,286,,,,
test,A0,Clean,all,0.91,4132,182,82,356,74.0,108.0,82.0,0.0
test,A0,Clean,nb,0.91,3838,108,0,168,,,,
test,A0,Clean,b,0.91,294,74,82,188,,,,
test,A0,Music,all,0.91,985,1588,7,2419,225.0,1363.0,6.0,1.0
test,A0,Music,nb,0.91,944,1363,1,2173,,,,
test,A0,Music,b,0.91,41,225,6,246,,,,
test,A0,Noise,all,0.91,1,172,2,4385,93.0,79.0,0.0,2.0
test,A0,Noise,nb,0.91,1,79,2,4289,,,,
test,A0,Noise,b,0.91,0,93,0,96,,,,
test,A0,Asm,all,0.92,3,1554,0,3483,611.0,943.0,0.0,0.0
test,A0,Asm,nb,0.92,3,943,0,2910,,,,
test,A0,Asm,b,0.92,0,611,0,573,,,,
test,A0,Babble,all,0.92,35,1642,0,2628,273.0,1369.0,0.0,0.0
test,A0,Babble,nb,0.92,34,1369,0,2342,,,,
test,A0,Babble,b,0.92,1,273,0,286,,,,
test,A0,Clean,all,0.92,4118,196,80,358,76.0,120.0,80.0,0.0
test,A0,Clean,nb,0.92,3826,120,0,168,,,,
test,A0,Clean,b,0.92,292,76,80,190,,,,
test,A0,Music,all,0.92,926,1647,5,2421,230.0,1417.0,4.0,1.0
test,A0,Music,nb,0.92,890,1417,1,2173,,,,
test,A0,Music,b,0.92,36,230,4,248,,,,
test,A0,Noise,all,0.92,1,172,2,4385,93.0,79.0,0.0,2.0
test,A0,Noise,nb,0.92,1,79,2,4289,,,,
test,A0,Noise,b,0.92,0,93,0,96,,,,
test,A0,Asm,all,0.93,3,1554,0,3483,611.0,943.0,0.0,0.0
test,A0,Asm,nb,0.93,3,943,0,2910,,,,
test,A0,Asm,b,0.93,0,611,0,573,,,,
test,A0,Babble,all,0.93,31,1646,0,2628,273.0,1373.0,0.0,0.0
test,A0,Babble,nb,0.93,30,1373,0,2342,,,,
test,A0,Babble,b,0.93,1,273,0,286,,,,
test,A0,Clean,all,0.93,4100,214,77,361,81.0,133.0,77.0,0.0
test,A0,Clean,nb,0.93,3813,133,0,168,,,,
test,A0,Clean,b,0.93,287,81,77,193,,,,
test,A0,Music,all,0.93,869,1704,5,2421,235.0,1469.0,4.0,1.0
test,A0,Music,nb,0.93,838,1469,1,2173,,,,
test,A0,Music,b,0.93,31,235,4,248,,,,
test,A0,Noise,all,0.93,0,173,2,4385,93.0,80.0,0.0,2.0
test,A0,Noise,nb,0.93,0,80,2,4289,,,,
test,A0,Noise,b,0.93,0,93,0,96,,,,
test,A0,Asm,all,0.94,2,1555,0,3483,611.0,944.0,0.0,0.0
test,A0,Asm,nb,0.94,2,944,0,2910,,,,
test,A0,Asm,b,0.94,0,611,0,573,,,,
test,A0,Babble,all,0.94,25,1652,0,2628,274.0,1378.0,0.0,0.0
test,A0,Babble,nb,0.94,25,1378,0,2342,,,,
test,A0,Babble,b,0.94,0,274,0,286,,,,
test,A0,Clean,all,0.94,4081,233,73,365,83.0,150.0,73.0,0.0
test,A0,Clean,nb,0.94,3796,150,0,168,,,,
test,A0,Clean,b,0.94,285,83,73,197,,,,
test,A0,Music,all,0.94,779,1794,4,2422,239.0,1555.0,3.0,1.0
test,A0,Music,nb,0.94,752,1555,1,2173,,,,
test,A0,Music,b,0.94,27,239,3,249,,,,
test,A0,Noise,all,0.94,0,173,1,4386,93.0,80.0,0.0,1.0
test,A0,Noise,nb,0.94,0,80,1,4290,,,,
test,A0,Noise,b,0.94,0,93,0,96,,,,
test,A0,Asm,all,0.95,2,1555,0,3483,611.0,944.0,0.0,0.0
test,A0,Asm,nb,0.95,2,944,0,2910,,,,
test,A0,Asm,b,0.95,0,611,0,573,,,,
test,A0,Babble,all,0.95,17,1660,0,2628,274.0,1386.0,0.0,0.0
test,A0,Babble,nb,0.95,17,1386,0,2342,,,,
test,A0,Babble,b,0.95,0,274,0,286,,,,
test,A0,Clean,all,0.95,4050,264,67,371,85.0,179.0,67.0,0.0
test,A0,Clean,nb,0.95,3767,179,0,168,,,,
test,A0,Clean,b,0.95,283,85,67,203,,,,
test,A0,Music,all,0.95,700,1873,2,2424,244.0,1629.0,2.0,0.0
test,A0,Music,nb,0.95,678,1629,0,2174,,,,
test,A0,Music,b,0.95,22,244,2,250,,,,
test,A0,Noise,all,0.95,0,173,1,4386,93.0,80.0,0.0,1.0
test,A0,Noise,nb,0.95,0,80,1,4290,,,,
test,A0,Noise,b,0.95,0,93,0,96,,,,
test,A1,Asm,all,0.01,1429,128,2362,1121,48.0,80.0,509.0,1853.0
test,A1,Asm,nb,0.01,866,80,1853,1057,,,,
test,A1,Asm,b,0.01,563,48,509,64,,,,
test,A1,Babble,all,0.01,1672,5,2317,311,3.0,2.0,284.0,2033.0
test,A1,Babble,nb,0.01,1401,2,2033,309,,,,
test,A1,Babble,b,0.01,271,3,284,2,,,,
test,A1,Clean,all,0.01,4314,0,380,58,0.0,0.0,270.0,110.0
test,A1,Clean,nb,0.01,3946,0,110,58,,,,
test,A1,Clean,b,0.01,368,0,270,0,,,,
test,A1,Music,all,0.01,2556,17,1757,669,13.0,4.0,233.0,1524.0
test,A1,Music,nb,0.01,2303,4,1524,650,,,,
test,A1,Music,b,0.01,253,13,233,19,,,,
test,A1,Noise,all,0.01,108,65,1593,2794,29.0,36.0,66.0,1527.0
test,A1,Noise,nb,0.01,44,36,1527,2764,,,,
test,A1,Noise,b,0.01,64,29,66,30,,,,
test,A1,Asm,all,0.02,1182,375,1502,1981,166.0,209.0,401.0,1101.0
test,A1,Asm,nb,0.02,737,209,1101,1809,,,,
test,A1,Asm,b,0.02,445,166,401,172,,,,
test,A1,Babble,all,0.02,1667,10,2094,534,6.0,4.0,278.0,1816.0
test,A1,Babble,nb,0.02,1399,4,1816,526,,,,
test,A1,Babble,b,0.02,268,6,278,8,,,,
test,A1,Clean,all,0.02,4311,3,357,81,2.0,1.0,270.0,87.0
test,A1,Clean,nb,0.02,3945,1,87,81,,,,
test,A1,Clean,b,0.02,366,2,270,0,,,,
test,A1,Music,all,0.02,2541,32,1428,998,21.0,11.0,228.0,1200.0
test,A1,Music,nb,0.02,2296,11,1200,974,,,,
test,A1,Music,b,0.02,245,21,228,24,,,,
test,A1,Noise,all,0.02,106,67,1131,3256,31.0,36.0,62.0,1069.0
test,A1,Noise,nb,0.02,44,36,1069,3222,,,,
test,A1,Noise,b,0.02,62,31,62,34,,,,
test,A1,Asm,all,0.03,964,593,965,2518,273.0,320.0,287.0,678.0
test,A1,Asm,nb,0.03,626,320,678,2232,,,,
test,A1,Asm,b,0.03,338,273,287,286,,,,
test,A1,Babble,all,0.03,1658,19,1881,747,12.0,7.0,274.0,1607.0
test,A1,Babble,nb,0.03,1396,7,1607,735,,,,
test,A1,Babble,b,0.03,262,12,274,12,,,,
test,A1,Clean,all,0.03,4311,3,343,95,2.0,1.0,270.0,73.0
test,A1,Clean,nb,0.03,3945,1,73,95,,,,
test,A1,Clean,b,0.03,366,2,270,0,,,,
test,A1,Music,all,0.03,2535,38,1191,1235,23.0,15.0,224.0,967.0
test,A1,Music,nb,0.03,2292,15,967,1207,,,,
test,A1,Music,b,0.03,243,23,224,28,,,,
test,A1,Noise,all,0.03,106,67,895,3492,31.0,36.0,61.0,834.0
test,A1,Noise,nb,0.03,44,36,834,3457,,,,
test,A1,Noise,b,0.03,62,31,61,35,,,,
test,A1,Asm,all,0.04,827,730,651,2832,348.0,382.0,216.0,435.0
test,A1,Asm,nb,0.04,564,382,435,2475,,,,
test,A1,Asm,b,0.04,263,348,216,357,,,,
test,A1,Babble,all,0.04,1646,31,1693,935,15.0,16.0,264.0,1429.0
test,A1,Babble,nb,0.04,1387,16,1429,913,,,,
test,A1,Babble,b,0.04,259,15,264,22,,,,
test,A1,Clean,all,0.04,4311,3,335,103,2.0,1.0,269.0,66.0
test,A1,Clean,nb,0.04,3945,1,66,102,,,,
test,A1,Clean,b,0.04,366,2,269,1,,,,
test,A1,Music,all,0.04,2527,46,1025,1401,28.0,18.0,216.0,809.0
test,A1,Music,nb,0.04,2289,18,809,1365,,,,
test,A1,Music,b,0.04,238,28,216,36,,,,
test,A1,Noise,all,0.04,105,68,742,3645,31.0,37.0,59.0,683.0
test,A1,Noise,nb,0.04,43,37,683,3608,,,,
test,A1,Noise,b,0.04,62,31,59,37,,,,
test,A1,Asm,all,0.05,731,826,429,3054,397.0,429.0,168.0,261.0
test,A1,Asm,nb,0.05,517,429,261,2649,,,,
test,A1,Asm,b,0.05,214,397,168,405,,,,
test,A1,Babble,all,0.05,1624,53,1541,1087,18.0,35.0,257.0,1284.0
test,A1,Babble,nb,0.05,1368,35,1284,1058,,,,
test,A1,Babble,b,0.05,256,18,257,29,,,,
test,A1,Clean,all,0.05,4311,3,329,109,2.0,1.0,269.0,60.0
test,A1,Clean,nb,0.05,3945,1,60,108,,,,
test,A1,Clean,b,0.05,366,2,269,1,,,,
test,A1,Music,all,0.05,2518,55,906,1520,33.0,22.0,210.0,696.0
test,A1,Music,nb,0.05,2285,22,696,1478,,,,
test,A1,Music,b,0.05,233,33,210,42,,,,
test,A1,Noise,all,0.05,101,72,622,3765,34.0,38.0,55.0,567.0
test,A1,Noise,nb,0.05,42,38,567,3724,,,,
test,A1,Noise,b,0.05,59,34,55,41,,,,
test,A1,Asm,all,0.06,643,914,311,3172,432.0,482.0,126.0,185.0
test,A1,Asm,nb,0.06,464,482,185,2725,,,,
test,A1,Asm,b,0.06,179,432,126,447,,,,
test,A1,Babble,all,0.06,1583,94,1408,1220,32.0,62.0,246.0,1162.0
test,A1,Babble,nb,0.06,1341,62,1162,1180,,,,
test,A1,Babble,b,0.06,242,32,246,40,,,,
test,A1,Clean,all,0.06,4309,5,319,119,4.0,1.0,269.0,50.0
test,A1,Clean,nb,0.06,3945,1,50,118,,,,
test,A1,Clean,b,0.06,364,4,269,1,,,,
test,A1,Music,all,0.06,2514,59,824,1602,34.0,25.0,204.0,620.0
test,A1,Music,nb,0.06,2282,25,620,1554,,,,
test,A1,Music,b,0.06,232,34,204,48,,,,
test,A1,Noise,all,0.06,98,75,528,3859,37.0,38.0,51.0,477.0
test,A1,Noise,nb,0.06,42,38,477,3814,,,,
test,A1,Noise,b,0.06,56,37,51,45,,,,
test,A1,Asm,all,0.07,569,988,242,3241,465.0,523.0,102.0,140.0
test,A1,Asm,nb,0.07,423,523,140,2770,,,,
test,A1,Asm,b,0.07,146,465,102,471,,,,
test,A1,Babble,all,0.07,1539,138,1278,1350,43.0,95.0,237.0,1041.0
test,A1,Babble,nb,0.07,1308,95,1041,1301,,,,
test,A1,Babble,b,0.07,231,43,237,49,,,,
test,A1,Clean,all,0.07,4309,5,313,125,4.0,1.0,268.0,45.0
test,A1,Clean,nb,0.07,3945,1,45,123,,,,
test,A1,Clean,b,0.07,364,4,268,2,,,,
test,A1,Music,all,0.07,2509,64,761,1665,38.0,26.0,198.0,563.0
test,A1,Music,nb,0.07,2281,26,563,1611,,,,
test,A1,Music,b,0.07,228,38,198,54,,,,
test,A1,Noise,all,0.07,97,76,457,3930,38.0,38.0,46.0,411.0
test,A1,Noise,nb,0.07,42,38,411,3880,,,,
test,A1,Noise,b,0.07,55,38,46,50,,,,
test,A1,Asm,all,0.08,512,1045,195,3288,489.0,556.0,87.0,108.0
test,A1,Asm,nb,0.08,390,556,108,2802,,,,
test,A1,Asm,b,0.08,122,489,87,486,,,,
test,A1,Babble,all,0.08,1480,197,1149,1479,57.0,140.0,218.0,931.0
test,A1,Babble,nb,0.08,1263,140,931,1411,,,,
test,A1,Babble,b,0.08,217,57,218,68,,,,
test,A1,Clean,all,0.08,4309,5,309,129,4.0,1.0,268.0,41.0
test,A1,Clean,nb,0.08,3945,1,41,127,,,,
test,A1,Clean,b,0.08,364,4,268,2,,,,
test,A1,Music,all,0.08,2500,73,693,1733,42.0,31.0,195.0,498.0
test,A1,Music,nb,0.08,2276,31,498,1676,,,,
test,A1,Music,b,0.08,224,42,195,57,,,,
test,A1,Noise,all,0.08,92,81,420,3967,43.0,38.0,45.0,375.0
test,A1,Noise,nb,0.08,42,38,375,3916,,,,
test,A1,Noise,b,0.08,50,43,45,51,,,,
test,A1,Asm,all,0.09,471,1086,153,3330,509.0,577.0,70.0,83.0
test,A1,Asm,nb,0.09,369,577,83,2827,,,,
test,A1,Asm,b,0.09,102,509,70,503,,,,
test,A1,Babble,all,0.09,1412,265,1039,1589,76.0,189.0,201.0,838.0
test,A1,Babble,nb,0.09,1214,189,838,1504,,,,
test,A1,Babble,b,0.09,198,76,201,85,,,,
test,A1,Clean,all,0.09,4309,5,307,131,4.0,1.0,267.0,40.0
test,A1,Clean,nb,0.09,3945,1,40,128,,,,
test,A1,Clean,b,0.09,364,4,267,3,,,,
test,A1,Music,all,0.09,2496,77,645,1781,45.0,32.0,190.0,455.0
test,A1,Music,nb,0.09,2275,32,455,1719,,,,
test,A1,Music,b,0.09,221,45,190,62,,,,
test,A1,Noise,all,0.09,88,85,381,4006,46.0,39.0,41.0,340.0
test,A1,Noise,nb,0.09,41,39,340,3951,,,,
test,A1,Noise,b,0.09,47,46,41,55,,,,
test,A1,Asm,all,0.1,442,1115,123,3360,519.0,596.0,58.0,65.0
test,A1,Asm,nb,0.1,350,596,65,2845,,,,
test,A1,Asm,b,0.1,92,519,58,515,,,,
test,A1,Babble,all,0.1,1363,314,939,1689,85.0,229.0,182.0,757.0
test,A1,Babble,nb,0.1,1174,229,757,1585,,,,
test,A1,Babble,b,0.1,189,85,182,104,,,,
test,A1,Clean,all,0.1,4309,5,305,133,4.0,1.0,267.0,38.0
test,A1,Clean,nb,0.1,3945,1,38,130,,,,
test,A1,Clean,b,0.1,364,4,267,3,,,,
test,A1,Music,all,0.1,2490,83,601,1825,48.0,35.0,185.0,416.0
test,A1,Music,nb,0.1,2272,35,416,1758,,,,
test,A1,Music,b,0.1,218,48,185,67,,,,
test,A1,Noise,all,0.1,86,87,348,4039,48.0,39.0,39.0,309.0
test,A1,Noise,nb,0.1,41,39,309,3982,,,,
test,A1,Noise,b,0.1,45,48,39,57,,,,
test,A1,Asm,all,0.11,418,1139,101,3382,528.0,611.0,48.0,53.0
test,A1,Asm,nb,0.11,335,611,53,2857,,,,
test,A1,Asm,b,0.11,83,528,48,525,,,,
test,A1,Babble,all,0.11,1305,372,847,1781,98.0,274.0,169.0,678.0
test,A1,Babble,nb,0.11,1129,274,678,1664,,,,
test,A1,Babble,b,0.11,176,98,169,117,,,,
test,A1,Clean,all,0.11,4309,5,299,139,4.0,1.0,265.0,34.0
test,A1,Clean,nb,0.11,3945,1,34,134,,,,
test,A1,Clean,b,0.11,364,4,265,5,,,,
test,A1,Music,all,0.11,2487,86,563,1863,49.0,37.0,179.0,384.0
test,A1,Music,nb,0.11,2270,37,384,1790,,,,
test,A1,Music,b,0.11,217,49,179,73,,,,
test,A1,Noise,all,0.11,83,90,321,4066,50.0,40.0,37.0,284.0
test,A1,Noise,nb,0.11,40,40,284,4007,,,,
test,A1,Noise,b,0.11,43,50,37,59,,,,
test,A1,Asm,all,0.12,393,1164,83,3400,539.0,625.0,39.0,44.0
test,A1,Asm,nb,0.12,321,625,44,2866,,,,
test,A1,Asm,b,0.12,72,539,39,534,,,,
test,A1,Babble,all,0.12,1236,441,771,1857,110.0,331.0,163.0,608.0
test,A1,Babble,nb,0.12,1072,331,608,1734,,,,
test,A1,Babble,b,0.12,164,110,163,123,,,,
test,A1,Clean,all,0.12,4309,5,299,139,4.0,1.0,265.0,34.0
test,A1,Clean,nb,0.12,3945,1,34,134,,,,
test,A1,Clean,b,0.12,364,4,265,5,,,,
test,A1,Music,all,0.12,2482,91,524,1902,50.0,41.0,178.0,346.0
test,A1,Music,nb,0.12,2266,41,346,1828,,,,
test,A1,Music,b,0.12,216,50,178,74,,,,
test,A1,Noise,all,0.12,82,91,298,4089,51.0,40.0,36.0,262.0
test,A1,Noise,nb,0.12,40,40,262,4029,,,,
test,A1,Noise,b,0.12,42,51,36,60,,,,
test,A1,Asm,all,0.13,371,1186,66,3417,547.0,639.0,30.0,36.0
test,A1,Asm,nb,0.13,307,639,36,2874,,,,
test,A1,Asm,b,0.13,64,547,30,543,,,,
test,A1,Babble,all,0.13,1166,511,698,1930,118.0,393.0,147.0,551.0
test,A1,Babble,nb,0.13,1010,393,551,1791,,,,
test,A1,Babble,b,0.13,156,118,147,139,,,,
test,A1,Clean,all,0.13,4309,5,299,139,4.0,1.0,265.0,34.0
test,A1,Clean,nb,0.13,3945,1,34,134,,,,
test,A1,Clean,b,0.13,364,4,265,5,,,,
test,A1,Music,all,0.13,2477,96,497,1929,52.0,44.0,176.0,321.0
test,A1,Music,nb,0.13,2263,44,321,1853,,,,
test,A1,Music,b,0.13,214,52,176,76,,,,
test,A1,Noise,all,0.13,77,96,272,4115,53.0,43.0,35.0,237.0
test,A1,Noise,nb,0.13,37,43,237,4054,,,,
test,A1,Noise,b,0.13,40,53,35,61,,,,
test,A1,Asm,all,0.14,349,1208,57,3426,552.0,656.0,26.0,31.0
test,A1,Asm,nb,0.14,290,656,31,2879,,,,
test,A1,Asm,b,0.14,59,552,26,547,,,,
test,A1,Babble,all,0.14,1101,576,634,1994,129.0,447.0,136.0,498.0
test,A1,Babble,nb,0.14,956,447,498,1844,,,,
test,A1,Babble,b,0.14,145,129,136,150,,,,
test,A1,Clean,all,0.14,4309,5,295,143,4.0,1.0,262.0,33.0
test,A1,Clean,nb,0.14,3945,1,33,135,,,,
test,A1,Clean,b,0.14,364,4,262,8,,,,
test,A1,Music,all,0.14,2472,101,461,1965,54.0,47.0,172.0,289.0
test,A1,Music,nb,0.14,2260,47,289,1885,,,,
test,A1,Music,b,0.14,212,54,172,80,,,,
test,A1,Noise,all,0.14,74,99,250,4137,54.0,45.0,34.0,216.0
test,A1,Noise,nb,0.14,35,45,216,4075,,,,
test,A1,Noise,b,0.14,39,54,34,62,,,,
test,A1,Asm,all,0.15,332,1225,51,3432,554.0,671.0,25.0,26.0
test,A1,Asm,nb,0.15,275,671,26,2884,,,,
test,A1,Asm,b,0.15,57,554,25,548,,,,
test,A1,Babble,all,0.15,1046,631,581,2047,143.0,488.0,124.0,457.0
test,A1,Babble,nb,0.15,915,488,457,1885,,,,
test,A1,Babble,b,0.15,131,143,124,162,,,,
test,A1,Clean,all,0.15,4309,5,293,145,4.0,1.0,261.0,32.0
test,A1,Clean,nb,0.15,3945,1,32,136,,,,
test,A1,Clean,b,0.15,364,4,261,9,,,,
test,A1,Music,all,0.15,2466,107,436,1990,55.0,52.0,167.0,269.0
test,A1,Music,nb,0.15,2255,52,269,1905,,,,
test,A1,Music,b,0.15,211,55,167,85,,,,
test,A1,Noise,all,0.15,71,102,233,4154,55.0,47.0,34.0,199.0
test,A1,Noise,nb,0.15,33,47,199,4092,,,,
test,A1,Noise,b,0.15,38,55,34,62,,,,
test,A1,Asm,all,0.16,315,1242,40,3443,560.0,682.0,23.0,17.0
test,A1,Asm,nb,0.16,264,682,17,2893,,,,
test,A1,Asm,b,0.16,51,560,23,550,,,,
test,A1,Babble,all,0.16,980,697,519,2109,156.0,541.0,113.0,406.0
test,A1,Babble,nb,0.16,862,541,406,1936,,,,
test,A1,Babble,b,0.16,118,156,113,173,,,,
test,A1,Clean,all,0.16,4309,5,292,146,4.0,1.0,260.0,32.0
test,A1,Clean,nb,0.16,3945,1,32,136,,,,
test,A1,Clean,b,0.16,364,4,260,10,,,,
test,A1,Music,all,0.16,2458,115,405,2021,56.0,59.0,164.0,241.0
test,A1,Music,nb,0.16,2248,59,241,1933,,,,
test,A1,Music,b,0.16,210,56,164,88,,,,
test,A1,Noise,all,0.16,68,105,205,4182,57.0,48.0,31.0,174.0
test,A1,Noise,nb,0.16,32,48,174,4117,,,,
test,A1,Noise,b,0.16,36,57,31,65,,,,
test,A1,Asm,all,0.17,303,1254,35,3448,564.0,690.0,22.0,13.0
test,A1,Asm,nb,0.17,256,690,13,2897,,,,
test,A1,Asm,b,0.17,47,564,22,551,,,,
test,A1,Babble,all,0.17,922,755,464,2164,165.0,590.0,102.0,362.0
test,A1,Babble,nb,0.17,813,590,362,1980,,,,
test,A1,Babble,b,0.17,109,165,102,184,,,,
test,A1,Clean,all,0.17,4309,5,288,150,4.0,1.0,258.0,30.0
test,A1,Clean,nb,0.17,3945,1,30,138,,,,
test,A1,Clean,b,0.17,364,4,258,12,,,,
test,A1,Music,all,0.17,2449,124,381,2045,60.0,64.0,161.0,220.0
test,A1,Music,nb,0.17,2243,64,220,1954,,,,
test,A1,Music,b,0.17,206,60,161,91,,,,
test,A1,Noise,all,0.17,63,110,188,4199,60.0,50.0,30.0,158.0
test,A1,Noise,nb,0.17,30,50,158,4133,,,,
test,A1,Noise,b,0.17,33,60,30,66,,,,
test,A1,Asm,all,0.18,290,1267,33,3450,568.0,699.0,22.0,11.0
test,A1,Asm,nb,0.18,247,699,11,2899,,,,
test,A1,Asm,b,0.18,43,568,22,551,,,,
test,A1,Babble,all,0.18,871,806,416,2212,175.0,631.0,93.0,323.0
test,A1,Babble,nb,0.18,772,631,323,2019,,,,
test,A1,Babble,b,0.18,99,175,93,193,,,,
test,A1,Clean,all,0.18,4309,5,284,154,4.0,1.0,255.0,29.0
test,A1,Clean,nb,0.18,3945,1,29,139,,,,
test,A1,Clean,b,0.18,364,4,255,15,,,,
test,A1,Music,all,0.18,2444,129,359,2067,61.0,68.0,158.0,201.0
test,A1,Music,nb,0.18,2239,68,201,1973,,,,
test,A1,Music,b,0.18,205,61,158,94,,,,
test,A1,Noise,all,0.18,62,111,176,4211,60.0,51.0,28.0,148.0
test,A1,Noise,nb,0.18,29,51,148,4143,,,,
test,A1,Noise,b,0.18,33,60,28,68,,,,
test,A1,Asm,all,0.19,285,1272,30,3453,570.0,702.0,20.0,10.0
test,A1,Asm,nb,0.19,244,702,10,2900,,,,
test,A1,Asm,b,0.19,41,570,20,553,,,,
test,A1,Babble,all,0.19,813,864,387,2241,188.0,676.0,89.0,298.0
test,A1,Babble,nb,0.19,727,676,298,2044,,,,
test,A1,Babble,b,0.19,86,188,89,197,,,,
test,A1,Clean,all,0.19,4309,5,281,157,4.0,1.0,254.0,27.0
test,A1,Clean,nb,0.19,3945,1,27,141,,,,
test,A1,Clean,b,0.19,364,4,254,16,,,,
test,A1,Music,all,0.19,2439,134,342,2084,61.0,73.0,157.0,185.0
test,A1,Music,nb,0.19,2234,73,185,1989,,,,
test,A1,Music,b,0.19,205,61,157,95,,,,
test,A1,Noise,all,0.19,60,113,169,4218,61.0,52.0,25.0,144.0
test,A1,Noise,nb,0.19,28,52,144,4147,,,,
test,A1,Noise,b,0.19,32,61,25,71,,,,
test,A1,Asm,all,0.2,271,1286,25,3458,572.0,714.0,16.0,9.0
test,A1,Asm,nb,0.2,232,714,9,2901,,,,
test,A1,Asm,b,0.2,39,572,16,557,,,,
test,A1,Babble,all,0.2,764,913,342,2286,196.0,717.0,81.0,261.0
test,A1,Babble,nb,0.2,686,717,261,2081,,,,
test,A1,Babble,b,0.2,78,196,81,205,,,,
test,A1,Clean,all,0.2,4309,5,279,159,4.0,1.0,254.0,25.0
test,A1,Clean,nb,0.2,3945,1,25,143,,,,
test,A1,Clean,b,0.2,364,4,254,16,,,,
test,A1,Music,all,0.2,2431,142,322,2104,62.0,80.0,153.0,169.0
test,A1,Music,nb,0.2,2227,80,169,2005,,,,
test,A1,Music,b,0.2,204,62,153,99,,,,
test,A1,Noise,all,0.2,56,117,155,4232,63.0,54.0,23.0,132.0
test,A1,Noise,nb,0.2,26,54,132,4159,,,,
test,A1,Noise,b,0.2,30,63,23,73,,,,
test,A1,Asm,all,0.21,265,1292,16,3467,574.0,718.0,11.0,5.0
test,A1,Asm,nb,0.21,228,718,5,2905,,,,
test,A1,Asm,b,0.21,37,574,11,562,,,,
test,A1,Babble,all,0.21,718,959,307,2321,204.0,755.0,71.0,236.0
test,A1,Babble,nb,0.21,648,755,236,2106,,,,
test,A1,Babble,b,0.21,70,204,71,215,,,,
test,A1,Clean,all,0.21,4309,5,277,161,4.0,1.0,253.0,24.0
test,A1,Clean,nb,0.21,3945,1,24,144,,,,
test,A1,Clean,b,0.21,364,4,253,17,,,,
test,A1,Music,all,0.21,2424,149,301,2125,63.0,86.0,149.0,152.0
test,A1,Music,nb,0.21,2221,86,152,2022,,,,
test,A1,Music,b,0.21,203,63,149,103,,,,
test,A1,Noise,all,0.21,54,119,143,4244,65.0,54.0,23.0,120.0
test,A1,Noise,nb,0.21,26,54,120,4171,,,,
test,A1,Noise,b,0.21,28,65,23,73,,,,
test,A1,Asm,all,0.22,253,1304,15,3468,579.0,725.0,10.0,5.0
test,A1,Asm,nb,0.22,221,725,5,2905,,,,
test,A1,Asm,b,0.22,32,579,10,563,,,,
test,A1,Babble,all,0.22,680,997,265,2363,210.0,787.0,59.0,206.0
test,A1,Babble,nb,0.22,616,787,206,2136,,,,
test,A1,Babble,b,0.22,64,210,59,227,,,,
test,A1,Clean,all,0.22,4307,7,273,165,6.0,1.0,252.0,21.0
test,A1,Clean,nb,0.22,3945,1,21,147,,,,
test,A1,Clean,b,0.22,362,6,252,18,,,,
test,A1,Music,all,0.22,2413,160,288,2138,66.0,94.0,149.0,139.0
test,A1,Music,nb,0.22,2213,94,139,2035,,,,
test,A1,Music,b,0.22,200,66,149,103,,,,
test,A1,Noise,all,0.22,52,121,127,4260,65.0,56.0,22.0,105.0
test,A1,Noise,nb,0.22,24,56,105,4186,,,,
test,A1,Noise,b,0.22,28,65,22,74,,,,
test,A1,Asm,all,0.23,235,1322,14,3469,583.0,739.0,9.0,5.0
test,A1,Asm,nb,0.23,207,739,5,2905,,,,
test,A1,Asm,b,0.23,28,583,9,564,,,,
test,A1,Babble,all,0.23,642,1035,238,2390,213.0,822.0,55.0,183.0
test,A1,Babble,nb,0.23,581,822,183,2159,,,,
test,A1,Babble,b,0.23,61,213,55,231,,,,
test,A1,Clean,all,0.23,4307,7,273,165,6.0,1.0,252.0,21.0
test,A1,Clean,nb,0.23,3945,1,21,147,,,,
test,A1,Clean,b,0.23,362,6,252,18,,,,
test,A1,Music,all,0.23,2404,169,278,2148,67.0,102.0,148.0,130.0
test,A1,Music,nb,0.23,2205,102,130,2044,,,,
test,A1,Music,b,0.23,199,67,148,104,,,,
test,A1,Noise,all,0.23,50,123,118,4269,65.0,58.0,20.0,98.0
test,A1,Noise,nb,0.23,22,58,98,4193,,,,
test,A1,Noise,b,0.23,28,65,20,76,,,,
test,A1,Asm,all,0.24,226,1331,13,3470,584.0,747.0,9.0,4.0
test,A1,Asm,nb,0.24,199,747,4,2906,,,,
test,A1,Asm,b,0.24,27,584,9,564,,,,
test,A1,Babble,all,0.24,609,1068,211,2417,215.0,853.0,48.0,163.0
test,A1,Babble,nb,0.24,550,853,163,2179,,,,
test,A1,Babble,b,0.24,59,215,48,238,,,,
test,A1,Clean,all,0.24,4307,7,264,174,6.0,1.0,244.0,20.0
test,A1,Clean,nb,0.24,3945,1,20,148,,,,
test,A1,Clean,b,0.24,362,6,244,26,,,,
test,A1,Music,all,0.24,2395,178,268,2158,69.0,109.0,142.0,126.0
test,A1,Music,nb,0.24,2198,109,126,2048,,,,
test,A1,Music,b,0.24,197,69,142,110,,,,
test,A1,Noise,all,0.24,49,124,113,4274,65.0,59.0,20.0,93.0
test,A1,Noise,nb,0.24,21,59,93,4198,,,,
test,A1,Noise,b,0.24,28,65,20,76,,,,
test,A1,Asm,all,0.25,215,1342,10,3473,587.0,755.0,7.0,3.0
test,A1,Asm,nb,0.25,191,755,3,2907,,,,
test,A1,Asm,b,0.25,24,587,7,566,,,,
test,A1,Babble,all,0.25,582,1095,192,2436,218.0,877.0,42.0,150.0
test,A1,Babble,nb,0.25,526,877,150,2192,,,,
test,A1,Babble,b,0.25,56,218,42,244,,,,
test,A1,Clean,all,0.25,4307,7,261,177,6.0,1.0,242.0,19.0
test,A1,Clean,nb,0.25,3945,1,19,149,,,,
test,A1,Clean,b,0.25,362,6,242,28,,,,
test,A1,Music,all,0.25,2385,188,257,2169,69.0,119.0,140.0,117.0
test,A1,Music,nb,0.25,2188,119,117,2057,,,,
test,A1,Music,b,0.25,197,69,140,112,,,,
test,A1,Noise,all,0.25,48,125,106,4281,66.0,59.0,20.0,86.0
test,A1,Noise,nb,0.25,21,59,86,4205,,,,
test,A1,Noise,b,0.25,27,66,20,76,,,,
test,A1,Asm,all,0.26,209,1348,8,3475,588.0,760.0,6.0,2.0
test,A1,Asm,nb,0.26,186,760,2,2908,,,,
test,A1,Asm,b,0.26,23,588,6,567,,,,
test,A1,Babble,all,0.26,548,1129,173,2455,222.0,907.0,38.0,135.0
test,A1,Babble,nb,0.26,496,907,135,2207,,,,
test,A1,Babble,b,0.26,52,222,38,248,,,,
test,A1,Clean,all,0.26,4307,7,256,182,6.0,1.0,241.0,15.0
test,A1,Clean,nb,0.26,3945,1,15,153,,,,
test,A1,Clean,b,0.26,362,6,241,29,,,,
test,A1,Music,all,0.26,2379,194,244,2182,72.0,122.0,136.0,108.0
test,A1,Music,nb,0.26,2185,122,108,2066,,,,
test,A1,Music,b,0.26,194,72,136,116,,,,
test,A1,Noise,all,0.26,48,125,95,4292,66.0,59.0,18.0,77.0
test,A1,Noise,nb,0.26,21,59,77,4214,,,,
test,A1,Noise,b,0.26,27,66,18,78,,,,
test,A1,Asm,all,0.27,198,1359,6,3477,589.0,770.0,4.0,2.0
test,A1,Asm,nb,0.27,176,770,2,2908,,,,
test,A1,Asm,b,0.27,22,589,4,569,,,,
test,A1,Babble,all,0.27,526,1151,150,2478,229.0,922.0,36.0,114.0
test,A1,Babble,nb,0.27,481,922,114,2228,,,,
test,A1,Babble,b,0.27,45,229,36,250,,,,
test,A1,Clean,all,0.27,4306,8,253,185,7.0,1.0,240.0,13.0
test,A1,Clean,nb,0.27,3945,1,13,155,,,,
test,A1,Clean,b,0.27,361,7,240,30,,,,
test,A1,Music,all,0.27,2370,203,227,2199,74.0,129.0,127.0,100.0
test,A1,Music,nb,0.27,2178,129,100,2074,,,,
test,A1,Music,b,0.27,192,74,127,125,,,,
test,A1,Noise,all,0.27,48,125,83,4304,66.0,59.0,13.0,70.0
test,A1,Noise,nb,0.27,21,59,70,4221,,,,
test,A1,Noise,b,0.27,27,66,13,83,,,,
test,A1,Asm,all,0.28,184,1373,5,3478,592.0,781.0,4.0,1.0
test,A1,Asm,nb,0.28,165,781,1,2909,,,,
test,A1,Asm,b,0.28,19,592,4,569,,,,
test,A1,Babble,all,0.28,506,1171,142,2486,232.0,939.0,35.0,107.0
test,A1,Babble,nb,0.28,464,939,107,2235,,,,
test,A1,Babble,b,0.28,42,232,35,251,,,,
test,A1,Clean,all,0.28,4304,10,249,189,9.0,1.0,238.0,11.0
test,A1,Clean,nb,0.28,3945,1,11,157,,,,
test,A1,Clean,b,0.28,359,9,238,32,,,,
test,A1,Music,all,0.28,2363,210,217,2209,74.0,136.0,121.0,96.0
test,A1,Music,nb,0.28,2171,136,96,2078,,,,
test,A1,Music,b,0.28,192,74,121,131,,,,
test,A1,Noise,all,0.28,46,127,77,4310,68.0,59.0,12.0,65.0
test,A1,Noise,nb,0.28,21,59,65,4226,,,,
test,A1,Noise,b,0.28,25,68,12,84,,,,
test,A1,Asm,all,0.29,177,1380,4,3479,593.0,787.0,3.0,1.0
test,A1,Asm,nb,0.29,159,787,1,2909,,,,
test,A1,Asm,b,0.29,18,593,3,570,,,,
test,A1,Babble,all,0.29,483,1194,127,2501,232.0,962.0,32.0,95.0
test,A1,Babble,nb,0.29,441,962,95,2247,,,,
test,A1,Babble,b,0.29,42,232,32,254,,,,
test,A1,Clean,all,0.29,4303,11,248,190,10.0,1.0,237.0,11.0
test,A1,Clean,nb,0.29,3945,1,11,157,,,,
test,A1,Clean,b,0.29,358,10,237,33,,,,
test,A1,Music,all,0.29,2353,220,206,2220,76.0,144.0,117.0,89.0
test,A1,Music,nb,0.29,2163,144,89,2085,,,,
test,A1,Music,b,0.29,190,76,117,135,,,,
test,A1,Noise,all,0.29,43,130,70,4317,70.0,60.0,12.0,58.0
test,A1,Noise,nb,0.29,20,60,58,4233,,,,
test,A1,Noise,b,0.29,23,70,12,84,,,,
test,A1,Asm,all,0.3,170,1387,4,3479,593.0,794.0,3.0,1.0
test,A1,Asm,nb,0.3,152,794,1,2909,,,,
test,A1,Asm,b,0.3,18,593,3,570,,,,
test,A1,Babble,all,0.3,457,1220,111,2517,234.0,986.0,30.0,81.0
test,A1,Babble,nb,0.3,417,986,81,2261,,,,
test,A1,Babble,b,0.3,40,234,30,256,,,,
test,A1,Clean,all,0.3,4303,11,246,192,10.0,1.0,236.0,10.0
test,A1,Clean,nb,0.3,3945,1,10,158,,,,
test,A1,Clean,b,0.3,358,10,236,34,,,,
test,A1,Music,all,0.3,2345,228,194,2232,82.0,146.0,113.0,81.0
test,A1,Music,nb,0.3,2161,146,81,2093,,,,
test,A1,Music,b,0.3,184,82,113,139,,,,
test,A1,Noise,all,0.3,39,134,65,4322,71.0,63.0,11.0,54.0
test,A1,Noise,nb,0.3,17,63,54,4237,,,,
test,A1,Noise,b,0.3,22,71,11,85,,,,
test,A1,Asm,all,0.31,160,1397,4,3479,594.0,803.0,3.0,1.0
test,A1,Asm,nb,0.31,143,803,1,2909,,,,
test,A1,Asm,b,0.31,17,594,3,570,,,,
test,A1,Babble,all,0.31,438,1239,105,2523,235.0,1004.0,30.0,75.0
test,A1,Babble,nb,0.31,399,1004,75,2267,,,,
test,A1,Babble,b,0.31,39,235,30,256,,,,
test,A1,Clean,all,0.31,4303,11,244,194,10.0,1.0,235.0,9.0
test,A1,Clean,nb,0.31,3945,1,9,159,,,,
test,A1,Clean,b,0.31,358,10,235,35,,,,
test,A1,Music,all,0.31,2335,238,179,2247,82.0,156.0,109.0,70.0
test,A1,Music,nb,0.31,2151,156,70,2104,,,,
test,A1,Music,b,0.31,184,82,109,143,,,,
test,A1,Noise,all,0.31,37,136,64,4323,73.0,63.0,11.0,53.0
test,A1,Noise,nb,0.31,17,63,53,4238,,,,
test,A1,Noise,b,0.31,20,73,11,85,,,,
test,A1,Asm,all,0.32,154,1403,4,3479,594.0,809.0,3.0,1.0
test,A1,Asm,nb,0.32,137,809,1,2909,,,,
test,A1,Asm,b,0.32,17,594,3,570,,,,
test,A1,Babble,all,0.32,418,1259,95,2533,240.0,1019.0,25.0,70.0
test,A1,Babble,nb,0.32,384,1019,70,2272,,,,
test,A1,Babble,b,0.32,34,240,25,261,,,,
test,A1,Clean,all,0.32,4303,11,242,196,10.0,1.0,234.0,8.0
test,A1,Clean,nb,0.32,3945,1,8,160,,,,
test,A1,Clean,b,0.32,358,10,234,36,,,,
test,A1,Music,all,0.32,2322,251,173,2253,84.0,167.0,107.0,66.0
test,A1,Music,nb,0.32,2140,167,66,2108,,,,
test,A1,Music,b,0.32,182,84,107,145,,,,
test,A1,Noise,all,0.32,34,139,60,4327,74.0,65.0,11.0,49.0
test,A1,Noise,nb,0.32,15,65,49,4242,,,,
test,A1,Noise,b,0.32,19,74,11,85,,,,
test,A1,Asm,all,0.33,146,1411,3,3480,596.0,815.0,2.0,1.0
test,A1,Asm,nb,0.33,131,815,1,2909,,,,
test,A1,Asm,b,0.33,15,596,2,571,,,,
test,A1,Babble,all,0.33,399,1278,88,2540,244.0,1034.0,23.0,65.0
test,A1,Babble,nb,0.33,369,1034,65,2277,,,,
test,A1,Babble,b,0.33,30,244,23,263,,,,
test,A1,Clean,all,0.33,4303,11,235,203,10.0,1.0,228.0,7.0
test,A1,Clean,nb,0.33,3945,1,7,161,,,,
test,A1,Clean,b,0.33,358,10,228,42,,,,
test,A1,Music,all,0.33,2306,267,165,2261,89.0,178.0,104.0,61.0
test,A1,Music,nb,0.33,2129,178,61,2113,,,,
test,A1,Music,b,0.33,177,89,104,148,,,,
test,A1,Noise,all,0.33,32,141,56,4331,75.0,66.0,11.0,45.0
test,A1,Noise,nb,0.33,14,66,45,4246,,,,
test,A1,Noise,b,0.33,18,75,11,85,,,,
test,A1,Asm,all,0.34,140,1417,3,3480,598.0,819.0,2.0,1.0
test,A1,Asm,nb,0.34,127,819,1,2909,,,,
test,A1,Asm,b,0.34,13,598,2,571,,,,
test,A1,Babble,all,0.34,378,1299,80,2548,247.0,1052.0,21.0,59.0
test,A1,Babble,nb,0.34,351,1052,59,2283,,,,
test,A1,Babble,b,0.34,27,247,21,265,,,,
test,A1,Clean,all,0.34,4303,11,230,208,10.0,1.0,224.0,6.0
test,A1,Clean,nb,0.34,3945,1,6,162,,,,
test,A1,Clean,b,0.34,358,10,224,46,,,,
test,A1,Music,all,0.34,2291,282,159,2267,91.0,191.0,101.0,58.0
test,A1,Music,nb,0.34,2116,191,58,2116,,,,
test,A1,Music,b,0.34,175,91,101,151,,,,
test,A1,Noise,all,0.34,30,143,54,4333,77.0,66.0,11.0,43.0
test,A1,Noise,nb,0.34,14,66,43,4248,,,,
test,A1,Noise,b,0.34,16,77,11,85,,,,
test,A1,Asm,all,0.35,133,1424,3,3480,598.0,826.0,2.0,1.0
test,A1,Asm,nb,0.35,120,826,1,2909,,,,
test,A1,Asm,b,0.35,13,598,2,571,,,,
test,A1,Babble,all,0.35,366,1311,70,2558,250.0,1061.0,16.0,54.0
test,A1,Babble,nb,0.35,342,1061,54,2288,,,,
test,A1,Babble,b,0.35,24,250,16,270,,,,
test,A1,Clean,all,0.35,4303,11,228,210,10.0,1.0,222.0,6.0
test,A1,Clean,nb,0.35,3945,1,6,162,,,,
test,A1,Clean,b,0.35,358,10,222,48,,,,
test,A1,Music,all,0.35,2276,297,150,2276,94.0,203.0,95.0,55.0
test,A1,Music,nb,0.35,2104,203,55,2119,,,,
test,A1,Music,b,0.35,172,94,95,157,,,,
test,A1,Noise,all,0.35,30,143,51,4336,77.0,66.0,11.0,40.0
test,A1,Noise,nb,0.35,14,66,40,4251,,,,
test,A1,Noise,b,0.35,16,77,11,85,,,,
test,A1,Asm,all,0.36,124,1433,3,3480,599.0,834.0,2.0,1.0
test,A1,Asm,nb,0.36,112,834,1,2909,,,,
test,A1,Asm,b,0.36,12,599,2,571,,,,
test,A1,Babble,all,0.36,351,1326,63,2565,251.0,1075.0,16.0,47.0
test,A1,Babble,nb,0.36,328,1075,47,2295,,,,
test,A1,Babble,b,0.36,23,251,16,270,,,,
test,A1,Clean,all,0.36,4303,11,226,212,10.0,1.0,220.0,6.0
test,A1,Clean,nb,0.36,3945,1,6,162,,,,
test,A1,Clean,b,0.36,358,10,220,50,,,,
test,A1,Music,all,0.36,2259,314,144,2282,97.0,217.0,93.0,51.0
test,A1,Music,nb,0.36,2090,217,51,2123,,,,
test,A1,Music,b,0.36,169,97,93,159,,,,
test,A1,Noise,all,0.36,28,145,48,4339,78.0,67.0,11.0,37.0
test,A1,Noise,nb,0.36,13,67,37,4254,,,,
test,A1,Noise,b,0.36,15,78,11,85,,,,
test,A1,Asm,all,0.37,116,1441,3,3480,600.0,841.0,2.0,1.0
test,A1,Asm,nb,0.37,105,841,1,2909,,,,
test,A1,Asm,b,0.37,11,600,2,571,,,,
test,A1,Babble,all,0.37,341,1336,52,2576,253.0,1083.0,14.0,38.0
test,A1,Babble,nb,0.37,320,1083,38,2304,,,,
test,A1,Babble,b,0.37,21,253,14,272,,,,
test,A1,Clean,all,0.37,4300,14,224,214,11.0,3.0,218.0,6.0
test,A1,Clean,nb,0.37,3943,3,6,162,,,,
test,A1,Clean,b,0.37,357,11,218,52,,,,
test,A1,Music,all,0.37,2246,327,134,2292,99.0,228.0,90.0,44.0
test,A1,Music,nb,0.37,2079,228,44,2130,,,,
test,A1,Music,b,0.37,167,99,90,162,,,,
test,A1,Noise,all,0.37,25,148,47,4340,79.0,69.0,11.0,36.0
test,A1,Noise,nb,0.37,11,69,36,4255,,,,
test,A1,Noise,b,0.37,14,79,11,85,,,,
test,A1,Asm,all,0.38,114,1443,3,3480,601.0,842.0,2.0,1.0
test,A1,Asm,nb,0.38,104,842,1,2909,,,,
test,A1,Asm,b,0.38,10,601,2,571,,,,
test,A1,Babble,all,0.38,331,1346,45,2583,255.0,1091.0,13.0,32.0
test,A1,Babble,nb,0.38,312,1091,32,2310,,,,
test,A1,Babble,b,0.38,19,255,13,273,,,,
test,A1,Clean,all,0.38,4297,17,222,216,12.0,5.0,218.0,4.0
test,A1,Clean,nb,0.38,3941,5,4,164,,,,
test,A1,Clean,b,0.38,356,12,218,52,,,,
test,A1,Music,all,0.38,2234,339,131,2295,105.0,234.0,89.0,42.0
test,A1,Music,nb,0.38,2073,234,42,2132,,,,
test,A1,Music,b,0.38,161,105,89,163,,,,
test,A1,Noise,all,0.38,22,151,44,4343,80.0,71.0,10.0,34.0
test,A1,Noise,nb,0.38,9,71,34,4257,,,,
test,A1,Noise,b,0.38,13,80,10,86,,,,
test,A1,Asm,all,0.39,111,1446,3,3480,601.0,845.0,2.0,1.0
test,A1,Asm,nb,0.39,101,845,1,2909,,,,
test,A1,Asm,b,0.39,10,601,2,571,,,,
test,A1,Babble,all,0.39,319,1358,40,2588,255.0,1103.0,13.0,27.0
test,A1,Babble,nb,0.39,300,1103,27,2315,,,,
test,A1,Babble,b,0.39,19,255,13,273,,,,
test,A1,Clean,all,0.39,4295,19,220,218,13.0,6.0,217.0,3.0
test,A1,Clean,nb,0.39,3940,6,3,165,,,,
test,A1,Clean,b,0.39,355,13,217,53,,,,
test,A1,Music,all,0.39,2222,351,124,2302,107.0,244.0,84.0,40.0
test,A1,Music,nb,0.39,2063,244,40,2134,,,,
test,A1,Music,b,0.39,159,107,84,168,,,,
test,A1,Noise,all,0.39,20,153,40,4347,82.0,71.0,9.0,31.0
test,A1,Noise,nb,0.39,9,71,31,4260,,,,
test,A1,Noise,b,0.39,11,82,9,87,,,,
test,A1,Asm,all,0.4,106,1451,2,3481,602.0,849.0,2.0,0.0
test,A1,Asm,nb,0.4,97,849,0,2910,,,,
test,A1,Asm,b,0.4,9,602,2,571,,,,
test,A1,Babble,all,0.4,309,1368,35,2593,256.0,1112.0,13.0,22.0
test,A1,Babble,nb,0.4,291,1112,22,2320,,,,
test,A1,Babble,b,0.4,18,256,13,273,,,,
test,A1,Clean,all,0.4,4295,19,219,219,13.0,6.0,217.0,2.0
test,A1,Clean,nb,0.4,3940,6,2,166,,,,
test,A1,Clean,b,0.4,355,13,217,53,,,,
test,A1,Music,all,0.4,2213,360,122,2304,107.0,253.0,82.0,40.0
test,A1,Music,nb,0.4,2054,253,40,2134,,,,
test,A1,Music,b,0.4,159,107,82,170,,,,
test,A1,Noise,all,0.4,19,154,39,4348,83.0,71.0,8.0,31.0
test,A1,Noise,nb,0.4,9,71,31,4260,,,,
test,A1,Noise,b,0.4,10,83,8,88,,,,
test,A1,Asm,all,0.41,104,1453,2,3481,602.0,851.0,2.0,0.0
test,A1,Asm,nb,0.41,95,851,0,2910,,,,
test,A1,Asm,b,0.41,9,602,2,571,,,,
test,A1,Babble,all,0.41,300,1377,35,2593,256.0,1121.0,13.0,22.0
test,A1,Babble,nb,0.41,282,1121,22,2320,,,,
test,A1,Babble,b,0.41,18,256,13,273,,,,
test,A1,Clean,all,0.41,4295,19,217,221,13.0,6.0,215.0,2.0
test,A1,Clean,nb,0.41,3940,6,2,166,,,,
test,A1,Clean,b,0.41,355,13,215,55,,,,
test,A1,Music,all,0.41,2197,376,119,2307,112.0,264.0,80.0,39.0
test,A1,Music,nb,0.41,2043,264,39,2135,,,,
test,A1,Music,b,0.41,154,112,80,172,,,,
test,A1,Noise,all,0.41,19,154,38,4349,83.0,71.0,8.0,30.0
test,A1,Noise,nb,0.41,9,71,30,4261,,,,
test,A1,Noise,b,0.41,10,83,8,88,,,,
test,A1,Asm,all,0.42,100,1457,2,3481,604.0,853.0,2.0,0.0
test,A1,Asm,nb,0.42,93,853,0,2910,,,,
test,A1,Asm,b,0.42,7,604,2,571,,,,
test,A1,Babble,all,0.42,285,1392,30,2598,258.0,1134.0,11.0,19.0
test,A1,Babble,nb,0.42,269,1134,19,2323,,,,
test,A1,Babble,b,0.42,16,258,11,275,,,,
test,A1,Clean,all,0.42,4294,20,214,224,14.0,6.0,212.0,2.0
test,A1,Clean,nb,0.42,3940,6,2,166,,,,
test,A1,Clean,b,0.42,354,14,212,58,,,,
test,A1,Music,all,0.42,2180,393,114,2312,115.0,278.0,78.0,36.0
test,A1,Music,nb,0.42,2029,278,36,2138,,,,
test,A1,Music,b,0.42,151,115,78,174,,,,
test,A1,Noise,all,0.42,19,154,36,4351,83.0,71.0,8.0,28.0
test,A1,Noise,nb,0.42,9,71,28,4263,,,,
test,A1,Noise,b,0.42,10,83,8,88,,,,
test,A1,Asm,all,0.43,97,1460,2,3481,604.0,856.0,2.0,0.0
test,A1,Asm,nb,0.43,90,856,0,2910,,,,
test,A1,Asm,b,0.43,7,604,2,571,,,,
test,A1,Babble,all,0.43,280,1397,29,2599,260.0,1137.0,11.0,18.0
test,A1,Babble,nb,0.43,266,1137,18,2324,,,,
test,A1,Babble,b,0.43,14,260,11,275,,,,
test,A1,Clean,all,0.43,4294,20,207,231,14.0,6.0,207.0,0.0
test,A1,Clean,nb,0.43,3940,6,0,168,,,,
test,A1,Clean,b,0.43,354,14,207,63,,,,
test,A1,Music,all,0.43,2173,400,108,2318,116.0,284.0,77.0,31.0
test,A1,Music,nb,0.43,2023,284,31,2143,,,,
test,A1,Music,b,0.43,150,116,77,175,,,,
test,A1,Noise,all,0.43,18,155,36,4351,84.0,71.0,8.0,28.0
test,A1,Noise,nb,0.43,9,71,28,4263,,,,
test,A1,Noise,b,0.43,9,84,8,88,,,,
test,A1,Asm,all,0.44,91,1466,1,3482,605.0,861.0,1.0,0.0
test,A1,Asm,nb,0.44,85,861,0,2910,,,,
test,A1,Asm,b,0.44,6,605,1,572,,,,
test,A1,Babble,all,0.44,270,1407,27,2601,262.0,1145.0,10.0,17.0
test,A1,Babble,nb,0.44,258,1145,17,2325,,,,
test,A1,Babble,b,0.44,12,262,10,276,,,,
test,A1,Clean,all,0.44,4291,23,205,233,16.0,7.0,205.0,0.0
test,A1,Clean,nb,0.44,3939,7,0,168,,,,
test,A1,Clean,b,0.44,352,16,205,65,,,,
test,A1,Music,all,0.44,2156,417,104,2322,119.0,298.0,74.0,30.0
test,A1,Music,nb,0.44,2009,298,30,2144,,,,
test,A1,Music,b,0.44,147,119,74,178,,,,
test,A1,Noise,all,0.44,17,156,33,4354,85.0,71.0,6.0,27.0
test,A1,Noise,nb,0.44,9,71,27,4264,,,,
test,A1,Noise,b,0.44,8,85,6,90,,,,
test,A1,Asm,all,0.45,81,1476,1,3482,605.0,871.0,1.0,0.0
test,A1,Asm,nb,0.45,75,871,0,2910,,,,
test,A1,Asm,b,0.45,6,605,1,572,,,,
test,A1,Babble,all,0.45,263,1414,25,2603,262.0,1152.0,10.0,15.0
test,A1,Babble,nb,0.45,251,1152,15,2327,,,,
test,A1,Babble,b,0.45,12,262,10,276,,,,
test,A1,Clean,all,0.45,4291,23,202,236,16.0,7.0,202.0,0.0
test,A1,Clean,nb,0.45,3939,7,0,168,,,,
test,A1,Clean,b,0.45,352,16,202,68,,,,
test,A1,Music,all,0.45,2139,434,99,2327,121.0,313.0,72.0,27.0
test,A1,Music,nb,0.45,1994,313,27,2147,,,,
test,A1,Music,b,0.45,145,121,72,180,,,,
test,A1,Noise,all,0.45,16,157,30,4357,86.0,71.0,6.0,24.0
test,A1,Noise,nb,0.45,9,71,24,4267,,,,
test,A1,Noise,b,0.45,7,86,6,90,,,,
test,A1,Asm,all,0.46,76,1481,1,3482,605.0,876.0,1.0,0.0
test,A1,Asm,nb,0.46,70,876,0,2910,,,,
test,A1,Asm,b,0.46,6,605,1,572,,,,
test,A1,Babble,all,0.46,257,1420,25,2603,263.0,1157.0,10.0,15.0
test,A1,Babble,nb,0.46,246,1157,15,2327,,,,
test,A1,Babble,b,0.46,11,263,10,276,,,,
test,A1,Clean,all,0.46,4290,24,201,237,17.0,7.0,201.0,0.0
test,A1,Clean,nb,0.46,3939,7,0,168,,,,
test,A1,Clean,b,0.46,351,17,201,69,,,,
test,A1,Music,all,0.46,2123,450,96,2330,122.0,328.0,70.0,26.0
test,A1,Music,nb,0.46,1979,328,26,2148,,,,
test,A1,Music,b,0.46,144,122,70,182,,,,
test,A1,Noise,all,0.46,16,157,26,4361,86.0,71.0,4.0,22.0
test,A1,Noise,nb,0.46,9,71,22,4269,,,,
test,A1,Noise,b,0.46,7,86,4,92,,,,
test,A1,Asm,all,0.47,70,1487,1,3482,607.0,880.0,1.0,0.0
test,A1,Asm,nb,0.47,66,880,0,2910,,,,
test,A1,Asm,b,0.47,4,607,1,572,,,,
test,A1,Babble,all,0.47,249,1428,21,2607,264.0,1164.0,9.0,12.0
test,A1,Babble,nb,0.47,239,1164,12,2330,,,,
test,A1,Babble,b,0.47,10,264,9,277,,,,
test,A1,Clean,all,0.47,4289,25,198,240,17.0,8.0,198.0,0.0
test,A1,Clean,nb,0.47,3938,8,0,168,,,,
test,A1,Clean,b,0.47,351,17,198,72,,,,
test,A1,Music,all,0.47,2109,464,89,2337,123.0,341.0,64.0,25.0
test,A1,Music,nb,0.47,1966,341,25,2149,,,,
test,A1,Music,b,0.47,143,123,64,188,,,,
test,A1,Noise,all,0.47,15,158,24,4363,87.0,71.0,3.0,21.0
test,A1,Noise,nb,0.47,9,71,21,4270,,,,
test,A1,Noise,b,0.47,6,87,3,93,,,,
test,A1,Asm,all,0.48,66,1491,0,3483,607.0,884.0,0.0,0.0
test,A1,Asm,nb,0.48,62,884,0,2910,,,,
test,A1,Asm,b,0.48,4,607,0,573,,,,
test,A1,Babble,all,0.48,239,1438,19,2609,266.0,1172.0,9.0,10.0
test,A1,Babble,nb,0.48,231,1172,10,2332,,,,
test,A1,Babble,b,0.48,8,266,9,277,,,,
test,A1,Clean,all,0.48,4288,26,195,243,17.0,9.0,195.0,0.0
test,A1,Clean,nb,0.48,3937,9,0,168,,,,
test,A1,Clean,b,0.48,351,17,195,75,,,,
test,A1,Music,all,0.48,2095,478,85,2341,124.0,354.0,62.0,23.0
test,A1,Music,nb,0.48,1953,354,23,2151,,,,
test,A1,Music,b,0.48,142,124,62,190,,,,
test,A1,Noise,all,0.48,13,160,24,4363,88.0,72.0,3.0,21.0
test,A1,Noise,nb,0.48,8,72,21,4270,,,,
test,A1,Noise,b,0.48,5,88,3,93,,,,
test,A1,Asm,all,0.49,62,1495,0,3483,608.0,887.0,0.0,0.0
test,A1,Asm,nb,0.49,59,887,0,2910,,,,
test,A1,Asm,b,0.49,3,608,0,573,,,,
test,A1,Babble,all,0.49,228,1449,16,2612,266.0,1183.0,8.0,8.0
test,A1,Babble,nb,0.49,220,1183,8,2334,,,,
test,A1,Babble,b,0.49,8,266,8,278,,,,
test,A1,Clean,all,0.49,4287,27,195,243,18.0,9.0,195.0,0.0
test,A1,Clean,nb,0.49,3937,9,0,168,,,,
test,A1,Clean,b,0.49,350,18,195,75,,,,
test,A1,Music,all,0.49,2081,492,81,2345,126.0,366.0,59.0,22.0
test,A1,Music,nb,0.49,1941,366,22,2152,,,,
test,A1,Music,b,0.49,140,126,59,193,,,,
test,A1,Noise,all,0.49,11,162,24,4363,89.0,73.0,3.0,21.0
test,A1,Noise,nb,0.49,7,73,21,4270,,,,
test,A1,Noise,b,0.49,4,89,3,93,,,,
test,A1,Asm,all,0.5,61,1496,0,3483,608.0,888.0,0.0,0.0
test,A1,Asm,nb,0.5,58,888,0,2910,,,,
test,A1,Asm,b,0.5,3,608,0,573,,,,
test,A1,Babble,all,0.5,218,1459,16,2612,266.0,1193.0,8.0,8.0
test,A1,Babble,nb,0.5,210,1193,8,2334,,,,
test,A1,Babble,b,0.5,8,266,8,278,,,,
test,A1,Clean,all,0.5,4286,28,191,247,19.0,9.0,191.0,0.0
test,A1,Clean,nb,0.5,3937,9,0,168,,,,
test,A1,Clean,b,0.5,349,19,191,79,,,,
test,A1,Music,all,0.5,2065,508,79,2347,127.0,381.0,59.0,20.0
test,A1,Music,nb,0.5,1926,381,20,2154,,,,
test,A1,Music,b,0.5,139,127,59,193,,,,
test,A1,Noise,all,0.5,11,162,20,4367,89.0,73.0,3.0,17.0
test,A1,Noise,nb,0.5,7,73,17,4274,,,,
test,A1,Noise,b,0.5,4,89,3,93,,,,
test,A1,Asm,all,0.51,60,1497,0,3483,609.0,888.0,0.0,0.0
test,A1,Asm,nb,0.51,58,888,0,2910,,,,
test,A1,Asm,b,0.51,2,609,0,573,,,,
test,A1,Babble,all,0.51,213,1464,14,2614,266.0,1198.0,6.0,8.0
test,A1,Babble,nb,0.51,205,1198,8,2334,,,,
test,A1,Babble,b,0.51,8,266,6,280,,,,
test,A1,Clean,all,0.51,4286,28,188,250,19.0,9.0,188.0,0.0
test,A1,Clean,nb,0.51,3937,9,0,168,,,,
test,A1,Clean,b,0.51,349,19,188,82,,,,
test,A1,Music,all,0.51,2050,523,75,2351,129.0,394.0,56.0,19.0
test,A1,Music,nb,0.51,1913,394,19,2155,,,,
test,A1,Music,b,0.51,137,129,56,196,,,,
test,A1,Noise,all,0.51,11,162,19,4368,89.0,73.0,3.0,16.0
test,A1,Noise,nb,0.51,7,73,16,4275,,,,
test,A1,Noise,b,0.51,4,89,3,93,,,,
test,A1,Asm,all,0.52,55,1502,0,3483,609.0,893.0,0.0,0.0
test,A1,Asm,nb,0.52,53,893,0,2910,,,,
test,A1,Asm,b,0.52,2,609,0,573,,,,
test,A1,Babble,all,0.52,208,1469,14,2614,266.0,1203.0,6.0,8.0
test,A1,Babble,nb,0.52,200,1203,8,2334,,,,
test,A1,Babble,b,0.52,8,266,6,280,,,,
test,A1,Clean,all,0.52,4285,29,182,256,20.0,9.0,182.0,0.0
test,A1,Clean,nb,0.52,3937,9,0,168,,,,
test,A1,Clean,b,0.52,348,20,182,88,,,,
test,A1,Music,all,0.52,2029,544,72,2354,133.0,411.0,53.0,19.0
test,A1,Music,nb,0.52,1896,411,19,2155,,,,
test,A1,Music,b,0.52,133,133,53,199,,,,
test,A1,Noise,all,0.52,11,162,19,4368,89.0,73.0,3.0,16.0
test,A1,Noise,nb,0.52,7,73,16,4275,,,,
test,A1,Noise,b,0.52,4,89,3,93,,,,
test,A1,Asm,all,0.53,54,1503,0,3483,609.0,894.0,0.0,0.0
test,A1,Asm,nb,0.53,52,894,0,2910,,,,
test,A1,Asm,b,0.53,2,609,0,573,,,,
test,A1,Babble,all,0.53,200,1477,13,2615,266.0,1211.0,6.0,7.0
test,A1,Babble,nb,0.53,192,1211,7,2335,,,,
test,A1,Babble,b,0.53,8,266,6,280,,,,
test,A1,Clean,all,0.53,4284,30,181,257,20.0,10.0,181.0,0.0
test,A1,Clean,nb,0.53,3936,10,0,168,,,,
test,A1,Clean,b,0.53,348,20,181,89,,,,
test,A1,Music,all,0.53,2003,570,69,2357,138.0,432.0,50.0,19.0
test,A1,Music,nb,0.53,1875,432,19,2155,,,,
test,A1,Music,b,0.53,128,138,50,202,,,,
test,A1,Noise,all,0.53,10,163,18,4369,89.0,74.0,3.0,15.0
test,A1,Noise,nb,0.53,6,74,15,4276,,,,
test,A1,Noise,b,0.53,4,89,3,93,,,,
test,A1,Asm,all,0.54,51,1506,0,3483,609.0,897.0,0.0,0.0
test,A1,Asm,nb,0.54,49,897,0,2910,,,,
test,A1,Asm,b,0.54,2,609,0,573,,,,
test,A1,Babble,all,0.54,195,1482,10,2618,266.0,1216.0,5.0,5.0
test,A1,Babble,nb,0.54,187,1216,5,2337,,,,
test,A1,Babble,b,0.54,8,266,5,281,,,,
test,A1,Clean,all,0.54,4279,35,177,261,21.0,14.0,177.0,0.0
test,A1,Clean,nb,0.54,3932,14,0,168,,,,
test,A1,Clean,b,0.54,347,21,177,93,,,,
test,A1,Music,all,0.54,1975,598,65,2361,144.0,454.0,48.0,17.0
test,A1,Music,nb,0.54,1853,454,17,2157,,,,
test,A1,Music,b,0.54,122,144,48,204,,,,
test,A1,Noise,all,0.54,10,163,18,4369,89.0,74.0,3.0,15.0
test,A1,Noise,nb,0.54,6,74,15,4276,,,,
test,A1,Noise,b,0.54,4,89,3,93,,,,
test,A1,Asm,all,0.55,48,1509,0,3483,609.0,900.0,0.0,0.0
test,A1,Asm,nb,0.55,46,900,0,2910,,,,
test,A1,Asm,b,0.55,2,609,0,573,,,,
test,A1,Babble,all,0.55,190,1487,9,2619,266.0,1221.0,5.0,4.0
test,A1,Babble,nb,0.55,182,1221,4,2338,,,,
test,A1,Babble,b,0.55,8,266,5,281,,,,
test,A1,Clean,all,0.55,4279,35,172,266,21.0,14.0,172.0,0.0
test,A1,Clean,nb,0.55,3932,14,0,168,,,,
test,A1,Clean,b,0.55,347,21,172,98,,,,
test,A1,Music,all,0.55,1957,616,64,2362,146.0,470.0,47.0,17.0
test,A1,Music,nb,0.55,1837,470,17,2157,,,,
test,A1,Music,b,0.55,120,146,47,205,,,,
test,A1,Noise,all,0.55,10,163,17,4370,89.0,74.0,3.0,14.0
test,A1,Noise,nb,0.55,6,74,14,4277,,,,
test,A1,Noise,b,0.55,4,89,3,93,,,,
test,A1,Asm,all,0.56,44,1513,0,3483,609.0,904.0,0.0,0.0
test,A1,Asm,nb,0.56,42,904,0,2910,,,,
test,A1,Asm,b,0.56,2,609,0,573,,,,
test,A1,Babble,all,0.56,181,1496,6,2622,266.0,1230.0,4.0,2.0
test,A1,Babble,nb,0.56,173,1230,2,2340,,,,
test,A1,Babble,b,0.56,8,266,4,282,,,,
test,A1,Clean,all,0.56,4277,37,170,268,22.0,15.0,170.0,0.0
test,A1,Clean,nb,0.56,3931,15,0,168,,,,
test,A1,Clean,b,0.56,346,22,170,100,,,,
test,A1,Music,all,0.56,1936,637,61,2365,146.0,491.0,45.0,16.0
test,A1,Music,nb,0.56,1816,491,16,2158,,,,
test,A1,Music,b,0.56,120,146,45,207,,,,
test,A1,Noise,all,0.56,10,163,14,4373,89.0,74.0,3.0,11.0
test,A1,Noise,nb,0.56,6,74,11,4280,,,,
test,A1,Noise,b,0.56,4,89,3,93,,,,
test,A1,Asm,all,0.57,43,1514,0,3483,609.0,905.0,0.0,0.0
test,A1,Asm,nb,0.57,41,905,0,2910,,,,
test,A1,Asm,b,0.57,2,609,0,573,,,,
test,A1,Babble,all,0.57,178,1499,5,2623,266.0,1233.0,3.0,2.0
test,A1,Babble,nb,0.57,170,1233,2,2340,,,,
test,A1,Babble,b,0.57,8,266,3,283,,,,
test,A1,Clean,all,0.57,4276,38,165,273,22.0,16.0,165.0,0.0
test,A1,Clean,nb,0.57,3930,16,0,168,,,,
test,A1,Clean,b,0.57,346,22,165,105,,,,
test,A1,Music,all,0.57,1915,658,58,2368,149.0,509.0,42.0,16.0
test,A1,Music,nb,0.57,1798,509,16,2158,,,,
test,A1,Music,b,0.57,117,149,42,210,,,,
test,A1,Noise,all,0.57,9,164,14,4373,89.0,75.0,3.0,11.0
test,A1,Noise,nb,0.57,5,75,11,4280,,,,
test,A1,Noise,b,0.57,4,89,3,93,,,,
test,A1,Asm,all,0.58,41,1516,0,3483,610.0,906.0,0.0,0.0
test,A1,Asm,nb,0.58,40,906,0,2910,,,,
test,A1,Asm,b,0.58,1,610,0,573,,,,
test,A1,Babble,all,0.58,172,1505,4,2624,266.0,1239.0,3.0,1.0
test,A1,Babble,nb,0.58,164,1239,1,2341,,,,
test,A1,Babble,b,0.58,8,266,3,283,,,,
test,A1,Clean,all,0.58,4275,39,163,275,23.0,16.0,163.0,0.0
test,A1,Clean,nb,0.58,3930,16,0,168,,,,
test,A1,Clean,b,0.58,345,23,163,107,,,,
test,A1,Music,all,0.58,1900,673,56,2370,150.0,523.0,40.0,16.0
test,A1,Music,nb,0.58,1784,523,16,2158,,,,
test,A1,Music,b,0.58,116,150,40,212,,,,
test,A1,Noise,all,0.58,8,165,13,4374,90.0,75.0,3.0,10.0
test,A1,Noise,nb,0.58,5,75,10,4281,,,,
test,A1,Noise,b,0.58,3,90,3,93,,,,
test,A1,Asm,all,0.59,40,1517,0,3483,610.0,907.0,0.0,0.0
test,A1,Asm,nb,0.59,39,907,0,2910,,,,
test,A1,Asm,b,0.59,1,610,0,573,,,,
test,A1,Babble,all,0.59,170,1507,4,2624,266.0,1241.0,3.0,1.0
test,A1,Babble,nb,0.59,162,1241,1,2341,,,,
test,A1,Babble,b,0.59,8,266,3,283,,,,
test,A1,Clean,all,0.59,4273,41,159,279,24.0,17.0,159.0,0.0
test,A1,Clean,nb,0.59,3929,17,0,168,,,,
test,A1,Clean,b,0.59,344,24,159,111,,,,
test,A1,Music,all,0.59,1881,692,50,2376,153.0,539.0,36.0,14.0
test,A1,Music,nb,0.59,1768,539,14,2160,,,,
test,A1,Music,b,0.59,113,153,36,216,,,,
test,A1,Noise,all,0.59,8,165,13,4374,90.0,75.0,3.0,10.0
test,A1,Noise,nb,0.59,5,75,10,4281,,,,
test,A1,Noise,b,0.59,3,90,3,93,,,,
test,A1,Asm,all,0.6,37,1520,0,3483,610.0,910.0,0.0,0.0
test,A1,Asm,nb,0.6,36,910,0,2910,,,,
test,A1,Asm,b,0.6,1,610,0,573,,,,
test,A1,Babble,all,0.6,164,1513,4,2624,266.0,1247.0,3.0,1.0
test,A1,Babble,nb,0.6,156,1247,1,2341,,,,
test,A1,Babble,b,0.6,8,266,3,283,,,,
test,A1,Clean,all,0.6,4271,43,156,282,26.0,17.0,156.0,0.0
test,A1,Clean,nb,0.6,3929,17,0,168,,,,
test,A1,Clean,b,0.6,342,26,156,114,,,,
test,A1,Music,all,0.6,1851,722,48,2378,155.0,567.0,35.0,13.0
test,A1,Music,nb,0.6,1740,567,13,2161,,,,
test,A1,Music,b,0.6,111,155,35,217,,,,
test,A1,Noise,all,0.6,8,165,12,4375,90.0,75.0,3.0,9.0
test,A1,Noise,nb,0.6,5,75,9,4282,,,,
test,A1,Noise,b,0.6,3,90,3,93,,,,
test,A1,Asm,all,0.61,32,1525,0,3483,610.0,915.0,0.0,0.0
test,A1,Asm,nb,0.61,31,915,0,2910,,,,
test,A1,Asm,b,0.61,1,610,0,573,,,,
test,A1,Babble,all,0.61,161,1516,3,2625,266.0,1250.0,2.0,1.0
test,A1,Babble,nb,0.61,153,1250,1,2341,,,,
test,A1,Babble,b,0.61,8,266,2,284,,,,
test,A1,Clean,all,0.61,4268,46,152,286,29.0,17.0,152.0,0.0
test,A1,Clean,nb,0.61,3929,17,0,168,,,,
test,A1,Clean,b,0.61,339,29,152,118,,,,
test,A1,Music,all,0.61,1836,737,45,2381,157.0,580.0,33.0,12.0
test,A1,Music,nb,0.61,1727,580,12,2162,,,,
test,A1,Music,b,0.61,109,157,33,219,,,,
test,A1,Noise,all,0.61,8,165,11,4376,90.0,75.0,3.0,8.0
test,A1,Noise,nb,0.61,5,75,8,4283,,,,
test,A1,Noise,b,0.61,3,90,3,93,,,,
test,A1,Asm,all,0.62,31,1526,0,3483,610.0,916.0,0.0,0.0
test,A1,Asm,nb,0.62,30,916,0,2910,,,,
test,A1,Asm,b,0.62,1,610,0,573,,,,
test,A1,Babble,all,0.62,154,1523,3,2625,266.0,1257.0,2.0,1.0
test,A1,Babble,nb,0.62,146,1257,1,2341,,,,
test,A1,Babble,b,0.62,8,266,2,284,,,,
test,A1,Clean,all,0.62,4267,47,147,291,29.0,18.0,147.0,0.0
test,A1,Clean,nb,0.62,3928,18,0,168,,,,
test,A1,Clean,b,0.62,339,29,147,123,,,,
test,A1,Music,all,0.62,1809,764,44,2382,163.0,601.0,32.0,12.0
test,A1,Music,nb,0.62,1706,601,12,2162,,,,
test,A1,Music,b,0.62,103,163,32,220,,,,
test,A1,Noise,all,0.62,7,166,10,4377,90.0,76.0,3.0,7.0
test,A1,Noise,nb,0.62,4,76,7,4284,,,,
test,A1,Noise,b,0.62,3,90,3,93,,,,
test,A1,Asm,all,0.63,31,1526,0,3483,610.0,916.0,0.0,0.0
test,A1,Asm,nb,0.63,30,916,0,2910,,,,
test,A1,Asm,b,0.63,1,610,0,573,,,,
test,A1,Babble,all,0.63,147,1530,2,2626,266.0,1264.0,2.0,0.0
test,A1,Babble,nb,0.63,139,1264,0,2342,,,,
test,A1,Babble,b,0.63,8,266,2,284,,,,
test,A1,Clean,all,0.63,4263,51,146,292,32.0,19.0,146.0,0.0
test,A1,Clean,nb,0.63,3927,19,0,168,,,,
test,A1,Clean,b,0.63,336,32,146,124,,,,
test,A1,Music,all,0.63,1780,793,39,2387,165.0,628.0,29.0,10.0
test,A1,Music,nb,0.63,1679,628,10,2164,,,,
test,A1,Music,b,0.63,101,165,29,223,,,,
test,A1,Noise,all,0.63,6,167,9,4378,90.0,77.0,3.0,6.0
test,A1,Noise,nb,0.63,3,77,6,4285,,,,
test,A1,Noise,b,0.63,3,90,3,93,,,,
test,A1,Asm,all,0.64,30,1527,0,3483,610.0,917.0,0.0,0.0
test,A1,Asm,nb,0.64,29,917,0,2910,,,,
test,A1,Asm,b,0.64,1,610,0,573,,,,
test,A1,Babble,all,0.64,142,1535,1,2627,266.0,1269.0,1.0,0.0
test,A1,Babble,nb,0.64,134,1269,0,2342,,,,
test,A1,Babble,b,0.64,8,266,1,285,,,,
test,A1,Clean,all,0.64,4263,51,146,292,32.0,19.0,146.0,0.0
test,A1,Clean,nb,0.64,3927,19,0,168,,,,
test,A1,Clean,b,0.64,336,32,146,124,,,,
test,A1,Music,all,0.64,1758,815,37,2389,169.0,646.0,27.0,10.0
test,A1,Music,nb,0.64,1661,646,10,2164,,,,
test,A1,Music,b,0.64,97,169,27,225,,,,
test,A1,Noise,all,0.64,6,167,9,4378,90.0,77.0,3.0,6.0
test,A1,Noise,nb,0.64,3,77,6,4285,,,,
test,A1,Noise,b,0.64,3,90,3,93,,,,
test,A1,Asm,all,0.65,29,1528,0,3483,610.0,918.0,0.0,0.0
test,A1,Asm,nb,0.65,28,918,0,2910,,,,
test,A1,Asm,b,0.65,1,610,0,573,,,,
test,A1,Babble,all,0.65,137,1540,1,2627,267.0,1273.0,1.0,0.0
test,A1,Babble,nb,0.65,130,1273,0,2342,,,,
test,A1,Babble,b,0.65,7,267,1,285,,,,
test,A1,Clean,all,0.65,4261,53,144,294,33.0,20.0,144.0,0.0
test,A1,Clean,nb,0.65,3926,20,0,168,,,,
test,A1,Clean,b,0.65,335,33,144,126,,,,
test,A1,Music,all,0.65,1734,839,34,2392,171.0,668.0,24.0,10.0
test,A1,Music,nb,0.65,1639,668,10,2164,,,,
test,A1,Music,b,0.65,95,171,24,228,,,,
test,A1,Noise,all,0.65,6,167,8,4379,90.0,77.0,3.0,5.0
test,A1,Noise,nb,0.65,3,77,5,4286,,,,
test,A1,Noise,b,0.65,3,90,3,93,,,,
test,A1,Asm,all,0.66,27,1530,0,3483,610.0,920.0,0.0,0.0
test,A1,Asm,nb,0.66,26,920,0,2910,,,,
test,A1,Asm,b,0.66,1,610,0,573,,,,
test,A1,Babble,all,0.66,132,1545,1,2627,267.0,1278.0,1.0,0.0
test,A1,Babble,nb,0.66,125,1278,0,2342,,,,
test,A1,Babble,b,0.66,7,267,1,285,,,,
test,A1,Clean,all,0.66,4261,53,143,295,33.0,20.0,143.0,0.0
test,A1,Clean,nb,0.66,3926,20,0,168,,,,
test,A1,Clean,b,0.66,335,33,143,127,,,,
test,A1,Music,all,0.66,1710,863,32,2394,174.0,689.0,23.0,9.0
test,A1,Music,nb,0.66,1618,689,9,2165,,,,
test,A1,Music,b,0.66,92,174,23,229,,,,
test,A1,Noise,all,0.66,6,167,6,4381,90.0,77.0,2.0,4.0
test,A1,Noise,nb,0.66,3,77,4,4287,,,,
test,A1,Noise,b,0.66,3,90,2,94,,,,
test,A1,Asm,all,0.67,26,1531,0,3483,610.0,921.0,0.0,0.0
test,A1,Asm,nb,0.67,25,921,0,2910,,,,
test,A1,Asm,b,0.67,1,610,0,573,,,,
test,A1,Babble,all,0.67,128,1549,1,2627,267.0,1282.0,1.0,0.0
test,A1,Babble,nb,0.67,121,1282,0,2342,,,,
test,A1,Babble,b,0.67,7,267,1,285,,,,
test,A1,Clean,all,0.67,4256,58,142,296,37.0,21.0,142.0,0.0
test,A1,Clean,nb,0.67,3925,21,0,168,,,,
test,A1,Clean,b,0.67,331,37,142,128,,,,
test,A1,Music,all,0.67,1689,884,31,2395,175.0,709.0,22.0,9.0
test,A1,Music,nb,0.67,1598,709,9,2165,,,,
test,A1,Music,b,0.67,91,175,22,230,,,,
test,A1,Noise,all,0.67,5,168,5,4382,90.0,78.0,2.0,3.0
test,A1,Noise,nb,0.67,2,78,3,4288,,,,
test,A1,Noise,b,0.67,3,90,2,94,,,,
test,A1,Asm,all,0.68,26,1531,0,3483,610.0,921.0,0.0,0.0
test,A1,Asm,nb,0.68,25,921,0,2910,,,,
test,A1,Asm,b,0.68,1,610,0,573,,,,
test,A1,Babble,all,0.68,121,1556,1,2627,267.0,1289.0,1.0,0.0
test,A1,Babble,nb,0.68,114,1289,0,2342,,,,
test,A1,Babble,b,0.68,7,267,1,285,,,,
test,A1,Clean,all,0.68,4252,62,140,298,40.0,22.0,140.0,0.0
test,A1,Clean,nb,0.68,3924,22,0,168,,,,
test,A1,Clean,b,0.68,328,40,140,130,,,,
test,A1,Music,all,0.68,1663,910,31,2395,177.0,733.0,22.0,9.0
test,A1,Music,nb,0.68,1574,733,9,2165,,,,
test,A1,Music,b,0.68,89,177,22,230,,,,
test,A1,Noise,all,0.68,4,169,5,4382,91.0,78.0,2.0,3.0
test,A1,Noise,nb,0.68,2,78,3,4288,,,,
test,A1,Noise,b,0.68,2,91,2,94,,,,
test,A1,Asm,all,0.69,24,1533,0,3483,611.0,922.0,0.0,0.0
test,A1,Asm,nb,0.69,24,922,0,2910,,,,
test,A1,Asm,b,0.69,0,611,0,573,,,,
test,A1,Babble,all,0.69,120,1557,1,2627,267.0,1290.0,1.0,0.0
test,A1,Babble,nb,0.69,113,1290,0,2342,,,,
test,A1,Babble,b,0.69,7,267,1,285,,,,
test,A1,Clean,all,0.69,4248,66,140,298,43.0,23.0,140.0,0.0
test,A1,Clean,nb,0.69,3923,23,0,168,,,,
test,A1,Clean,b,0.69,325,43,140,130,,,,
test,A1,Music,all,0.69,1637,936,26,2400,179.0,757.0,18.0,8.0
test,A1,Music,nb,0.69,1550,757,8,2166,,,,
test,A1,Music,b,0.69,87,179,18,234,,,,
test,A1,Noise,all,0.69,4,169,5,4382,91.0,78.0,2.0,3.0
test,A1,Noise,nb,0.69,2,78,3,4288,,,,
test,A1,Noise,b,0.69,2,91,2,94,,,,
test,A1,Asm,all,0.7,21,1536,0,3483,611.0,925.0,0.0,0.0
test,A1,Asm,nb,0.7,21,925,0,2910,,,,
test,A1,Asm,b,0.7,0,611,0,573,,,,
test,A1,Babble,all,0.7,118,1559,1,2627,268.0,1291.0,1.0,0.0
test,A1,Babble,nb,0.7,112,1291,0,2342,,,,
test,A1,Babble,b,0.7,6,268,1,285,,,,
test,A1,Clean,all,0.7,4244,70,139,299,45.0,25.0,139.0,0.0
test,A1,Clean,nb,0.7,3921,25,0,168,,,,
test,A1,Clean,b,0.7,323,45,139,131,,,,
test,A1,Music,all,0.7,1615,958,25,2401,185.0,773.0,18.0,7.0
test,A1,Music,nb,0.7,1534,773,7,2167,,,,
test,A1,Music,b,0.7,81,185,18,234,,,,
test,A1,Noise,all,0.7,4,169,5,4382,91.0,78.0,2.0,3.0
test,A1,Noise,nb,0.7,2,78,3,4288,,,,
test,A1,Noise,b,0.7,2,91,2,94,,,,
test,A1,Asm,all,0.71,21,1536,0,3483,611.0,925.0,0.0,0.0
test,A1,Asm,nb,0.71,21,925,0,2910,,,,
test,A1,Asm,b,0.71,0,611,0,573,,,,
test,A1,Babble,all,0.71,116,1561,1,2627,268.0,1293.0,1.0,0.0
test,A1,Babble,nb,0.71,110,1293,0,2342,,,,
test,A1,Babble,b,0.71,6,268,1,285,,,,
test,A1,Clean,all,0.71,4241,73,135,303,47.0,26.0,135.0,0.0
test,A1,Clean,nb,0.71,3920,26,0,168,,,,
test,A1,Clean,b,0.71,321,47,135,135,,,,
test,A1,Music,all,0.71,1588,985,24,2402,188.0,797.0,17.0,7.0
test,A1,Music,nb,0.71,1510,797,7,2167,,,,
test,A1,Music,b,0.71,78,188,17,235,,,,
test,A1,Noise,all,0.71,4,169,4,4383,91.0,78.0,2.0,2.0
test,A1,Noise,nb,0.71,2,78,2,4289,,,,
test,A1,Noise,b,0.71,2,91,2,94,,,,
test,A1,Asm,all,0.72,18,1539,0,3483,611.0,928.0,0.0,0.0
test,A1,Asm,nb,0.72,18,928,0,2910,,,,
test,A1,Asm,b,0.72,0,611,0,573,,,,
test,A1,Babble,all,0.72,111,1566,1,2627,269.0,1297.0,1.0,0.0
test,A1,Babble,nb,0.72,106,1297,0,2342,,,,
test,A1,Babble,b,0.72,5,269,1,285,,,,
test,A1,Clean,all,0.72,4239,75,131,307,49.0,26.0,131.0,0.0
test,A1,Clean,nb,0.72,3920,26,0,168,,,,
test,A1,Clean,b,0.72,319,49,131,139,,,,
test,A1,Music,all,0.72,1550,1023,24,2402,195.0,828.0,17.0,7.0
test,A1,Music,nb,0.72,1479,828,7,2167,,,,
test,A1,Music,b,0.72,71,195,17,235,,,,
test,A1,Noise,all,0.72,4,169,4,4383,91.0,78.0,2.0,2.0
test,A1,Noise,nb,0.72,2,78,2,4289,,,,
test,A1,Noise,b,0.72,2,91,2,94,,,,
test,A1,Asm,all,0.73,17,1540,0,3483,611.0,929.0,0.0,0.0
test,A1,Asm,nb,0.73,17,929,0,2910,,,,
test,A1,Asm,b,0.73,0,611,0,573,,,,
test,A1,Babble,all,0.73,105,1572,1,2627,270.0,1302.0,1.0,0.0
test,A1,Babble,nb,0.73,101,1302,0,2342,,,,
test,A1,Babble,b,0.73,4,270,1,285,,,,
test,A1,Clean,all,0.73,4236,78,127,311,52.0,26.0,127.0,0.0
test,A1,Clean,nb,0.73,3920,26,0,168,,,,
test,A1,Clean,b,0.73,316,52,127,143,,,,
test,A1,Music,all,0.73,1526,1047,21,2405,196.0,851.0,14.0,7.0
test,A1,Music,nb,0.73,1456,851,7,2167,,,,
test,A1,Music,b,0.73,70,196,14,238,,,,
test,A1,Noise,all,0.73,4,169,2,4385,91.0,78.0,1.0,1.0
test,A1,Noise,nb,0.73,2,78,1,4290,,,,
test,A1,Noise,b,0.73,2,91,1,95,,,,
test,A1,Asm,all,0.74,16,1541,0,3483,611.0,930.0,0.0,0.0
test,A1,Asm,nb,0.74,16,930,0,2910,,,,
test,A1,Asm,b,0.74,0,611,0,573,,,,
test,A1,Babble,all,0.74,98,1579,1,2627,271.0,1308.0,1.0,0.0
test,A1,Babble,nb,0.74,95,1308,0,2342,,,,
test,A1,Babble,b,0.74,3,271,1,285,,,,
test,A1,Clean,all,0.74,4230,84,125,313,55.0,29.0,125.0,0.0
test,A1,Clean,nb,0.74,3917,29,0,168,,,,
test,A1,Clean,b,0.74,313,55,125,145,,,,
test,A1,Music,all,0.74,1500,1073,19,2407,200.0,873.0,12.0,7.0
test,A1,Music,nb,0.74,1434,873,7,2167,,,,
test,A1,Music,b,0.74,66,200,12,240,,,,
test,A1,Noise,all,0.74,4,169,2,4385,91.0,78.0,1.0,1.0
test,A1,Noise,nb,0.74,2,78,1,4290,,,,
test,A1,Noise,b,0.74,2,91,1,95,,,,
test,A1,Asm,all,0.75,16,1541,0,3483,611.0,930.0,0.0,0.0
test,A1,Asm,nb,0.75,16,930,0,2910,,,,
test,A1,Asm,b,0.75,0,611,0,573,,,,
test,A1,Babble,all,0.75,91,1586,1,2627,272.0,1314.0,1.0,0.0
test,A1,Babble,nb,0.75,89,1314,0,2342,,,,
test,A1,Babble,b,0.75,2,272,1,285,,,,
test,A1,Clean,all,0.75,4225,89,122,316,59.0,30.0,122.0,0.0
test,A1,Clean,nb,0.75,3916,30,0,168,,,,
test,A1,Clean,b,0.75,309,59,122,148,,,,
test,A1,Music,all,0.75,1471,1102,18,2408,202.0,900.0,12.0,6.0
test,A1,Music,nb,0.75,1407,900,6,2168,,,,
test,A1,Music,b,0.75,64,202,12,240,,,,
test,A1,Noise,all,0.75,4,169,2,4385,91.0,78.0,1.0,1.0
test,A1,Noise,nb,0.75,2,78,1,4290,,,,
test,A1,Noise,b,0.75,2,91,1,95,,,,
test,A1,Asm,all,0.76,13,1544,0,3483,611.0,933.0,0.0,0.0
test,A1,Asm,nb,0.76,13,933,0,2910,,,,
test,A1,Asm,b,0.76,0,611,0,573,,,,
test,A1,Babble,all,0.76,85,1592,0,2628,272.0,1320.0,0.0,0.0
test,A1,Babble,nb,0.76,83,1320,0,2342,,,,
test,A1,Babble,b,0.76,2,272,0,286,,,,
test,A1,Clean,all,0.76,4221,93,112,326,60.0,33.0,112.0,0.0
test,A1,Clean,nb,0.76,3913,33,0,168,,,,
test,A1,Clean,b,0.76,308,60,112,158,,,,
test,A1,Music,all,0.76,1431,1142,17,2409,204.0,938.0,12.0,5.0
test,A1,Music,nb,0.76,1369,938,5,2169,,,,
test,A1,Music,b,0.76,62,204,12,240,,,,
test,A1,Noise,all,0.76,3,170,2,4385,92.0,78.0,1.0,1.0
test,A1,Noise,nb,0.76,2,78,1,4290,,,,
test,A1,Noise,b,0.76,1,92,1,95,,,,
test,A1,Asm,all,0.77,11,1546,0,3483,611.0,935.0,0.0,0.0
test,A1,Asm,nb,0.77,11,935,0,2910,,,,
test,A1,Asm,b,0.77,0,611,0,573,,,,
test,A1,Babble,all,0.77,81,1596,0,2628,272.0,1324.0,0.0,0.0
test,A1,Babble,nb,0.77,79,1324,0,2342,,,,
test,A1,Babble,b,0.77,2,272,0,286,,,,
test,A1,Clean,all,0.77,4218,96,109,329,61.0,35.0,109.0,0.0
test,A1,Clean,nb,0.77,3911,35,0,168,,,,
test,A1,Clean,b,0.77,307,61,109,161,,,,
test,A1,Music,all,0.77,1402,1171,17,2409,206.0,965.0,12.0,5.0
test,A1,Music,nb,0.77,1342,965,5,2169,,,,
test,A1,Music,b,0.77,60,206,12,240,,,,
test,A1,Noise,all,0.77,3,170,2,4385,92.0,78.0,1.0,1.0
test,A1,Noise,nb,0.77,2,78,1,4290,,,,
test,A1,Noise,b,0.77,1,92,1,95,,,,
test,A1,Asm,all,0.78,11,1546,0,3483,611.0,935.0,0.0,0.0
test,A1,Asm,nb,0.78,11,935,0,2910,,,,
test,A1,Asm,b,0.78,0,611,0,573,,,,
test,A1,Babble,all,0.78,74,1603,0,2628,272.0,1331.0,0.0,0.0
test,A1,Babble,nb,0.78,72,1331,0,2342,,,,
test,A1,Babble,b,0.78,2,272,0,286,,,,
test,A1,Clean,all,0.78,4210,104,106,332,65.0,39.0,106.0,0.0
test,A1,Clean,nb,0.78,3907,39,0,168,,,,
test,A1,Clean,b,0.78,303,65,106,164,,,,
test,A1,Music,all,0.78,1365,1208,14,2412,210.0,998.0,9.0,5.0
test,A1,Music,nb,0.78,1309,998,5,2169,,,,
test,A1,Music,b,0.78,56,210,9,243,,,,
test,A1,Noise,all,0.78,2,171,1,4386,93.0,78.0,0.0,1.0
test,A1,Noise,nb,0.78,2,78,1,4290,,,,
test,A1,Noise,b,0.78,0,93,0,96,,,,
test,A1,Asm,all,0.79,11,1546,0,3483,611.0,935.0,0.0,0.0
test,A1,Asm,nb,0.79,11,935,0,2910,,,,
test,A1,Asm,b,0.79,0,611,0,573,,,,
test,A1,Babble,all,0.79,72,1605,0,2628,272.0,1333.0,0.0,0.0
test,A1,Babble,nb,0.79,70,1333,0,2342,,,,
test,A1,Babble,b,0.79,2,272,0,286,,,,
test,A1,Clean,all,0.79,4202,112,104,334,72.0,40.0,104.0,0.0
test,A1,Clean,nb,0.79,3906,40,0,168,,,,
test,A1,Clean,b,0.79,296,72,104,166,,,,
test,A1,Music,all,0.79,1342,1231,13,2413,212.0,1019.0,8.0,5.0
test,A1,Music,nb,0.79,1288,1019,5,2169,,,,
test,A1,Music,b,0.79,54,212,8,244,,,,
test,A1,Noise,all,0.79,2,171,1,4386,93.0,78.0,0.0,1.0
test,A1,Noise,nb,0.79,2,78,1,4290,,,,
test,A1,Noise,b,0.79,0,93,0,96,,,,
test,A1,Asm,all,0.8,10,1547,0,3483,611.0,936.0,0.0,0.0
test,A1,Asm,nb,0.8,10,936,0,2910,,,,
test,A1,Asm,b,0.8,0,611,0,573,,,,
test,A1,Babble,all,0.8,65,1612,0,2628,272.0,1340.0,0.0,0.0
test,A1,Babble,nb,0.8,63,1340,0,2342,,,,
test,A1,Babble,b,0.8,2,272,0,286,,,,
test,A1,Clean,all,0.8,4197,117,101,337,75.0,42.0,101.0,0.0
test,A1,Clean,nb,0.8,3904,42,0,168,,,,
test,A1,Clean,b,0.8,293,75,101,169,,,,
test,A1,Music,all,0.8,1310,1263,9,2417,215.0,1048.0,6.0,3.0
test,A1,Music,nb,0.8,1259,1048,3,2171,,,,
test,A1,Music,b,0.8,51,215,6,246,,,,
test,A1,Noise,all,0.8,1,172,1,4386,93.0,79.0,0.0,1.0
test,A1,Noise,nb,0.8,1,79,1,4290,,,,
test,A1,Noise,b,0.8,0,93,0,96,,,,
test,A1,Asm,all,0.81,8,1549,0,3483,611.0,938.0,0.0,0.0
test,A1,Asm,nb,0.81,8,938,0,2910,,,,
test,A1,Asm,b,0.81,0,611,0,573,,,,
test,A1,Babble,all,0.81,62,1615,0,2628,272.0,1343.0,0.0,0.0
test,A1,Babble,nb,0.81,60,1343,0,2342,,,,
test,A1,Babble,b,0.81,2,272,0,286,,,,
test,A1,Clean,all,0.81,4186,128,100,338,80.0,48.0,100.0,0.0
test,A1,Clean,nb,0.81,3898,48,0,168,,,,
test,A1,Clean,b,0.81,288,80,100,170,,,,
test,A1,Music,all,0.81,1273,1300,8,2418,216.0,1084.0,6.0,2.0
test,A1,Music,nb,0.81,1223,1084,2,2172,,,,
test,A1,Music,b,0.81,50,216,6,246,,,,
test,A1,Noise,all,0.81,1,172,1,4386,93.0,79.0,0.0,1.0
test,A1,Noise,nb,0.81,1,79,1,4290,,,,
test,A1,Noise,b,0.81,0,93,0,96,,,,
test,A1,Asm,all,0.82,6,1551,0,3483,611.0,940.0,0.0,0.0
test,A1,Asm,nb,0.82,6,940,0,2910,,,,
test,A1,Asm,b,0.82,0,611,0,573,,,,
test,A1,Babble,all,0.82,60,1617,0,2628,272.0,1345.0,0.0,0.0
test,A1,Babble,nb,0.82,58,1345,0,2342,,,,
test,A1,Babble,b,0.82,2,272,0,286,,,,
test,A1,Clean,all,0.82,4180,134,97,341,82.0,52.0,97.0,0.0
test,A1,Clean,nb,0.82,3894,52,0,168,,,,
test,A1,Clean,b,0.82,286,82,97,173,,,,
test,A1,Music,all,0.82,1236,1337,8,2418,221.0,1116.0,6.0,2.0
test,A1,Music,nb,0.82,1191,1116,2,2172,,,,
test,A1,Music,b,0.82,45,221,6,246,,,,
test,A1,Noise,all,0.82,1,172,1,4386,93.0,79.0,0.0,1.0
test,A1,Noise,nb,0.82,1,79,1,4290,,,,
test,A1,Noise,b,0.82,0,93,0,96,,,,
test,A1,Asm,all,0.83,6,1551,0,3483,611.0,940.0,0.0,0.0
test,A1,Asm,nb,0.83,6,940,0,2910,,,,
test,A1,Asm,b,0.83,0,611,0,573,,,,
test,A1,Babble,all,0.83,52,1625,0,2628,272.0,1353.0,0.0,0.0
test,A1,Babble,nb,0.83,50,1353,0,2342,,,,
test,A1,Babble,b,0.83,2,272,0,286,,,,
test,A1,Clean,all,0.83,4174,140,91,347,85.0,55.0,91.0,0.0
test,A1,Clean,nb,0.83,3891,55,0,168,,,,
test,A1,Clean,b,0.83,283,85,91,179,,,,
test,A1,Music,all,0.83,1199,1374,8,2418,226.0,1148.0,6.0,2.0
test,A1,Music,nb,0.83,1159,1148,2,2172,,,,
test,A1,Music,b,0.83,40,226,6,246,,,,
test,A1,Noise,all,0.83,1,172,1,4386,93.0,79.0,0.0,1.0
test,A1,Noise,nb,0.83,1,79,1,4290,,,,
test,A1,Noise,b,0.83,0,93,0,96,,,,
test,A1,Asm,all,0.84,5,1552,0,3483,611.0,941.0,0.0,0.0
test,A1,Asm,nb,0.84,5,941,0,2910,,,,
test,A1,Asm,b,0.84,0,611,0,573,,,,
test,A1,Babble,all,0.84,43,1634,0,2628,273.0,1361.0,0.0,0.0
test,A1,Babble,nb,0.84,42,1361,0,2342,,,,
test,A1,Babble,b,0.84,1,273,0,286,,,,
test,A1,Clean,all,0.84,4167,147,89,349,90.0,57.0,89.0,0.0
test,A1,Clean,nb,0.84,3889,57,0,168,,,,
test,A1,Clean,b,0.84,278,90,89,181,,,,
test,A1,Music,all,0.84,1151,1422,6,2420,231.0,1191.0,5.0,1.0
test,A1,Music,nb,0.84,1116,1191,1,2173,,,,
test,A1,Music,b,0.84,35,231,5,247,,,,
test,A1,Noise,all,0.84,1,172,1,4386,93.0,79.0,0.0,1.0
test,A1,Noise,nb,0.84,1,79,1,4290,,,,
test,A1,Noise,b,0.84,0,93,0,96,,,,
test,A1,Asm,all,0.85,4,1553,0,3483,611.0,942.0,0.0,0.0
test,A1,Asm,nb,0.85,4,942,0,2910,,,,
test,A1,Asm,b,0.85,0,611,0,573,,,,
test,A1,Babble,all,0.85,42,1635,0,2628,273.0,1362.0,0.0,0.0
test,A1,Babble,nb,0.85,41,1362,0,2342,,,,
test,A1,Babble,b,0.85,1,273,0,286,,,,
test,A1,Clean,all,0.85,4157,157,83,355,93.0,64.0,83.0,0.0
test,A1,Clean,nb,0.85,3882,64,0,168,,,,
test,A1,Clean,b,0.85,275,93,83,187,,,,
test,A1,Music,all,0.85,1114,1459,6,2420,232.0,1227.0,5.0,1.0
test,A1,Music,nb,0.85,1080,1227,1,2173,,,,
test,A1,Music,b,0.85,34,232,5,247,,,,
test,A1,Noise,all,0.85,1,172,1,4386,93.0,79.0,0.0,1.0
test,A1,Noise,nb,0.85,1,79,1,4290,,,,
test,A1,Noise,b,0.85,0,93,0,96,,,,
test,A1,Asm,all,0.86,4,1553,0,3483,611.0,942.0,0.0,0.0
test,A1,Asm,nb,0.86,4,942,0,2910,,,,
test,A1,Asm,b,0.86,0,611,0,573,,,,
test,A1,Babble,all,0.86,41,1636,0,2628,273.0,1363.0,0.0,0.0
test,A1,Babble,nb,0.86,40,1363,0,2342,,,,
test,A1,Babble,b,0.86,1,273,0,286,,,,
test,A1,Clean,all,0.86,4146,168,80,358,96.0,72.0,80.0,0.0
test,A1,Clean,nb,0.86,3874,72,0,168,,,,
test,A1,Clean,b,0.86,272,96,80,190,,,,
test,A1,Music,all,0.86,1064,1509,5,2421,233.0,1276.0,4.0,1.0
test,A1,Music,nb,0.86,1031,1276,1,2173,,,,
test,A1,Music,b,0.86,33,233,4,248,,,,
test,A1,Noise,all,0.86,0,173,1,4386,93.0,80.0,0.0,1.0
test,A1,Noise,nb,0.86,0,80,1,4290,,,,
test,A1,Noise,b,0.86,0,93,0,96,,,,
test,A1,Asm,all,0.87,4,1553,0,3483,611.0,942.0,0.0,0.0
test,A1,Asm,nb,0.87,4,942,0,2910,,,,
test,A1,Asm,b,0.87,0,611,0,573,,,,
test,A1,Babble,all,0.87,37,1640,0,2628,273.0,1367.0,0.0,0.0
test,A1,Babble,nb,0.87,36,1367,0,2342,,,,
test,A1,Babble,b,0.87,1,273,0,286,,,,
test,A1,Clean,all,0.87,4128,186,76,362,101.0,85.0,76.0,0.0
test,A1,Clean,nb,0.87,3861,85,0,168,,,,
test,A1,Clean,b,0.87,267,101,76,194,,,,
test,A1,Music,all,0.87,1022,1551,4,2422,237.0,1314.0,3.0,1.0
test,A1,Music,nb,0.87,993,1314,1,2173,,,,
test,A1,Music,b,0.87,29,237,3,249,,,,
test,A1,Noise,all,0.87,0,173,1,4386,93.0,80.0,0.0,1.0
test,A1,Noise,nb,0.87,0,80,1,4290,,,,
test,A1,Noise,b,0.87,0,93,0,96,,,,
test,A1,Asm,all,0.88,4,1553,0,3483,611.0,942.0,0.0,0.0
test,A1,Asm,nb,0.88,4,942,0,2910,,,,
test,A1,Asm,b,0.88,0,611,0,573,,,,
test,A1,Babble,all,0.88,33,1644,0,2628,273.0,1371.0,0.0,0.0
test,A1,Babble,nb,0.88,32,1371,0,2342,,,,
test,A1,Babble,b,0.88,1,273,0,286,,,,
test,A1,Clean,all,0.88,4119,195,75,363,105.0,90.0,75.0,0.0
test,A1,Clean,nb,0.88,3856,90,0,168,,,,
test,A1,Clean,b,0.88,263,105,75,195,,,,
test,A1,Music,all,0.88,983,1590,2,2424,238.0,1352.0,1.0,1.0
test,A1,Music,nb,0.88,955,1352,1,2173,,,,
test,A1,Music,b,0.88,28,238,1,251,,,,
test,A1,Noise,all,0.88,0,173,0,4387,93.0,80.0,0.0,0.0
test,A1,Noise,nb,0.88,0,80,0,4291,,,,
test,A1,Noise,b,0.88,0,93,0,96,,,,
test,A1,Asm,all,0.89,4,1553,0,3483,611.0,942.0,0.0,0.0
test,A1,Asm,nb,0.89,4,942,0,2910,,,,
test,A1,Asm,b,0.89,0,611,0,573,,,,
test,A1,Babble,all,0.89,26,1651,0,2628,273.0,1378.0,0.0,0.0
test,A1,Babble,nb,0.89,25,1378,0,2342,,,,
test,A1,Babble,b,0.89,1,273,0,286,,,,
test,A1,Clean,all,0.89,4105,209,72,366,108.0,101.0,72.0,0.0
test,A1,Clean,nb,0.89,3845,101,0,168,,,,
test,A1,Clean,b,0.89,260,108,72,198,,,,
test,A1,Music,all,0.89,941,1632,1,2425,240.0,1392.0,1.0,0.0
test,A1,Music,nb,0.89,915,1392,0,2174,,,,
test,A1,Music,b,0.89,26,240,1,251,,,,
test,A1,Noise,all,0.89,0,173,0,4387,93.0,80.0,0.0,0.0
test,A1,Noise,nb,0.89,0,80,0,4291,,,,
test,A1,Noise,b,0.89,0,93,0,96,,,,
test,A1,Asm,all,0.9,1,1556,0,3483,611.0,945.0,0.0,0.0
test,A1,Asm,nb,0.9,1,945,0,2910,,,,
test,A1,Asm,b,0.9,0,611,0,573,,,,
test,A1,Babble,all,0.9,21,1656,0,2628,273.0,1383.0,0.0,0.0
test,A1,Babble,nb,0.9,20,1383,0,2342,,,,
test,A1,Babble,b,0.9,1,273,0,286,,,,
test,A1,Clean,all,0.9,4095,219,71,367,115.0,104.0,71.0,0.0
test,A1,Clean,nb,0.9,3842,104,0,168,,,,
test,A1,Clean,b,0.9,253,115,71,199,,,,
test,A1,Music,all,0.9,890,1683,1,2425,241.0,1442.0,1.0,0.0
test,A1,Music,nb,0.9,865,1442,0,2174,,,,
test,A1,Music,b,0.9,25,241,1,251,,,,
test,A1,Noise,all,0.9,0,173,0,4387,93.0,80.0,0.0,0.0
test,A1,Noise,nb,0.9,0,80,0,4291,,,,
test,A1,Noise,b,0.9,0,93,0,96,,,,
test,A1,Asm,all,0.91,1,1556,0,3483,611.0,945.0,0.0,0.0
test,A1,Asm,nb,0.91,1,945,0,2910,,,,
test,A1,Asm,b,0.91,0,611,0,573,,,,
test,A1,Babble,all,0.91,17,1660,0,2628,274.0,1386.0,0.0,0.0
test,A1,Babble,nb,0.91,17,1386,0,2342,,,,
test,A1,Babble,b,0.91,0,274,0,286,,,,
test,A1,Clean,all,0.91,4078,236,62,376,124.0,112.0,62.0,0.0
test,A1,Clean,nb,0.91,3834,112,0,168,,,,
test,A1,Clean,b,0.91,244,124,62,208,,,,
test,A1,Music,all,0.91,827,1746,1,2425,245.0,1501.0,1.0,0.0
test,A1,Music,nb,0.91,806,1501,0,2174,,,,
test,A1,Music,b,0.91,21,245,1,251,,,,
test,A1,Noise,all,0.91,0,173,0,4387,93.0,80.0,0.0,0.0
test,A1,Noise,nb,0.91,0,80,0,4291,,,,
test,A1,Noise,b,0.91,0,93,0,96,,,,
test,A1,Asm,all,0.92,1,1556,0,3483,611.0,945.0,0.0,0.0
test,A1,Asm,nb,0.92,1,945,0,2910,,,,
test,A1,Asm,b,0.92,0,611,0,573,,,,
test,A1,Babble,all,0.92,17,1660,0,2628,274.0,1386.0,0.0,0.0
test,A1,Babble,nb,0.92,17,1386,0,2342,,,,
test,A1,Babble,b,0.92,0,274,0,286,,,,
test,A1,Clean,all,0.92,4064,250,58,380,132.0,118.0,58.0,0.0
test,A1,Clean,nb,0.92,3828,118,0,168,,,,
test,A1,Clean,b,0.92,236,132,58,212,,,,
test,A1,Music,all,0.92,763,1810,0,2426,247.0,1563.0,0.0,0.0
test,A1,Music,nb,0.92,744,1563,0,2174,,,,
test,A1,Music,b,0.92,19,247,0,252,,,,
test,A1,Noise,all,0.92,0,173,0,4387,93.0,80.0,0.0,0.0
test,A1,Noise,nb,0.92,0,80,0,4291,,,,
test,A1,Noise,b,0.92,0,93,0,96,,,,
test,A1,Asm,all,0.93,1,1556,0,3483,611.0,945.0,0.0,0.0
test,A1,Asm,nb,0.93,1,945,0,2910,,,,
test,A1,Asm,b,0.93,0,611,0,573,,,,
test,A1,Babble,all,0.93,15,1662,0,2628,274.0,1388.0,0.0,0.0
test,A1,Babble,nb,0.93,15,1388,0,2342,,,,
test,A1,Babble,b,0.93,0,274,0,286,,,,
test,A1,Clean,all,0.93,4040,274,56,382,142.0,132.0,56.0,0.0
test,A1,Clean,nb,0.93,3814,132,0,168,,,,
test,A1,Clean,b,0.93,226,142,56,214,,,,
test,A1,Music,all,0.93,697,1876,0,2426,250.0,1626.0,0.0,0.0
test,A1,Music,nb,0.93,681,1626,0,2174,,,,
test,A1,Music,b,0.93,16,250,0,252,,,,
test,A1,Noise,all,0.93,0,173,0,4387,93.0,80.0,0.0,0.0
test,A1,Noise,nb,0.93,0,80,0,4291,,,,
test,A1,Noise,b,0.93,0,93,0,96,,,,
test,A1,Asm,all,0.94,0,1557,0,3483,611.0,946.0,0.0,0.0
test,A1,Asm,nb,0.94,0,946,0,2910,,,,
test,A1,Asm,b,0.94,0,611,0,573,,,,
test,A1,Babble,all,0.94,10,1667,0,2628,274.0,1393.0,0.0,0.0
test,A1,Babble,nb,0.94,10,1393,0,2342,,,,
test,A1,Babble,b,0.94,0,274,0,286,,,,
test,A1,Clean,all,0.94,4006,308,56,382,149.0,159.0,56.0,0.0
test,A1,Clean,nb,0.94,3787,159,0,168,,,,
test,A1,Clean,b,0.94,219,149,56,214,,,,
test,A1,Music,all,0.94,607,1966,0,2426,257.0,1709.0,0.0,0.0
test,A1,Music,nb,0.94,598,1709,0,2174,,,,
test,A1,Music,b,0.94,9,257,0,252,,,,
test,A1,Noise,all,0.94,0,173,0,4387,93.0,80.0,0.0,0.0
test,A1,Noise,nb,0.94,0,80,0,4291,,,,
test,A1,Noise,b,0.94,0,93,0,96,,,,
test,A1,Asm,all,0.95,0,1557,0,3483,611.0,946.0,0.0,0.0
test,A1,Asm,nb,0.95,0,946,0,2910,,,,
test,A1,Asm,b,0.95,0,611,0,573,,,,
test,A1,Babble,all,0.95,8,1669,0,2628,274.0,1395.0,0.0,0.0
test,A1,Babble,nb,0.95,8,1395,0,2342,,,,
test,A1,Babble,b,0.95,0,274,0,286,,,,
test,A1,Clean,all,0.95,3977,337,54,384,153.0,184.0,54.0,0.0
test,A1,Clean,nb,0.95,3762,184,0,168,,,,
test,A1,Clean,b,0.95,215,153,54,216,,,,
test,A1,Music,all,0.95,524,2049,0,2426,259.0,1790.0,0.0,0.0
test,A1,Music,nb,0.95,517,1790,0,2174,,,,
test,A1,Music,b,0.95,7,259,0,252,,,,
test,A1,Noise,all,0.95,0,173,0,4387,93.0,80.0,0.0,0.0
test,A1,Noise,nb,0.95,0,80,0,4291,,,,
test,A1,Noise,b,0.95,0,93,0,96,,,,
test,A2,Asm,all,0.01,1460,97,2491,992,33.0,64.0,531.0,1960.0
test,A2,Asm,nb,0.01,882,64,1960,950,,,,
test,A2,Asm,b,0.01,578,33,531,42,,,,
test,A2,Babble,all,0.01,1674,3,2354,274,2.0,1.0,285.0,2069.0
test,A2,Babble,nb,0.01,1402,1,2069,273,,,,
test,A2,Babble,b,0.01,272,2,285,1,,,,
test,A2,Clean,all,0.01,4314,0,386,52,0.0,0.0,270.0,116.0
test,A2,Clean,nb,0.01,3946,0,116,52,,,,
test,A2,Clean,b,0.01,368,0,270,0,,,,
test,A2,Music,all,0.01,2558,15,1821,605,11.0,4.0,233.0,1588.0
test,A2,Music,nb,0.01,2303,4,1588,586,,,,
test,A2,Music,b,0.01,255,11,233,19,,,,
test,A2,Noise,all,0.01,109,64,1734,2653,28.0,36.0,66.0,1668.0
test,A2,Noise,nb,0.01,44,36,1668,2623,,,,
test,A2,Noise,b,0.01,65,28,66,30,,,,
test,A2,Asm,all,0.02,1235,322,1649,1834,138.0,184.0,426.0,1223.0
test,A2,Asm,nb,0.02,762,184,1223,1687,,,,
test,A2,Asm,b,0.02,473,138,426,147,,,,
test,A2,Babble,all,0.02,1670,7,2168,460,4.0,3.0,281.0,1887.0
test,A2,Babble,nb,0.02,1400,3,1887,455,,,,
test,A2,Babble,b,0.02,270,4,281,5,,,,
test,A2,Clean,all,0.02,4312,2,365,73,1.0,1.0,270.0,95.0
test,A2,Clean,nb,0.02,3945,1,95,73,,,,
test,A2,Clean,b,0.02,367,1,270,0,,,,
test,A2,Music,all,0.02,2551,22,1514,912,16.0,6.0,232.0,1282.0
test,A2,Music,nb,0.02,2301,6,1282,892,,,,
test,A2,Music,b,0.02,250,16,232,20,,,,
test,A2,Noise,all,0.02,107,66,1238,3149,30.0,36.0,63.0,1175.0
test,A2,Noise,nb,0.02,44,36,1175,3116,,,,
test,A2,Noise,b,0.02,63,30,63,33,,,,
test,A2,Asm,all,0.03,1025,532,1098,2385,245.0,287.0,321.0,777.0
test,A2,Asm,nb,0.03,659,287,777,2133,,,,
test,A2,Asm,b,0.03,366,245,321,252,,,,
test,A2,Babble,all,0.03,1662,15,1968,660,9.0,6.0,275.0,1693.0
test,A2,Babble,nb,0.03,1397,6,1693,649,,,,
test,A2,Babble,b,0.03,265,9,275,11,,,,
test,A2,Clean,all,0.03,4312,2,352,86,1.0,1.0,270.0,82.0
test,A2,Clean,nb,0.03,3945,1,82,86,,,,
test,A2,Clean,b,0.03,367,1,270,0,,,,
test,A2,Music,all,0.03,2542,31,1282,1144,20.0,11.0,228.0,1054.0
test,A2,Music,nb,0.03,2296,11,1054,1120,,,,
test,A2,Music,b,0.03,246,20,228,24,,,,
test,A2,Noise,all,0.03,106,67,990,3397,31.0,36.0,63.0,927.0
test,A2,Noise,nb,0.03,44,36,927,3364,,,,
test,A2,Noise,b,0.03,62,31,63,33,,,,
test,A2,Asm,all,0.04,882,675,751,2732,317.0,358.0,253.0,498.0
test,A2,Asm,nb,0.04,588,358,498,2412,,,,
test,A2,Asm,b,0.04,294,317,253,320,,,,
test,A2,Babble,all,0.04,1652,25,1790,838,14.0,11.0,268.0,1522.0
test,A2,Babble,nb,0.04,1392,11,1522,820,,,,
test,A2,Babble,b,0.04,260,14,268,18,,,,
test,A2,Clean,all,0.04,4312,2,344,94,1.0,1.0,269.0,75.0
test,A2,Clean,nb,0.04,3945,1,75,93,,,,
test,A2,Clean,b,0.04,367,1,269,1,,,,
test,A2,Music,all,0.04,2531,42,1108,1318,24.0,18.0,221.0,887.0
test,A2,Music,nb,0.04,2289,18,887,1287,,,,
test,A2,Music,b,0.04,242,24,221,31,,,,
test,A2,Noise,all,0.04,105,68,833,3554,31.0,37.0,60.0,773.0
test,A2,Noise,nb,0.04,43,37,773,3518,,,,
test,A2,Noise,b,0.04,62,31,60,36,,,,
test,A2,Asm,all,0.05,785,772,532,2951,369.0,403.0,200.0,332.0
test,A2,Asm,nb,0.05,543,403,332,2578,,,,
test,A2,Asm,b,0.05,242,369,200,373,,,,
test,A2,Babble,all,0.05,1639,38,1648,980,14.0,24.0,264.0,1384.0
test,A2,Babble,nb,0.05,1379,24,1384,958,,,,
test,A2,Babble,b,0.05,260,14,264,22,,,,
test,A2,Clean,all,0.05,4312,2,337,101,1.0,1.0,269.0,68.0
test,A2,Clean,nb,0.05,3945,1,68,100,,,,
test,A2,Clean,b,0.05,367,1,269,1,,,,
test,A2,Music,all,0.05,2528,45,981,1445,27.0,18.0,213.0,768.0
test,A2,Music,nb,0.05,2289,18,768,1406,,,,
test,A2,Music,b,0.05,239,27,213,39,,,,
test,A2,Noise,all,0.05,104,69,709,3678,32.0,37.0,58.0,651.0
test,A2,Noise,nb,0.05,43,37,651,3640,,,,
test,A2,Noise,b,0.05,61,32,58,38,,,,
test,A2,Asm,all,0.06,699,858,379,3104,409.0,449.0,148.0,231.0
test,A2,Asm,nb,0.06,497,449,231,2679,,,,
test,A2,Asm,b,0.06,202,409,148,425,,,,
test,A2,Babble,all,0.06,1617,60,1512,1116,21.0,39.0,257.0,1255.0
test,A2,Babble,nb,0.06,1364,39,1255,1087,,,,
test,A2,Babble,b,0.06,253,21,257,29,,,,
test,A2,Clean,all,0.06,4310,4,335,103,3.0,1.0,269.0,66.0
test,A2,Clean,nb,0.06,3945,1,66,102,,,,
test,A2,Clean,b,0.06,365,3,269,1,,,,
test,A2,Music,all,0.06,2522,51,892,1534,30.0,21.0,207.0,685.0
test,A2,Music,nb,0.06,2286,21,685,1489,,,,
test,A2,Music,b,0.06,236,30,207,45,,,,
test,A2,Noise,all,0.06,101,72,612,3775,34.0,38.0,55.0,557.0
test,A2,Noise,nb,0.06,42,38,557,3734,,,,
test,A2,Noise,b,0.06,59,34,55,41,,,,
test,A2,Asm,all,0.07,630,927,304,3179,439.0,488.0,126.0,178.0
test,A2,Asm,nb,0.07,458,488,178,2732,,,,
test,A2,Asm,b,0.07,172,439,126,447,,,,
test,A2,Babble,all,0.07,1574,103,1398,1230,30.0,73.0,252.0,1146.0
test,A2,Babble,nb,0.07,1330,73,1146,1196,,,,
test,A2,Babble,b,0.07,244,30,252,34,,,,
test,A2,Clean,all,0.07,4310,4,331,107,3.0,1.0,269.0,62.0
test,A2,Clean,nb,0.07,3945,1,62,106,,,,
test,A2,Clean,b,0.07,365,3,269,1,,,,
test,A2,Music,all,0.07,2517,56,835,1591,32.0,24.0,205.0,630.0
test,A2,Music,nb,0.07,2283,24,630,1544,,,,
test,A2,Music,b,0.07,234,32,205,47,,,,
test,A2,Noise,all,0.07,98,75,546,3841,37.0,38.0,53.0,493.0
test,A2,Noise,nb,0.07,42,38,493,3798,,,,
test,A2,Noise,b,0.07,56,37,53,43,,,,
test,A2,Asm,all,0.08,566,991,249,3234,466.0,525.0,108.0,141.0
test,A2,Asm,nb,0.08,421,525,141,2769,,,,
test,A2,Asm,b,0.08,145,466,108,465,,,,
test,A2,Babble,all,0.08,1537,140,1293,1335,39.0,101.0,239.0,1054.0
test,A2,Babble,nb,0.08,1302,101,1054,1288,,,,
test,A2,Babble,b,0.08,235,39,239,47,,,,
test,A2,Clean,all,0.08,4310,4,327,111,3.0,1.0,269.0,58.0
test,A2,Clean,nb,0.08,3945,1,58,110,,,,
test,A2,Clean,b,0.08,365,3,269,1,,,,
test,A2,Music,all,0.08,2510,63,780,1646,35.0,28.0,202.0,578.0
test,A2,Music,nb,0.08,2279,28,578,1596,,,,
test,A2,Music,b,0.08,231,35,202,50,,,,
test,A2,Noise,all,0.08,97,76,483,3904,38.0,38.0,49.0,434.0
test,A2,Noise,nb,0.08,42,38,434,3857,,,,
test,A2,Noise,b,0.08,55,38,49,47,,,,
test,A2,Asm,all,0.09,526,1031,191,3292,487.0,544.0,88.0,103.0
test,A2,Asm,nb,0.09,402,544,103,2807,,,,
test,A2,Asm,b,0.09,124,487,88,485,,,,
test,A2,Babble,all,0.09,1478,199,1170,1458,60.0,139.0,219.0,951.0
test,A2,Babble,nb,0.09,1264,139,951,1391,,,,
test,A2,Babble,b,0.09,214,60,219,67,,,,
test,A2,Clean,all,0.09,4309,5,324,114,4.0,1.0,269.0,55.0
test,A2,Clean,nb,0.09,3945,1,55,113,,,,
test,A2,Clean,b,0.09,364,4,269,1,,,,
test,A2,Music,all,0.09,2506,67,725,1701,39.0,28.0,200.0,525.0
test,A2,Music,nb,0.09,2279,28,525,1649,,,,
test,A2,Music,b,0.09,227,39,200,52,,,,
test,A2,Noise,all,0.09,92,81,427,3960,43.0,38.0,45.0,382.0
test,A2,Noise,nb,0.09,42,38,382,3909,,,,
test,A2,Noise,b,0.09,50,43,45,51,,,,
test,A2,Asm,all,0.1,491,1066,153,3330,499.0,567.0,73.0,80.0
test,A2,Asm,nb,0.1,379,567,80,2830,,,,
test,A2,Asm,b,0.1,112,499,73,500,,,,
test,A2,Babble,all,0.1,1422,255,1071,1557,71.0,184.0,207.0,864.0
test,A2,Babble,nb,0.1,1219,184,864,1478,,,,
test,A2,Babble,b,0.1,203,71,207,79,,,,
test,A2,Clean,all,0.1,4309,5,320,118,4.0,1.0,269.0,51.0
test,A2,Clean,nb,0.1,3945,1,51,117,,,,
test,A2,Clean,b,0.1,364,4,269,1,,,,
test,A2,Music,all,0.1,2499,74,667,1759,42.0,32.0,194.0,473.0
test,A2,Music,nb,0.1,2275,32,473,1701,,,,
test,A2,Music,b,0.1,224,42,194,58,,,,
test,A2,Noise,all,0.1,91,82,394,3993,44.0,38.0,42.0,352.0
test,A2,Noise,nb,0.1,42,38,352,3939,,,,
test,A2,Noise,b,0.1,49,44,42,54,,,,
test,A2,Asm,all,0.11,458,1099,129,3354,514.0,585.0,62.0,67.0
test,A2,Asm,nb,0.11,361,585,67,2843,,,,
test,A2,Asm,b,0.11,97,514,62,511,,,,
test,A2,Babble,all,0.11,1377,300,971,1657,84.0,216.0,193.0,778.0
test,A2,Babble,nb,0.11,1187,216,778,1564,,,,
test,A2,Babble,b,0.11,190,84,193,93,,,,
test,A2,Clean,all,0.11,4309,5,314,124,4.0,1.0,269.0,45.0
test,A2,Clean,nb,0.11,3945,1,45,123,,,,
test,A2,Clean,b,0.11,364,4,269,1,,,,
test,A2,Music,all,0.11,2494,79,629,1797,44.0,35.0,190.0,439.0
test,A2,Music,nb,0.11,2272,35,439,1735,,,,
test,A2,Music,b,0.11,222,44,190,62,,,,
test,A2,Noise,all,0.11,88,85,365,4022,46.0,39.0,39.0,326.0
test,A2,Noise,nb,0.11,41,39,326,3965,,,,
test,A2,Noise,b,0.11,47,46,39,57,,,,
test,A2,Asm,all,0.12,431,1126,107,3376,524.0,602.0,53.0,54.0
test,A2,Asm,nb,0.12,344,602,54,2856,,,,
test,A2,Asm,b,0.12,87,524,53,520,,,,
test,A2,Babble,all,0.12,1326,351,884,1744,90.0,261.0,177.0,707.0
test,A2,Babble,nb,0.12,1142,261,707,1635,,,,
test,A2,Babble,b,0.12,184,90,177,109,,,,
test,A2,Clean,all,0.12,4309,5,312,126,4.0,1.0,269.0,43.0
test,A2,Clean,nb,0.12,3945,1,43,125,,,,
test,A2,Clean,b,0.12,364,4,269,1,,,,
test,A2,Music,all,0.12,2493,80,590,1836,45.0,35.0,188.0,402.0
test,A2,Music,nb,0.12,2272,35,402,1772,,,,
test,A2,Music,b,0.12,221,45,188,64,,,,
test,A2,Noise,all,0.12,82,91,331,4056,51.0,40.0,38.0,293.0
test,A2,Noise,nb,0.12,40,40,293,3998,,,,
test,A2,Noise,b,0.12,42,51,38,58,,,,
test,A2,Asm,all,0.13,399,1158,91,3392,537.0,621.0,46.0,45.0
test,A2,Asm,nb,0.13,325,621,45,2865,,,,
test,A2,Asm,b,0.13,74,537,46,527,,,,
test,A2,Babble,all,0.13,1251,426,802,1826,107.0,319.0,163.0,639.0
test,A2,Babble,nb,0.13,1084,319,639,1703,,,,
test,A2,Babble,b,0.13,167,107,163,123,,,,
test,A2,Clean,all,0.13,4309,5,311,127,4.0,1.0,268.0,43.0
test,A2,Clean,nb,0.13,3945,1,43,125,,,,
test,A2,Clean,b,0.13,364,4,268,2,,,,
test,A2,Music,all,0.13,2491,82,565,1861,46.0,36.0,188.0,377.0
test,A2,Music,nb,0.13,2271,36,377,1797,,,,
test,A2,Music,b,0.13,220,46,188,64,,,,
test,A2,Noise,all,0.13,82,91,311,4076,51.0,40.0,37.0,274.0
test,A2,Noise,nb,0.13,40,40,274,4017,,,,
test,A2,Noise,b,0.13,42,51,37,59,,,,
test,A2,Asm,all,0.14,380,1177,79,3404,544.0,633.0,42.0,37.0
test,A2,Asm,nb,0.14,313,633,37,2873,,,,
test,A2,Asm,b,0.14,67,544,42,531,,,,
test,A2,Babble,all,0.14,1188,489,729,1899,116.0,373.0,152.0,577.0
test,A2,Babble,nb,0.14,1030,373,577,1765,,,,
test,A2,Babble,b,0.14,158,116,152,134,,,,
test,A2,Clean,all,0.14,4309,5,305,133,4.0,1.0,266.0,39.0
test,A2,Clean,nb,0.14,3945,1,39,129,,,,
test,A2,Clean,b,0.14,364,4,266,4,,,,
test,A2,Music,all,0.14,2488,85,534,1892,47.0,38.0,186.0,348.0
test,A2,Music,nb,0.14,2269,38,348,1826,,,,
test,A2,Music,b,0.14,219,47,186,66,,,,
test,A2,Noise,all,0.14,78,95,290,4097,51.0,44.0,36.0,254.0
test,A2,Noise,nb,0.14,36,44,254,4037,,,,
test,A2,Noise,b,0.14,42,51,36,60,,,,
test,A2,Asm,all,0.15,367,1190,68,3415,546.0,644.0,33.0,35.0
test,A2,Asm,nb,0.15,302,644,35,2875,,,,
test,A2,Asm,b,0.15,65,546,33,540,,,,
test,A2,Babble,all,0.15,1138,539,675,1953,126.0,413.0,143.0,532.0
test,A2,Babble,nb,0.15,990,413,532,1810,,,,
test,A2,Babble,b,0.15,148,126,143,143,,,,
test,A2,Clean,all,0.15,4309,5,302,136,4.0,1.0,266.0,36.0
test,A2,Clean,nb,0.15,3945,1,36,132,,,,
test,A2,Clean,b,0.15,364,4,266,4,,,,
test,A2,Music,all,0.15,2485,88,504,1922,49.0,39.0,184.0,320.0
test,A2,Music,nb,0.15,2268,39,320,1854,,,,
test,A2,Music,b,0.15,217,49,184,68,,,,
test,A2,Noise,all,0.15,75,98,264,4123,53.0,45.0,34.0,230.0
test,A2,Noise,nb,0.15,35,45,230,4061,,,,
test,A2,Noise,b,0.15,40,53,34,62,,,,
test,A2,Asm,all,0.16,346,1211,50,3433,550.0,661.0,26.0,24.0
test,A2,Asm,nb,0.16,285,661,24,2886,,,,
test,A2,Asm,b,0.16,61,550,26,547,,,,
test,A2,Babble,all,0.16,1067,610,619,2009,138.0,472.0,129.0,490.0
test,A2,Babble,nb,0.16,931,472,490,1852,,,,
test,A2,Babble,b,0.16,136,138,129,157,,,,
test,A2,Clean,all,0.16,4309,5,301,137,4.0,1.0,266.0,35.0
test,A2,Clean,nb,0.16,3945,1,35,133,,,,
test,A2,Clean,b,0.16,364,4,266,4,,,,
test,A2,Music,all,0.16,2482,91,469,1957,49.0,42.0,181.0,288.0
test,A2,Music,nb,0.16,2265,42,288,1886,,,,
test,A2,Music,b,0.16,217,49,181,71,,,,
test,A2,Noise,all,0.16,74,99,250,4137,54.0,45.0,33.0,217.0
test,A2,Noise,nb,0.16,35,45,217,4074,,,,
test,A2,Noise,b,0.16,39,54,33,63,,,,
test,A2,Asm,all,0.17,333,1224,40,3443,553.0,671.0,24.0,16.0
test,A2,Asm,nb,0.17,275,671,16,2894,,,,
test,A2,Asm,b,0.17,58,553,24,549,,,,
test,A2,Babble,all,0.17,1008,669,568,2060,150.0,519.0,119.0,449.0
test,A2,Babble,nb,0.17,884,519,449,1893,,,,
test,A2,Babble,b,0.17,124,150,119,167,,,,
test,A2,Clean,all,0.17,4309,5,298,140,4.0,1.0,265.0,33.0
test,A2,Clean,nb,0.17,3945,1,33,135,,,,
test,A2,Clean,b,0.17,364,4,265,5,,,,
test,A2,Music,all,0.17,2473,100,440,1986,53.0,47.0,175.0,265.0
test,A2,Music,nb,0.17,2260,47,265,1909,,,,
test,A2,Music,b,0.17,213,53,175,77,,,,
test,A2,Noise,all,0.17,71,102,231,4156,56.0,46.0,32.0,199.0
test,A2,Noise,nb,0.17,34,46,199,4092,,,,
test,A2,Noise,b,0.17,37,56,32,64,,,,
test,A2,Asm,all,0.18,320,1237,38,3445,559.0,678.0,24.0,14.0
test,A2,Asm,nb,0.18,268,678,14,2896,,,,
test,A2,Asm,b,0.18,52,559,24,549,,,,
test,A2,Babble,all,0.18,954,723,518,2110,160.0,563.0,111.0,407.0
test,A2,Babble,nb,0.18,840,563,407,1935,,,,
test,A2,Babble,b,0.18,114,160,111,175,,,,
test,A2,Clean,all,0.18,4309,5,298,140,4.0,1.0,265.0,33.0
test,A2,Clean,nb,0.18,3945,1,33,135,,,,
test,A2,Clean,b,0.18,364,4,265,5,,,,
test,A2,Music,all,0.18,2463,110,422,2004,57.0,53.0,173.0,249.0
test,A2,Music,nb,0.18,2254,53,249,1925,,,,
test,A2,Music,b,0.18,209,57,173,79,,,,
test,A2,Noise,all,0.18,69,104,218,4169,58.0,46.0,31.0,187.0
test,A2,Noise,nb,0.18,34,46,187,4104,,,,
test,A2,Noise,b,0.18,35,58,31,65,,,,
test,A2,Asm,all,0.19,308,1249,37,3446,563.0,686.0,23.0,14.0
test,A2,Asm,nb,0.19,260,686,14,2896,,,,
test,A2,Asm,b,0.19,48,563,23,550,,,,
test,A2,Babble,all,0.19,904,773,463,2165,168.0,605.0,101.0,362.0
test,A2,Babble,nb,0.19,798,605,362,1980,,,,
test,A2,Babble,b,0.19,106,168,101,185,,,,
test,A2,Clean,all,0.19,4309,5,293,145,4.0,1.0,263.0,30.0
test,A2,Clean,nb,0.19,3945,1,30,138,,,,
test,A2,Clean,b,0.19,364,4,263,7,,,,
test,A2,Music,all,0.19,2458,115,397,2029,57.0,58.0,168.0,229.0
test,A2,Music,nb,0.19,2249,58,229,1945,,,,
test,A2,Music,b,0.19,209,57,168,84,,,,
test,A2,Noise,all,0.19,66,107,209,4178,59.0,48.0,31.0,178.0
test,A2,Noise,nb,0.19,32,48,178,4113,,,,
test,A2,Noise,b,0.19,34,59,31,65,,,,
test,A2,Asm,all,0.2,295,1262,34,3449,565.0,697.0,21.0,13.0
test,A2,Asm,nb,0.2,249,697,13,2897,,,,
test,A2,Asm,b,0.2,46,565,21,552,,,,
test,A2,Babble,all,0.2,852,825,427,2201,175.0,650.0,97.0,330.0
test,A2,Babble,nb,0.2,753,650,330,2012,,,,
test,A2,Babble,b,0.2,99,175,97,189,,,,
test,A2,Clean,all,0.2,4309,5,290,148,4.0,1.0,261.0,29.0
test,A2,Clean,nb,0.2,3945,1,29,139,,,,
test,A2,Clean,b,0.2,364,4,261,9,,,,
test,A2,Music,all,0.2,2455,118,379,2047,57.0,61.0,166.0,213.0
test,A2,Music,nb,0.2,2246,61,213,1961,,,,
test,A2,Music,b,0.2,209,57,166,86,,,,
test,A2,Noise,all,0.2,64,109,191,4196,60.0,49.0,30.0,161.0
test,A2,Noise,nb,0.2,31,49,161,4130,,,,
test,A2,Noise,b,0.2,33,60,30,66,,,,
test,A2,Asm,all,0.21,286,1271,31,3452,568.0,703.0,18.0,13.0
test,A2,Asm,nb,0.21,243,703,13,2897,,,,
test,A2,Asm,b,0.21,43,568,18,555,,,,
test,A2,Babble,all,0.21,802,875,390,2238,186.0,689.0,85.0,305.0
test,A2,Babble,nb,0.21,714,689,305,2037,,,,
test,A2,Babble,b,0.21,88,186,85,201,,,,
test,A2,Clean,all,0.21,4309,5,289,149,4.0,1.0,260.0,29.0
test,A2,Clean,nb,0.21,3945,1,29,139,,,,
test,A2,Clean,b,0.21,364,4,260,10,,,,
test,A2,Music,all,0.21,2449,124,363,2063,58.0,66.0,164.0,199.0
test,A2,Music,nb,0.21,2241,66,199,1975,,,,
test,A2,Music,b,0.21,208,58,164,88,,,,
test,A2,Noise,all,0.21,61,112,173,4214,61.0,51.0,28.0,145.0
test,A2,Noise,nb,0.21,29,51,145,4146,,,,
test,A2,Noise,b,0.21,32,61,28,68,,,,
test,A2,Asm,all,0.22,280,1277,18,3465,569.0,708.0,12.0,6.0
test,A2,Asm,nb,0.22,238,708,6,2904,,,,
test,A2,Asm,b,0.22,42,569,12,561,,,,
test,A2,Babble,all,0.22,756,921,343,2285,195.0,726.0,74.0,269.0
test,A2,Babble,nb,0.22,677,726,269,2073,,,,
test,A2,Babble,b,0.22,79,195,74,212,,,,
test,A2,Clean,all,0.22,4309,5,288,150,4.0,1.0,259.0,29.0
test,A2,Clean,nb,0.22,3945,1,29,139,,,,
test,A2,Clean,b,0.22,364,4,259,11,,,,
test,A2,Music,all,0.22,2442,131,340,2086,61.0,70.0,161.0,179.0
test,A2,Music,nb,0.22,2237,70,179,1995,,,,
test,A2,Music,b,0.22,205,61,161,91,,,,
test,A2,Noise,all,0.22,58,115,161,4226,63.0,52.0,27.0,134.0
test,A2,Noise,nb,0.22,28,52,134,4157,,,,
test,A2,Noise,b,0.22,30,63,27,69,,,,
test,A2,Asm,all,0.23,269,1288,18,3465,573.0,715.0,12.0,6.0
test,A2,Asm,nb,0.23,231,715,6,2904,,,,
test,A2,Asm,b,0.23,38,573,12,561,,,,
test,A2,Babble,all,0.23,718,959,307,2321,203.0,756.0,68.0,239.0
test,A2,Babble,nb,0.23,647,756,239,2103,,,,
test,A2,Babble,b,0.23,71,203,68,218,,,,
test,A2,Clean,all,0.23,4309,5,285,153,4.0,1.0,257.0,28.0
test,A2,Clean,nb,0.23,3945,1,28,140,,,,
test,A2,Clean,b,0.23,364,4,257,13,,,,
test,A2,Music,all,0.23,2434,139,328,2098,63.0,76.0,157.0,171.0
test,A2,Music,nb,0.23,2231,76,171,2003,,,,
test,A2,Music,b,0.23,203,63,157,95,,,,
test,A2,Noise,all,0.23,55,118,150,4237,64.0,54.0,26.0,124.0
test,A2,Noise,nb,0.23,26,54,124,4167,,,,
test,A2,Noise,b,0.23,29,64,26,70,,,,
test,A2,Asm,all,0.24,259,1298,17,3466,574.0,724.0,11.0,6.0
test,A2,Asm,nb,0.24,222,724,6,2904,,,,
test,A2,Asm,b,0.24,37,574,11,562,,,,
test,A2,Babble,all,0.24,682,995,285,2343,211.0,784.0,63.0,222.0
test,A2,Babble,nb,0.24,619,784,222,2120,,,,
test,A2,Babble,b,0.24,63,211,63,223,,,,
test,A2,Clean,all,0.24,4309,5,280,158,4.0,1.0,254.0,26.0
test,A2,Clean,nb,0.24,3945,1,26,142,,,,
test,A2,Clean,b,0.24,364,4,254,16,,,,
test,A2,Music,all,0.24,2427,146,316,2110,63.0,83.0,154.0,162.0
test,A2,Music,nb,0.24,2224,83,162,2012,,,,
test,A2,Music,b,0.24,203,63,154,98,,,,
test,A2,Noise,all,0.24,53,120,139,4248,64.0,56.0,23.0,116.0
test,A2,Noise,nb,0.24,24,56,116,4175,,,,
test,A2,Noise,b,0.24,29,64,23,73,,,,
test,A2,Asm,all,0.25,246,1311,15,3468,576.0,735.0,10.0,5.0
test,A2,Asm,nb,0.25,211,735,5,2905,,,,
test,A2,Asm,b,0.25,35,576,10,563,,,,
test,A2,Babble,all,0.25,640,1037,261,2367,213.0,824.0,59.0,202.0
test,A2,Babble,nb,0.25,579,824,202,2140,,,,
test,A2,Babble,b,0.25,61,213,59,227,,,,
test,A2,Clean,all,0.25,4309,5,279,159,4.0,1.0,254.0,25.0
test,A2,Clean,nb,0.25,3945,1,25,143,,,,
test,A2,Clean,b,0.25,364,4,254,16,,,,
test,A2,Music,all,0.25,2419,154,302,2124,63.0,91.0,152.0,150.0
test,A2,Music,nb,0.25,2216,91,150,2024,,,,
test,A2,Music,b,0.25,203,63,152,100,,,,
test,A2,Noise,all,0.25,53,120,132,4255,64.0,56.0,23.0,109.0
test,A2,Noise,nb,0.25,24,56,109,4182,,,,
test,A2,Noise,b,0.25,29,64,23,73,,,,
test,A2,Asm,all,0.26,231,1326,13,3470,582.0,744.0,9.0,4.0
test,A2,Asm,nb,0.26,202,744,4,2906,,,,
test,A2,Asm,b,0.26,29,582,9,564,,,,
test,A2,Babble,all,0.26,614,1063,243,2385,216.0,847.0,54.0,189.0
test,A2,Babble,nb,0.26,556,847,189,2153,,,,
test,A2,Babble,b,0.26,58,216,54,232,,,,
test,A2,Clean,all,0.26,4308,6,274,164,5.0,1.0,251.0,23.0
test,A2,Clean,nb,0.26,3945,1,23,145,,,,
test,A2,Clean,b,0.26,363,5,251,19,,,,
test,A2,Music,all,0.26,2411,162,291,2135,65.0,97.0,151.0,140.0
test,A2,Music,nb,0.26,2210,97,140,2034,,,,
test,A2,Music,b,0.26,201,65,151,101,,,,
test,A2,Noise,all,0.26,51,122,120,4267,64.0,58.0,21.0,99.0
test,A2,Noise,nb,0.26,22,58,99,4192,,,,
test,A2,Noise,b,0.26,29,64,21,75,,,,
test,A2,Asm,all,0.27,220,1337,12,3471,583.0,754.0,9.0,3.0
test,A2,Asm,nb,0.27,192,754,3,2907,,,,
test,A2,Asm,b,0.27,28,583,9,564,,,,
test,A2,Babble,all,0.27,576,1101,215,2413,221.0,880.0,48.0,167.0
test,A2,Babble,nb,0.27,523,880,167,2175,,,,
test,A2,Babble,b,0.27,53,221,48,238,,,,
test,A2,Clean,all,0.27,4308,6,273,165,5.0,1.0,250.0,23.0
test,A2,Clean,nb,0.27,3945,1,23,145,,,,
test,A2,Clean,b,0.27,363,5,250,20,,,,
test,A2,Music,all,0.27,2407,166,279,2147,65.0,101.0,148.0,131.0
test,A2,Music,nb,0.27,2206,101,131,2043,,,,
test,A2,Music,b,0.27,201,65,148,104,,,,
test,A2,Noise,all,0.27,50,123,113,4274,64.0,59.0,20.0,93.0
test,A2,Noise,nb,0.27,21,59,93,4198,,,,
test,A2,Noise,b,0.27,29,64,20,76,,,,
test,A2,Asm,all,0.28,213,1344,11,3472,586.0,758.0,8.0,3.0
test,A2,Asm,nb,0.28,188,758,3,2907,,,,
test,A2,Asm,b,0.28,25,586,8,565,,,,
test,A2,Babble,all,0.28,544,1133,187,2441,224.0,909.0,42.0,145.0
test,A2,Babble,nb,0.28,494,909,145,2197,,,,
test,A2,Babble,b,0.28,50,224,42,244,,,,
test,A2,Clean,all,0.28,4308,6,273,165,5.0,1.0,250.0,23.0
test,A2,Clean,nb,0.28,3945,1,23,145,,,,
test,A2,Clean,b,0.28,363,5,250,20,,,,
test,A2,Music,all,0.28,2395,178,265,2161,66.0,112.0,144.0,121.0
test,A2,Music,nb,0.28,2195,112,121,2053,,,,
test,A2,Music,b,0.28,200,66,144,108,,,,
test,A2,Noise,all,0.28,49,124,102,4285,65.0,59.0,18.0,84.0
test,A2,Noise,nb,0.28,21,59,84,4207,,,,
test,A2,Noise,b,0.28,28,65,18,78,,,,
test,A2,Asm,all,0.29,205,1352,9,3474,588.0,764.0,7.0,2.0
test,A2,Asm,nb,0.29,182,764,2,2908,,,,
test,A2,Asm,b,0.29,23,588,7,566,,,,
test,A2,Babble,all,0.29,528,1149,168,2460,226.0,923.0,40.0,128.0
test,A2,Babble,nb,0.29,480,923,128,2214,,,,
test,A2,Babble,b,0.29,48,226,40,246,,,,
test,A2,Clean,all,0.29,4308,6,268,170,5.0,1.0,246.0,22.0
test,A2,Clean,nb,0.29,3945,1,22,146,,,,
test,A2,Clean,b,0.29,363,5,246,24,,,,
test,A2,Music,all,0.29,2386,187,253,2173,67.0,120.0,141.0,112.0
test,A2,Music,nb,0.29,2187,120,112,2062,,,,
test,A2,Music,b,0.29,199,67,141,111,,,,
test,A2,Noise,all,0.29,48,125,98,4289,65.0,60.0,16.0,82.0
test,A2,Noise,nb,0.29,20,60,82,4209,,,,
test,A2,Noise,b,0.29,28,65,16,80,,,,
test,A2,Asm,all,0.3,194,1363,7,3476,589.0,774.0,6.0,1.0
test,A2,Asm,nb,0.3,172,774,1,2909,,,,
test,A2,Asm,b,0.3,22,589,6,567,,,,
test,A2,Babble,all,0.3,513,1164,148,2480,227.0,937.0,36.0,112.0
test,A2,Babble,nb,0.3,466,937,112,2230,,,,
test,A2,Babble,b,0.3,47,227,36,250,,,,
test,A2,Clean,all,0.3,4307,7,266,172,6.0,1.0,245.0,21.0
test,A2,Clean,nb,0.3,3945,1,21,147,,,,
test,A2,Clean,b,0.3,362,6,245,25,,,,
test,A2,Music,all,0.3,2379,194,242,2184,69.0,125.0,138.0,104.0
test,A2,Music,nb,0.3,2182,125,104,2070,,,,
test,A2,Music,b,0.3,197,69,138,114,,,,
test,A2,Noise,all,0.3,47,126,89,4298,66.0,60.0,16.0,73.0
test,A2,Noise,nb,0.3,20,60,73,4218,,,,
test,A2,Noise,b,0.3,27,66,16,80,,,,
test,A2,Asm,all,0.31,187,1370,7,3476,589.0,781.0,6.0,1.0
test,A2,Asm,nb,0.31,165,781,1,2909,,,,
test,A2,Asm,b,0.31,22,589,6,567,,,,
test,A2,Babble,all,0.31,486,1191,134,2494,229.0,962.0,34.0,100.0
test,A2,Babble,nb,0.31,441,962,100,2242,,,,
test,A2,Babble,b,0.31,45,229,34,252,,,,
test,A2,Clean,all,0.31,4307,7,266,172,6.0,1.0,245.0,21.0
test,A2,Clean,nb,0.31,3945,1,21,147,,,,
test,A2,Clean,b,0.31,362,6,245,25,,,,
test,A2,Music,all,0.31,2373,200,227,2199,71.0,129.0,133.0,94.0
test,A2,Music,nb,0.31,2178,129,94,2080,,,,
test,A2,Music,b,0.31,195,71,133,119,,,,
test,A2,Noise,all,0.31,47,126,80,4307,66.0,60.0,14.0,66.0
test,A2,Noise,nb,0.31,20,60,66,4225,,,,
test,A2,Noise,b,0.31,27,66,14,82,,,,
test,A2,Asm,all,0.32,178,1379,7,3476,592.0,787.0,6.0,1.0
test,A2,Asm,nb,0.32,159,787,1,2909,,,,
test,A2,Asm,b,0.32,19,592,6,567,,,,
test,A2,Babble,all,0.32,467,1210,123,2505,232.0,978.0,33.0,90.0
test,A2,Babble,nb,0.32,425,978,90,2252,,,,
test,A2,Babble,b,0.32,42,232,33,253,,,,
test,A2,Clean,all,0.32,4307,7,265,173,6.0,1.0,244.0,21.0
test,A2,Clean,nb,0.32,3945,1,21,147,,,,
test,A2,Clean,b,0.32,362,6,244,26,,,,
test,A2,Music,all,0.32,2368,205,215,2211,72.0,133.0,131.0,84.0
test,A2,Music,nb,0.32,2174,133,84,2090,,,,
test,A2,Music,b,0.32,194,72,131,121,,,,
test,A2,Noise,all,0.32,44,129,75,4312,69.0,60.0,14.0,61.0
test,A2,Noise,nb,0.32,20,60,61,4230,,,,
test,A2,Noise,b,0.32,24,69,14,82,,,,
test,A2,Asm,all,0.33,173,1384,6,3477,592.0,792.0,5.0,1.0
test,A2,Asm,nb,0.33,154,792,1,2909,,,,
test,A2,Asm,b,0.33,19,592,5,568,,,,
test,A2,Babble,all,0.33,448,1229,112,2516,236.0,993.0,30.0,82.0
test,A2,Babble,nb,0.33,410,993,82,2260,,,,
test,A2,Babble,b,0.33,38,236,30,256,,,,
test,A2,Clean,all,0.33,4306,8,262,176,7.0,1.0,242.0,20.0
test,A2,Clean,nb,0.33,3945,1,20,148,,,,
test,A2,Clean,b,0.33,361,7,242,28,,,,
test,A2,Music,all,0.33,2356,217,204,2222,73.0,144.0,126.0,78.0
test,A2,Music,nb,0.33,2163,144,78,2096,,,,
test,A2,Music,b,0.33,193,73,126,126,,,,
test,A2,Noise,all,0.33,40,133,71,4316,71.0,62.0,14.0,57.0
test,A2,Noise,nb,0.33,18,62,57,4234,,,,
test,A2,Noise,b,0.33,22,71,14,82,,,,
test,A2,Asm,all,0.34,165,1392,5,3478,596.0,796.0,4.0,1.0
test,A2,Asm,nb,0.34,150,796,1,2909,,,,
test,A2,Asm,b,0.34,15,596,4,569,,,,
test,A2,Babble,all,0.34,430,1247,101,2527,238.0,1009.0,28.0,73.0
test,A2,Babble,nb,0.34,394,1009,73,2269,,,,
test,A2,Babble,b,0.34,36,238,28,258,,,,
test,A2,Clean,all,0.34,4305,9,257,181,8.0,1.0,241.0,16.0
test,A2,Clean,nb,0.34,3945,1,16,152,,,,
test,A2,Clean,b,0.34,360,8,241,29,,,,
test,A2,Music,all,0.34,2346,227,200,2226,75.0,152.0,123.0,77.0
test,A2,Music,nb,0.34,2155,152,77,2097,,,,
test,A2,Music,b,0.34,191,75,123,129,,,,
test,A2,Noise,all,0.34,36,137,64,4323,73.0,64.0,13.0,51.0
test,A2,Noise,nb,0.34,16,64,51,4240,,,,
test,A2,Noise,b,0.34,20,73,13,83,,,,
test,A2,Asm,all,0.35,154,1403,4,3479,597.0,806.0,3.0,1.0
test,A2,Asm,nb,0.35,140,806,1,2909,,,,
test,A2,Asm,b,0.35,14,597,3,570,,,,
test,A2,Babble,all,0.35,414,1263,95,2533,240.0,1023.0,28.0,67.0
test,A2,Babble,nb,0.35,380,1023,67,2275,,,,
test,A2,Babble,b,0.35,34,240,28,258,,,,
test,A2,Clean,all,0.35,4305,9,254,184,8.0,1.0,241.0,13.0
test,A2,Clean,nb,0.35,3945,1,13,155,,,,
test,A2,Clean,b,0.35,360,8,241,29,,,,
test,A2,Music,all,0.35,2336,237,192,2234,78.0,159.0,119.0,73.0
test,A2,Music,nb,0.35,2148,159,73,2101,,,,
test,A2,Music,b,0.35,188,78,119,133,,,,
test,A2,Noise,all,0.35,35,138,61,4326,74.0,64.0,13.0,48.0
test,A2,Noise,nb,0.35,16,64,48,4243,,,,
test,A2,Noise,b,0.35,19,74,13,83,,,,
test,A2,Asm,all,0.36,148,1409,4,3479,597.0,812.0,3.0,1.0
test,A2,Asm,nb,0.36,134,812,1,2909,,,,
test,A2,Asm,b,0.36,14,597,3,570,,,,
test,A2,Babble,all,0.36,401,1276,87,2541,243.0,1033.0,27.0,60.0
test,A2,Babble,nb,0.36,370,1033,60,2282,,,,
test,A2,Babble,b,0.36,31,243,27,259,,,,
test,A2,Clean,all,0.36,4304,10,254,184,9.0,1.0,241.0,13.0
test,A2,Clean,nb,0.36,3945,1,13,155,,,,
test,A2,Clean,b,0.36,359,9,241,29,,,,
test,A2,Music,all,0.36,2321,252,183,2243,82.0,170.0,117.0,66.0
test,A2,Music,nb,0.36,2137,170,66,2108,,,,
test,A2,Music,b,0.36,184,82,117,135,,,,
test,A2,Noise,all,0.36,33,140,60,4327,76.0,64.0,13.0,47.0
test,A2,Noise,nb,0.36,16,64,47,4244,,,,
test,A2,Noise,b,0.36,17,76,13,83,,,,
test,A2,Asm,all,0.37,144,1413,4,3479,597.0,816.0,3.0,1.0
test,A2,Asm,nb,0.37,130,816,1,2909,,,,
test,A2,Asm,b,0.37,14,597,3,570,,,,
test,A2,Babble,all,0.37,385,1292,78,2550,244.0,1048.0,23.0,55.0
test,A2,Babble,nb,0.37,355,1048,55,2287,,,,
test,A2,Babble,b,0.37,30,244,23,263,,,,
test,A2,Clean,all,0.37,4304,10,251,187,9.0,1.0,240.0,11.0
test,A2,Clean,nb,0.37,3945,1,11,157,,,,
test,A2,Clean,b,0.37,359,9,240,30,,,,
test,A2,Music,all,0.37,2312,261,173,2253,83.0,178.0,113.0,60.0
test,A2,Music,nb,0.37,2129,178,60,2114,,,,
test,A2,Music,b,0.37,183,83,113,139,,,,
test,A2,Noise,all,0.37,31,142,57,4330,76.0,66.0,12.0,45.0
test,A2,Noise,nb,0.37,14,66,45,4246,,,,
test,A2,Noise,b,0.37,17,76,12,84,,,,
test,A2,Asm,all,0.38,138,1419,3,3480,597.0,822.0,2.0,1.0
test,A2,Asm,nb,0.38,124,822,1,2909,,,,
test,A2,Asm,b,0.38,14,597,2,571,,,,
test,A2,Babble,all,0.38,368,1309,68,2560,245.0,1064.0,21.0,47.0
test,A2,Babble,nb,0.38,339,1064,47,2295,,,,
test,A2,Babble,b,0.38,29,245,21,265,,,,
test,A2,Clean,all,0.38,4303,11,250,188,9.0,2.0,239.0,11.0
test,A2,Clean,nb,0.38,3944,2,11,157,,,,
test,A2,Clean,b,0.38,359,9,239,31,,,,
test,A2,Music,all,0.38,2295,278,167,2259,85.0,193.0,111.0,56.0
test,A2,Music,nb,0.38,2114,193,56,2118,,,,
test,A2,Music,b,0.38,181,85,111,141,,,,
test,A2,Noise,all,0.38,29,144,56,4331,78.0,66.0,11.0,45.0
test,A2,Noise,nb,0.38,14,66,45,4246,,,,
test,A2,Noise,b,0.38,15,78,11,85,,,,
test,A2,Asm,all,0.39,131,1426,3,3480,598.0,828.0,2.0,1.0
test,A2,Asm,nb,0.39,118,828,1,2909,,,,
test,A2,Asm,b,0.39,13,598,2,571,,,,
test,A2,Babble,all,0.39,351,1326,59,2569,248.0,1078.0,19.0,40.0
test,A2,Babble,nb,0.39,325,1078,40,2302,,,,
test,A2,Babble,b,0.39,26,248,19,267,,,,
test,A2,Clean,all,0.39,4301,13,248,190,10.0,3.0,238.0,10.0
test,A2,Clean,nb,0.39,3943,3,10,158,,,,
test,A2,Clean,b,0.39,358,10,238,32,,,,
test,A2,Music,all,0.39,2282,291,159,2267,87.0,204.0,107.0,52.0
test,A2,Music,nb,0.39,2103,204,52,2122,,,,
test,A2,Music,b,0.39,179,87,107,145,,,,
test,A2,Noise,all,0.39,27,146,53,4334,79.0,67.0,10.0,43.0
test,A2,Noise,nb,0.39,13,67,43,4248,,,,
test,A2,Noise,b,0.39,14,79,10,86,,,,
test,A2,Asm,all,0.4,128,1429,3,3480,598.0,831.0,2.0,1.0
test,A2,Asm,nb,0.4,115,831,1,2909,,,,
test,A2,Asm,b,0.4,13,598,2,571,,,,
test,A2,Babble,all,0.4,342,1335,51,2577,250.0,1085.0,16.0,35.0
test,A2,Babble,nb,0.4,318,1085,35,2307,,,,
test,A2,Babble,b,0.4,24,250,16,270,,,,
test,A2,Clean,all,0.4,4301,13,245,193,10.0,3.0,235.0,10.0
test,A2,Clean,nb,0.4,3943,3,10,158,,,,
test,A2,Clean,b,0.4,358,10,235,35,,,,
test,A2,Music,all,0.4,2268,305,156,2270,93.0,212.0,105.0,51.0
test,A2,Music,nb,0.4,2095,212,51,2123,,,,
test,A2,Music,b,0.4,173,93,105,147,,,,
test,A2,Noise,all,0.4,27,146,49,4338,79.0,67.0,9.0,40.0
test,A2,Noise,nb,0.4,13,67,40,4251,,,,
test,A2,Noise,b,0.4,14,79,9,87,,,,
test,A2,Asm,all,0.41,123,1434,2,3481,599.0,835.0,2.0,0.0
test,A2,Asm,nb,0.41,111,835,0,2910,,,,
test,A2,Asm,b,0.41,12,599,2,571,,,,
test,A2,Babble,all,0.41,326,1351,48,2580,253.0,1098.0,15.0,33.0
test,A2,Babble,nb,0.41,305,1098,33,2309,,,,
test,A2,Babble,b,0.41,21,253,15,271,,,,
test,A2,Clean,all,0.41,4299,15,240,198,11.0,4.0,231.0,9.0
test,A2,Clean,nb,0.41,3942,4,9,159,,,,
test,A2,Clean,b,0.41,357,11,231,39,,,,
test,A2,Music,all,0.41,2253,320,150,2276,97.0,223.0,103.0,47.0
test,A2,Music,nb,0.41,2084,223,47,2127,,,,
test,A2,Music,b,0.41,169,97,103,149,,,,
test,A2,Noise,all,0.41,24,149,45,4342,81.0,68.0,9.0,36.0
test,A2,Noise,nb,0.41,12,68,36,4255,,,,
test,A2,Noise,b,0.41,12,81,9,87,,,,
test,A2,Asm,all,0.42,119,1438,2,3481,600.0,838.0,2.0,0.0
test,A2,Asm,nb,0.42,108,838,0,2910,,,,
test,A2,Asm,b,0.42,11,600,2,571,,,,
test,A2,Babble,all,0.42,317,1360,45,2583,254.0,1106.0,15.0,30.0
test,A2,Babble,nb,0.42,297,1106,30,2312,,,,
test,A2,Babble,b,0.42,20,254,15,271,,,,
test,A2,Clean,all,0.42,4299,15,234,204,11.0,4.0,227.0,7.0
test,A2,Clean,nb,0.42,3942,4,7,161,,,,
test,A2,Clean,b,0.42,357,11,227,43,,,,
test,A2,Music,all,0.42,2242,331,148,2278,99.0,232.0,101.0,47.0
test,A2,Music,nb,0.42,2075,232,47,2127,,,,
test,A2,Music,b,0.42,167,99,101,151,,,,
test,A2,Noise,all,0.42,22,151,43,4344,81.0,70.0,9.0,34.0
test,A2,Noise,nb,0.42,10,70,34,4257,,,,
test,A2,Noise,b,0.42,12,81,9,87,,,,
test,A2,Asm,all,0.43,115,1442,2,3481,601.0,841.0,2.0,0.0
test,A2,Asm,nb,0.43,105,841,0,2910,,,,
test,A2,Asm,b,0.43,10,601,2,571,,,,
test,A2,Babble,all,0.43,309,1368,42,2586,255.0,1113.0,15.0,27.0
test,A2,Babble,nb,0.43,290,1113,27,2315,,,,
test,A2,Babble,b,0.43,19,255,15,271,,,,
test,A2,Clean,all,0.43,4298,16,230,208,12.0,4.0,224.0,6.0
test,A2,Clean,nb,0.43,3942,4,6,162,,,,
test,A2,Clean,b,0.43,356,12,224,46,,,,
test,A2,Music,all,0.43,2232,341,140,2286,101.0,240.0,94.0,46.0
test,A2,Music,nb,0.43,2067,240,46,2128,,,,
test,A2,Music,b,0.43,165,101,94,158,,,,
test,A2,Noise,all,0.43,22,151,42,4345,81.0,70.0,9.0,33.0
test,A2,Noise,nb,0.43,10,70,33,4258,,,,
test,A2,Noise,b,0.43,12,81,9,87,,,,
test,A2,Asm,all,0.44,108,1449,2,3481,601.0,848.0,2.0,0.0
test,A2,Asm,nb,0.44,98,848,0,2910,,,,
test,A2,Asm,b,0.44,10,601,2,571,,,,
test,A2,Babble,all,0.44,301,1376,39,2589,257.0,1119.0,13.0,26.0
test,A2,Babble,nb,0.44,284,1119,26,2316,,,,
test,A2,Babble,b,0.44,17,257,13,273,,,,
test,A2,Clean,all,0.44,4298,16,229,209,12.0,4.0,223.0,6.0
test,A2,Clean,nb,0.44,3942,4,6,162,,,,
test,A2,Clean,b,0.44,356,12,223,47,,,,
test,A2,Music,all,0.44,2223,350,134,2292,102.0,248.0,91.0,43.0
test,A2,Music,nb,0.44,2059,248,43,2131,,,,
test,A2,Music,b,0.44,164,102,91,161,,,,
test,A2,Noise,all,0.44,22,151,42,4345,81.0,70.0,9.0,33.0
test,A2,Noise,nb,0.44,10,70,33,4258,,,,
test,A2,Noise,b,0.44,12,81,9,87,,,,
test,A2,Asm,all,0.45,103,1454,2,3481,601.0,853.0,2.0,0.0
test,A2,Asm,nb,0.45,93,853,0,2910,,,,
test,A2,Asm,b,0.45,10,601,2,571,,,,
test,A2,Babble,all,0.45,294,1383,36,2592,257.0,1126.0,12.0,24.0
test,A2,Babble,nb,0.45,277,1126,24,2318,,,,
test,A2,Babble,b,0.45,17,257,12,274,,,,
test,A2,Clean,all,0.45,4298,16,226,212,12.0,4.0,222.0,4.0
test,A2,Clean,nb,0.45,3942,4,4,164,,,,
test,A2,Clean,b,0.45,356,12,222,48,,,,
test,A2,Music,all,0.45,2211,362,131,2295,104.0,258.0,90.0,41.0
test,A2,Music,nb,0.45,2049,258,41,2133,,,,
test,A2,Music,b,0.45,162,104,90,162,,,,
test,A2,Noise,all,0.45,20,153,41,4346,82.0,71.0,9.0,32.0
test,A2,Noise,nb,0.45,9,71,32,4259,,,,
test,A2,Noise,b,0.45,11,82,9,87,,,,
test,A2,Asm,all,0.46,100,1457,2,3481,601.0,856.0,2.0,0.0
test,A2,Asm,nb,0.46,90,856,0,2910,,,,
test,A2,Asm,b,0.46,10,601,2,571,,,,
test,A2,Babble,all,0.46,285,1392,30,2598,258.0,1134.0,11.0,19.0
test,A2,Babble,nb,0.46,269,1134,19,2323,,,,
test,A2,Babble,b,0.46,16,258,11,275,,,,
test,A2,Clean,all,0.46,4298,16,225,213,12.0,4.0,222.0,3.0
test,A2,Clean,nb,0.46,3942,4,3,165,,,,
test,A2,Clean,b,0.46,356,12,222,48,,,,
test,A2,Music,all,0.46,2199,374,126,2300,105.0,269.0,88.0,38.0
test,A2,Music,nb,0.46,2038,269,38,2136,,,,
test,A2,Music,b,0.46,161,105,88,164,,,,
test,A2,Noise,all,0.46,19,154,38,4349,83.0,71.0,6.0,32.0
test,A2,Noise,nb,0.46,9,71,32,4259,,,,
test,A2,Noise,b,0.46,10,83,6,90,,,,
test,A2,Asm,all,0.47,95,1462,1,3482,602.0,860.0,1.0,0.0
test,A2,Asm,nb,0.47,86,860,0,2910,,,,
test,A2,Asm,b,0.47,9,602,1,572,,,,
test,A2,Babble,all,0.47,277,1400,29,2599,259.0,1141.0,10.0,19.0
test,A2,Babble,nb,0.47,262,1141,19,2323,,,,
test,A2,Babble,b,0.47,15,259,10,276,,,,
test,A2,Clean,all,0.47,4297,17,223,215,12.0,5.0,221.0,2.0
test,A2,Clean,nb,0.47,3941,5,2,166,,,,
test,A2,Clean,b,0.47,356,12,221,49,,,,
test,A2,Music,all,0.47,2182,391,120,2306,107.0,284.0,85.0,35.0
test,A2,Music,nb,0.47,2023,284,35,2139,,,,
test,A2,Music,b,0.47,159,107,85,167,,,,
test,A2,Noise,all,0.47,19,154,35,4352,83.0,71.0,6.0,29.0
test,A2,Noise,nb,0.47,9,71,29,4262,,,,
test,A2,Noise,b,0.47,10,83,6,90,,,,
test,A2,Asm,all,0.48,88,1469,1,3482,603.0,866.0,1.0,0.0
test,A2,Asm,nb,0.48,80,866,0,2910,,,,
test,A2,Asm,b,0.48,8,603,1,572,,,,
test,A2,Babble,all,0.48,272,1405,28,2600,261.0,1144.0,10.0,18.0
test,A2,Babble,nb,0.48,259,1144,18,2324,,,,
test,A2,Babble,b,0.48,13,261,10,276,,,,
test,A2,Clean,all,0.48,4295,19,222,216,13.0,6.0,220.0,2.0
test,A2,Clean,nb,0.48,3940,6,2,166,,,,
test,A2,Clean,b,0.48,355,13,220,50,,,,
test,A2,Music,all,0.48,2168,405,115,2311,110.0,295.0,81.0,34.0
test,A2,Music,nb,0.48,2012,295,34,2140,,,,
test,A2,Music,b,0.48,156,110,81,171,,,,
test,A2,Noise,all,0.48,19,154,32,4355,83.0,71.0,6.0,26.0
test,A2,Noise,nb,0.48,9,71,26,4265,,,,
test,A2,Noise,b,0.48,10,83,6,90,,,,
test,A2,Asm,all,0.49,84,1473,1,3482,604.0,869.0,1.0,0.0
test,A2,Asm,nb,0.49,77,869,0,2910,,,,
test,A2,Asm,b,0.49,7,604,1,572,,,,
test,A2,Babble,all,0.49,264,1413,25,2603,262.0,1151.0,9.0,16.0
test,A2,Babble,nb,0.49,252,1151,16,2326,,,,
test,A2,Babble,b,0.49,12,262,9,277,,,,
test,A2,Clean,all,0.49,4293,21,221,217,15.0,6.0,219.0,2.0
test,A2,Clean,nb,0.49,3940,6,2,166,,,,
test,A2,Clean,b,0.49,353,15,219,51,,,,
test,A2,Music,all,0.49,2154,419,109,2317,111.0,308.0,78.0,31.0
test,A2,Music,nb,0.49,1999,308,31,2143,,,,
test,A2,Music,b,0.49,155,111,78,174,,,,
test,A2,Noise,all,0.49,18,155,31,4356,84.0,71.0,5.0,26.0
test,A2,Noise,nb,0.49,9,71,26,4265,,,,
test,A2,Noise,b,0.49,9,84,5,91,,,,
test,A2,Asm,all,0.5,82,1475,1,3482,604.0,871.0,1.0,0.0
test,A2,Asm,nb,0.5,75,871,0,2910,,,,
test,A2,Asm,b,0.5,7,604,1,572,,,,
test,A2,Babble,all,0.5,252,1425,24,2604,263.0,1162.0,9.0,15.0
test,A2,Babble,nb,0.5,241,1162,15,2327,,,,
test,A2,Babble,b,0.5,11,263,9,277,,,,
test,A2,Clean,all,0.5,4293,21,218,220,15.0,6.0,216.0,2.0
test,A2,Clean,nb,0.5,3940,6,2,166,,,,
test,A2,Clean,b,0.5,353,15,216,54,,,,
test,A2,Music,all,0.5,2140,433,103,2323,112.0,321.0,76.0,27.0
test,A2,Music,nb,0.5,1986,321,27,2147,,,,
test,A2,Music,b,0.5,154,112,76,176,,,,
test,A2,Noise,all,0.5,17,156,30,4357,85.0,71.0,5.0,25.0
test,A2,Noise,nb,0.5,9,71,25,4266,,,,
test,A2,Noise,b,0.5,8,85,5,91,,,,
test,A2,Asm,all,0.51,77,1480,0,3483,605.0,875.0,0.0,0.0
test,A2,Asm,nb,0.51,71,875,0,2910,,,,
test,A2,Asm,b,0.51,6,605,0,573,,,,
test,A2,Babble,all,0.51,244,1433,22,2606,263.0,1170.0,9.0,13.0
test,A2,Babble,nb,0.51,233,1170,13,2329,,,,
test,A2,Babble,b,0.51,11,263,9,277,,,,
test,A2,Clean,all,0.51,4292,22,213,225,15.0,7.0,212.0,1.0
test,A2,Clean,nb,0.51,3939,7,1,167,,,,
test,A2,Clean,b,0.51,353,15,212,58,,,,
test,A2,Music,all,0.51,2135,438,100,2326,113.0,325.0,73.0,27.0
test,A2,Music,nb,0.51,1982,325,27,2147,,,,
test,A2,Music,b,0.51,153,113,73,179,,,,
test,A2,Noise,all,0.51,16,157,28,4359,85.0,72.0,4.0,24.0
test,A2,Noise,nb,0.51,8,72,24,4267,,,,
test,A2,Noise,b,0.51,8,85,4,92,,,,
test,A2,Asm,all,0.52,74,1483,0,3483,606.0,877.0,0.0,0.0
test,A2,Asm,nb,0.52,69,877,0,2910,,,,
test,A2,Asm,b,0.52,5,606,0,573,,,,
test,A2,Babble,all,0.52,236,1441,20,2608,263.0,1178.0,9.0,11.0
test,A2,Babble,nb,0.52,225,1178,11,2331,,,,
test,A2,Babble,b,0.52,11,263,9,277,,,,
test,A2,Clean,all,0.52,4291,23,211,227,15.0,8.0,211.0,0.0
test,A2,Clean,nb,0.52,3938,8,0,168,,,,
test,A2,Clean,b,0.52,353,15,211,59,,,,
test,A2,Music,all,0.52,2123,450,97,2329,115.0,335.0,72.0,25.0
test,A2,Music,nb,0.52,1972,335,25,2149,,,,
test,A2,Music,b,0.52,151,115,72,180,,,,
test,A2,Noise,all,0.52,14,159,27,4360,86.0,73.0,4.0,23.0
test,A2,Noise,nb,0.52,7,73,23,4268,,,,
test,A2,Noise,b,0.52,7,86,4,92,,,,
test,A2,Asm,all,0.53,66,1491,0,3483,607.0,884.0,0.0,0.0
test,A2,Asm,nb,0.53,62,884,0,2910,,,,
test,A2,Asm,b,0.53,4,607,0,573,,,,
test,A2,Babble,all,0.53,226,1451,18,2610,264.0,1187.0,8.0,10.0
test,A2,Babble,nb,0.53,216,1187,10,2332,,,,
test,A2,Babble,b,0.53,10,264,8,278,,,,
test,A2,Clean,all,0.53,4289,25,207,231,15.0,10.0,207.0,0.0
test,A2,Clean,nb,0.53,3936,10,0,168,,,,
test,A2,Clean,b,0.53,353,15,207,63,,,,
test,A2,Music,all,0.53,2101,472,92,2334,120.0,352.0,71.0,21.0
test,A2,Music,nb,0.53,1955,352,21,2153,,,,
test,A2,Music,b,0.53,146,120,71,181,,,,
test,A2,Noise,all,0.53,12,161,25,4362,88.0,73.0,3.0,22.0
test,A2,Noise,nb,0.53,7,73,22,4269,,,,
test,A2,Noise,b,0.53,5,88,3,93,,,,
test,A2,Asm,all,0.54,64,1493,0,3483,607.0,886.0,0.0,0.0
test,A2,Asm,nb,0.54,60,886,0,2910,,,,
test,A2,Asm,b,0.54,4,607,0,573,,,,
test,A2,Babble,all,0.54,220,1457,16,2612,265.0,1192.0,8.0,8.0
test,A2,Babble,nb,0.54,211,1192,8,2334,,,,
test,A2,Babble,b,0.54,9,265,8,278,,,,
test,A2,Clean,all,0.54,4288,26,206,232,16.0,10.0,206.0,0.0
test,A2,Clean,nb,0.54,3936,10,0,168,,,,
test,A2,Clean,b,0.54,352,16,206,64,,,,
test,A2,Music,all,0.54,2078,495,88,2338,122.0,373.0,68.0,20.0
test,A2,Music,nb,0.54,1934,373,20,2154,,,,
test,A2,Music,b,0.54,144,122,68,184,,,,
test,A2,Noise,all,0.54,12,161,25,4362,88.0,73.0,3.0,22.0
test,A2,Noise,nb,0.54,7,73,22,4269,,,,
test,A2,Noise,b,0.54,5,88,3,93,,,,
test,A2,Asm,all,0.55,60,1497,0,3483,608.0,889.0,0.0,0.0
test,A2,Asm,nb,0.55,57,889,0,2910,,,,
test,A2,Asm,b,0.55,3,608,0,573,,,,
test,A2,Babble,all,0.55,208,1469,12,2616,266.0,1203.0,5.0,7.0
test,A2,Babble,nb,0.55,200,1203,7,2335,,,,
test,A2,Babble,b,0.55,8,266,5,281,,,,
test,A2,Clean,all,0.55,4288,26,203,235,16.0,10.0,203.0,0.0
test,A2,Clean,nb,0.55,3936,10,0,168,,,,
test,A2,Clean,b,0.55,352,16,203,67,,,,
test,A2,Music,all,0.55,2060,513,83,2343,125.0,388.0,63.0,20.0
test,A2,Music,nb,0.55,1919,388,20,2154,,,,
test,A2,Music,b,0.55,141,125,63,189,,,,
test,A2,Noise,all,0.55,12,161,25,4362,88.0,73.0,3.0,22.0
test,A2,Noise,nb,0.55,7,73,22,4269,,,,
test,A2,Noise,b,0.55,5,88,3,93,,,,
test,A2,Asm,all,0.56,55,1502,0,3483,608.0,894.0,0.0,0.0
test,A2,Asm,nb,0.56,52,894,0,2910,,,,
test,A2,Asm,b,0.56,3,608,0,573,,,,
test,A2,Babble,all,0.56,206,1471,11,2617,266.0,1205.0,5.0,6.0
test,A2,Babble,nb,0.56,198,1205,6,2336,,,,
test,A2,Babble,b,0.56,8,266,5,281,,,,
test,A2,Clean,all,0.56,4288,26,199,239,16.0,10.0,199.0,0.0
test,A2,Clean,nb,0.56,3936,10,0,168,,,,
test,A2,Clean,b,0.56,352,16,199,71,,,,
test,A2,Music,all,0.56,2047,526,82,2344,125.0,401.0,62.0,20.0
test,A2,Music,nb,0.56,1906,401,20,2154,,,,
test,A2,Music,b,0.56,141,125,62,190,,,,
test,A2,Noise,all,0.56,11,162,24,4363,89.0,73.0,3.0,21.0
test,A2,Noise,nb,0.56,7,73,21,4270,,,,
test,A2,Noise,b,0.56,4,89,3,93,,,,
test,A2,Asm,all,0.57,51,1506,0,3483,608.0,898.0,0.0,0.0
test,A2,Asm,nb,0.57,48,898,0,2910,,,,
test,A2,Asm,b,0.57,3,608,0,573,,,,
test,A2,Babble,all,0.57,199,1478,10,2618,266.0,1212.0,5.0,5.0
test,A2,Babble,nb,0.57,191,1212,5,2337,,,,
test,A2,Babble,b,0.57,8,266,5,281,,,,
test,A2,Clean,all,0.57,4288,26,195,243,16.0,10.0,195.0,0.0
test,A2,Clean,nb,0.57,3936,10,0,168,,,,
test,A2,Clean,b,0.57,352,16,195,75,,,,
test,A2,Music,all,0.57,2022,551,76,2350,130.0,421.0,57.0,19.0
test,A2,Music,nb,0.57,1886,421,19,2155,,,,
test,A2,Music,b,0.57,136,130,57,195,,,,
test,A2,Noise,all,0.57,11,162,23,4364,89.0,73.0,3.0,20.0
test,A2,Noise,nb,0.57,7,73,20,4271,,,,
test,A2,Noise,b,0.57,4,89,3,93,,,,
test,A2,Asm,all,0.58,49,1508,0,3483,608.0,900.0,0.0,0.0
test,A2,Asm,nb,0.58,46,900,0,2910,,,,
test,A2,Asm,b,0.58,3,608,0,573,,,,
test,A2,Babble,all,0.58,193,1484,10,2618,266.0,1218.0,5.0,5.0
test,A2,Babble,nb,0.58,185,1218,5,2337,,,,
test,A2,Babble,b,0.58,8,266,5,281,,,,
test,A2,Clean,all,0.58,4287,27,191,247,17.0,10.0,191.0,0.0
test,A2,Clean,nb,0.58,3936,10,0,168,,,,
test,A2,Clean,b,0.58,351,17,191,79,,,,
test,A2,Music,all,0.58,1992,581,72,2354,136.0,445.0,53.0,19.0
test,A2,Music,nb,0.58,1862,445,19,2155,,,,
test,A2,Music,b,0.58,130,136,53,199,,,,
test,A2,Noise,all,0.58,10,163,20,4367,89.0,74.0,3.0,17.0
test,A2,Noise,nb,0.58,6,74,17,4274,,,,
test,A2,Noise,b,0.58,4,89,3,93,,,,
test,A2,Asm,all,0.59,46,1511,0,3483,610.0,901.0,0.0,0.0
test,A2,Asm,nb,0.59,45,901,0,2910,,,,
test,A2,Asm,b,0.59,1,610,0,573,,,,
test,A2,Babble,all,0.59,189,1488,9,2619,266.0,1222.0,5.0,4.0
test,A2,Babble,nb,0.59,181,1222,4,2338,,,,
test,A2,Babble,b,0.59,8,266,5,281,,,,
test,A2,Clean,all,0.59,4284,30,182,256,17.0,13.0,182.0,0.0
test,A2,Clean,nb,0.59,3933,13,0,168,,,,
test,A2,Clean,b,0.59,351,17,182,88,,,,
test,A2,Music,all,0.59,1973,600,64,2362,137.0,463.0,47.0,17.0
test,A2,Music,nb,0.59,1844,463,17,2157,,,,
test,A2,Music,b,0.59,129,137,47,205,,,,
test,A2,Noise,all,0.59,10,163,19,4368,89.0,74.0,3.0,16.0
test,A2,Noise,nb,0.59,6,74,16,4275,,,,
test,A2,Noise,b,0.59,4,89,3,93,,,,
test,A2,Asm,all,0.6,44,1513,0,3483,610.0,903.0,0.0,0.0
test,A2,Asm,nb,0.6,43,903,0,2910,,,,
test,A2,Asm,b,0.6,1,610,0,573,,,,
test,A2,Babble,all,0.6,185,1492,7,2621,266.0,1226.0,5.0,2.0
test,A2,Babble,nb,0.6,177,1226,2,2340,,,,
test,A2,Babble,b,0.6,8,266,5,281,,,,
test,A2,Clean,all,0.6,4282,32,175,263,18.0,14.0,175.0,0.0
test,A2,Clean,nb,0.6,3932,14,0,168,,,,
test,A2,Clean,b,0.6,350,18,175,95,,,,
test,A2,Music,all,0.6,1952,621,60,2366,140.0,481.0,44.0,16.0
test,A2,Music,nb,0.6,1826,481,16,2158,,,,
test,A2,Music,b,0.6,126,140,44,208,,,,
test,A2,Noise,all,0.6,9,164,18,4369,90.0,74.0,3.0,15.0
test,A2,Noise,nb,0.6,6,74,15,4276,,,,
test,A2,Noise,b,0.6,3,90,3,93,,,,
test,A2,Asm,all,0.61,43,1514,0,3483,610.0,904.0,0.0,0.0
test,A2,Asm,nb,0.61,42,904,0,2910,,,,
test,A2,Asm,b,0.61,1,610,0,573,,,,
test,A2,Babble,all,0.61,181,1496,6,2622,266.0,1230.0,5.0,1.0
test,A2,Babble,nb,0.61,173,1230,1,2341,,,,
test,A2,Babble,b,0.61,8,266,5,281,,,,
test,A2,Clean,all,0.61,4281,33,172,266,19.0,14.0,172.0,0.0
test,A2,Clean,nb,0.61,3932,14,0,168,,,,
test,A2,Clean,b,0.61,349,19,172,98,,,,
test,A2,Music,all,0.61,1939,634,58,2368,140.0,494.0,42.0,16.0
test,A2,Music,nb,0.61,1813,494,16,2158,,,,
test,A2,Music,b,0.61,126,140,42,210,,,,
test,A2,Noise,all,0.61,8,165,18,4369,90.0,75.0,3.0,15.0
test,A2,Noise,nb,0.61,5,75,15,4276,,,,
test,A2,Noise,b,0.61,3,90,3,93,,,,
test,A2,Asm,all,0.62,42,1515,0,3483,610.0,905.0,0.0,0.0
test,A2,Asm,nb,0.62,41,905,0,2910,,,,
test,A2,Asm,b,0.62,1,610,0,573,,,,
test,A2,Babble,all,0.62,177,1500,5,2623,266.0,1234.0,4.0,1.0
test,A2,Babble,nb,0.62,169,1234,1,2341,,,,
test,A2,Babble,b,0.62,8,266,4,282,,,,
test,A2,Clean,all,0.62,4281,33,169,269,19.0,14.0,169.0,0.0
test,A2,Clean,nb,0.62,3932,14,0,168,,,,
test,A2,Clean,b,0.62,349,19,169,101,,,,
test,A2,Music,all,0.62,1915,658,54,2372,145.0,513.0,38.0,16.0
test,A2,Music,nb,0.62,1794,513,16,2158,,,,
test,A2,Music,b,0.62,121,145,38,214,,,,
test,A2,Noise,all,0.62,8,165,17,4370,90.0,75.0,3.0,14.0
test,A2,Noise,nb,0.62,5,75,14,4277,,,,
test,A2,Noise,b,0.62,3,90,3,93,,,,
test,A2,Asm,all,0.63,42,1515,0,3483,610.0,905.0,0.0,0.0
test,A2,Asm,nb,0.63,41,905,0,2910,,,,
test,A2,Asm,b,0.63,1,610,0,573,,,,
test,A2,Babble,all,0.63,168,1509,3,2625,266.0,1243.0,3.0,0.0
test,A2,Babble,nb,0.63,160,1243,0,2342,,,,
test,A2,Babble,b,0.63,8,266,3,283,,,,
test,A2,Clean,all,0.63,4281,33,164,274,19.0,14.0,164.0,0.0
test,A2,Clean,nb,0.63,3932,14,0,168,,,,
test,A2,Clean,b,0.63,349,19,164,106,,,,
test,A2,Music,all,0.63,1891,682,53,2373,146.0,536.0,37.0,16.0
test,A2,Music,nb,0.63,1771,536,16,2158,,,,
test,A2,Music,b,0.63,120,146,37,215,,,,
test,A2,Noise,all,0.63,8,165,12,4375,90.0,75.0,3.0,9.0
test,A2,Noise,nb,0.63,5,75,9,4282,,,,
test,A2,Noise,b,0.63,3,90,3,93,,,,
test,A2,Asm,all,0.64,41,1516,0,3483,610.0,906.0,0.0,0.0
test,A2,Asm,nb,0.64,40,906,0,2910,,,,
test,A2,Asm,b,0.64,1,610,0,573,,,,
test,A2,Babble,all,0.64,161,1516,1,2627,266.0,1250.0,1.0,0.0
test,A2,Babble,nb,0.64,153,1250,0,2342,,,,
test,A2,Babble,b,0.64,8,266,1,285,,,,
test,A2,Clean,all,0.64,4277,37,161,277,21.0,16.0,161.0,0.0
test,A2,Clean,nb,0.64,3930,16,0,168,,,,
test,A2,Clean,b,0.64,347,21,161,109,,,,
test,A2,Music,all,0.64,1873,700,50,2376,148.0,552.0,35.0,15.0
test,A2,Music,nb,0.64,1755,552,15,2159,,,,
test,A2,Music,b,0.64,118,148,35,217,,,,
test,A2,Noise,all,0.64,8,165,12,4375,90.0,75.0,3.0,9.0
test,A2,Noise,nb,0.64,5,75,9,4282,,,,
test,A2,Noise,b,0.64,3,90,3,93,,,,
test,A2,Asm,all,0.65,39,1518,0,3483,610.0,908.0,0.0,0.0
test,A2,Asm,nb,0.65,38,908,0,2910,,,,
test,A2,Asm,b,0.65,1,610,0,573,,,,
test,A2,Babble,all,0.65,159,1518,1,2627,266.0,1252.0,1.0,0.0
test,A2,Babble,nb,0.65,151,1252,0,2342,,,,
test,A2,Babble,b,0.65,8,266,1,285,,,,
test,A2,Clean,all,0.65,4277,37,160,278,21.0,16.0,160.0,0.0
test,A2,Clean,nb,0.65,3930,16,0,168,,,,
test,A2,Clean,b,0.65,347,21,160,110,,,,
test,A2,Music,all,0.65,1855,718,48,2378,148.0,570.0,34.0,14.0
test,A2,Music,nb,0.65,1737,570,14,2160,,,,
test,A2,Music,b,0.65,118,148,34,218,,,,
test,A2,Noise,all,0.65,7,166,12,4375,90.0,76.0,3.0,9.0
test,A2,Noise,nb,0.65,4,76,9,4282,,,,
test,A2,Noise,b,0.65,3,90,3,93,,,,
test,A2,Asm,all,0.66,37,1520,0,3483,610.0,910.0,0.0,0.0
test,A2,Asm,nb,0.66,36,910,0,2910,,,,
test,A2,Asm,b,0.66,1,610,0,573,,,,
test,A2,Babble,all,0.66,150,1527,1,2627,266.0,1261.0,1.0,0.0
test,A2,Babble,nb,0.66,142,1261,0,2342,,,,
test,A2,Babble,b,0.66,8,266,1,285,,,,
test,A2,Clean,all,0.66,4276,38,159,279,21.0,17.0,159.0,0.0
test,A2,Clean,nb,0.66,3929,17,0,168,,,,
test,A2,Clean,b,0.66,347,21,159,111,,,,
test,A2,Music,all,0.66,1826,747,46,2380,152.0,595.0,33.0,13.0
test,A2,Music,nb,0.66,1712,595,13,2161,,,,
test,A2,Music,b,0.66,114,152,33,219,,,,
test,A2,Noise,all,0.66,6,167,11,4376,90.0,77.0,2.0,9.0
test,A2,Noise,nb,0.66,3,77,9,4282,,,,
test,A2,Noise,b,0.66,3,90,2,94,,,,
test,A2,Asm,all,0.67,34,1523,0,3483,610.0,913.0,0.0,0.0
test,A2,Asm,nb,0.67,33,913,0,2910,,,,
test,A2,Asm,b,0.67,1,610,0,573,,,,
test,A2,Babble,all,0.67,146,1531,1,2627,266.0,1265.0,1.0,0.0
test,A2,Babble,nb,0.67,138,1265,0,2342,,,,
test,A2,Babble,b,0.67,8,266,1,285,,,,
test,A2,Clean,all,0.67,4276,38,155,283,21.0,17.0,155.0,0.0
test,A2,Clean,nb,0.67,3929,17,0,168,,,,
test,A2,Clean,b,0.67,347,21,155,115,,,,
test,A2,Music,all,0.67,1810,763,43,2383,157.0,606.0,30.0,13.0
test,A2,Music,nb,0.67,1701,606,13,2161,,,,
test,A2,Music,b,0.67,109,157,30,222,,,,
test,A2,Noise,all,0.67,6,167,9,4378,90.0,77.0,2.0,7.0
test,A2,Noise,nb,0.67,3,77,7,4284,,,,
test,A2,Noise,b,0.67,3,90,2,94,,,,
test,A2,Asm,all,0.68,33,1524,0,3483,610.0,914.0,0.0,0.0
test,A2,Asm,nb,0.68,32,914,0,2910,,,,
test,A2,Asm,b,0.68,1,610,0,573,,,,
test,A2,Babble,all,0.68,142,1535,1,2627,266.0,1269.0,1.0,0.0
test,A2,Babble,nb,0.68,134,1269,0,2342,,,,
test,A2,Babble,b,0.68,8,266,1,285,,,,
test,A2,Clean,all,0.68,4276,38,154,284,21.0,17.0,154.0,0.0
test,A2,Clean,nb,0.68,3929,17,0,168,,,,
test,A2,Clean,b,0.68,347,21,154,116,,,,
test,A2,Music,all,0.68,1790,783,43,2383,159.0,624.0,30.0,13.0
test,A2,Music,nb,0.68,1683,624,13,2161,,,,
test,A2,Music,b,0.68,107,159,30,222,,,,
test,A2,Noise,all,0.68,6,167,8,4379,90.0,77.0,2.0,6.0
test,A2,Noise,nb,0.68,3,77,6,4285,,,,
test,A2,Noise,b,0.68,3,90,2,94,,,,
test,A2,Asm,all,0.69,30,1527,0,3483,610.0,917.0,0.0,0.0
test,A2,Asm,nb,0.69,29,917,0,2910,,,,
test,A2,Asm,b,0.69,1,610,0,573,,,,
test,A2,Babble,all,0.69,137,1540,1,2627,267.0,1273.0,1.0,0.0
test,A2,Babble,nb,0.69,130,1273,0,2342,,,,
test,A2,Babble,b,0.69,7,267,1,285,,,,
test,A2,Clean,all,0.69,4271,43,151,287,25.0,18.0,151.0,0.0
test,A2,Clean,nb,0.69,3928,18,0,168,,,,
test,A2,Clean,b,0.69,343,25,151,119,,,,
test,A2,Music,all,0.69,1761,812,41,2385,162.0,650.0,29.0,12.0
test,A2,Music,nb,0.69,1657,650,12,2162,,,,
test,A2,Music,b,0.69,104,162,29,223,,,,
test,A2,Noise,all,0.69,6,167,7,4380,90.0,77.0,2.0,5.0
test,A2,Noise,nb,0.69,3,77,5,4286,,,,
test,A2,Noise,b,0.69,3,90,2,94,,,,
test,A2,Asm,all,0.7,28,1529,0,3483,610.0,919.0,0.0,0.0
test,A2,Asm,nb,0.7,27,919,0,2910,,,,
test,A2,Asm,b,0.7,1,610,0,573,,,,
test,A2,Babble,all,0.7,133,1544,1,2627,267.0,1277.0,1.0,0.0
test,A2,Babble,nb,0.7,126,1277,0,2342,,,,
test,A2,Babble,b,0.7,7,267,1,285,,,,
test,A2,Clean,all,0.7,4267,47,148,290,27.0,20.0,148.0,0.0
test,A2,Clean,nb,0.7,3926,20,0,168,,,,
test,A2,Clean,b,0.7,341,27,148,122,,,,
test,A2,Music,all,0.7,1737,836,41,2385,164.0,672.0,29.0,12.0
test,A2,Music,nb,0.7,1635,672,12,2162,,,,
test,A2,Music,b,0.7,102,164,29,223,,,,
test,A2,Noise,all,0.7,6,167,7,4380,90.0,77.0,2.0,5.0
test,A2,Noise,nb,0.7,3,77,5,4286,,,,
test,A2,Noise,b,0.7,3,90,2,94,,,,
test,A2,Asm,all,0.71,27,1530,0,3483,610.0,920.0,0.0,0.0
test,A2,Asm,nb,0.71,26,920,0,2910,,,,
test,A2,Asm,b,0.71,1,610,0,573,,,,
test,A2,Babble,all,0.71,128,1549,1,2627,267.0,1282.0,1.0,0.0
test,A2,Babble,nb,0.71,121,1282,0,2342,,,,
test,A2,Babble,b,0.71,7,267,1,285,,,,
test,A2,Clean,all,0.71,4264,50,148,290,30.0,20.0,148.0,0.0
test,A2,Clean,nb,0.71,3926,20,0,168,,,,
test,A2,Clean,b,0.71,338,30,148,122,,,,
test,A2,Music,all,0.71,1711,862,37,2389,166.0,696.0,26.0,11.0
test,A2,Music,nb,0.71,1611,696,11,2163,,,,
test,A2,Music,b,0.71,100,166,26,226,,,,
test,A2,Noise,all,0.71,5,168,6,4381,91.0,77.0,2.0,4.0
test,A2,Noise,nb,0.71,3,77,4,4287,,,,
test,A2,Noise,b,0.71,2,91,2,94,,,,
test,A2,Asm,all,0.72,24,1533,0,3483,610.0,923.0,0.0,0.0
test,A2,Asm,nb,0.72,23,923,0,2910,,,,
test,A2,Asm,b,0.72,1,610,0,573,,,,
test,A2,Babble,all,0.72,126,1551,1,2627,267.0,1284.0,1.0,0.0
test,A2,Babble,nb,0.72,119,1284,0,2342,,,,
test,A2,Babble,b,0.72,7,267,1,285,,,,
test,A2,Clean,all,0.72,4263,51,147,291,31.0,20.0,147.0,0.0
test,A2,Clean,nb,0.72,3926,20,0,168,,,,
test,A2,Clean,b,0.72,337,31,147,123,,,,
test,A2,Music,all,0.72,1686,887,34,2392,169.0,718.0,23.0,11.0
test,A2,Music,nb,0.72,1589,718,11,2163,,,,
test,A2,Music,b,0.72,97,169,23,229,,,,
test,A2,Noise,all,0.72,5,168,6,4381,91.0,77.0,2.0,4.0
test,A2,Noise,nb,0.72,3,77,4,4287,,,,
test,A2,Noise,b,0.72,2,91,2,94,,,,
test,A2,Asm,all,0.73,24,1533,0,3483,610.0,923.0,0.0,0.0
test,A2,Asm,nb,0.73,23,923,0,2910,,,,
test,A2,Asm,b,0.73,1,610,0,573,,,,
test,A2,Babble,all,0.73,122,1555,1,2627,268.0,1287.0,1.0,0.0
test,A2,Babble,nb,0.73,116,1287,0,2342,,,,
test,A2,Babble,b,0.73,6,268,1,285,,,,
test,A2,Clean,all,0.73,4262,52,145,293,31.0,21.0,145.0,0.0
test,A2,Clean,nb,0.73,3925,21,0,168,,,,
test,A2,Clean,b,0.73,337,31,145,125,,,,
test,A2,Music,all,0.73,1662,911,32,2394,170.0,741.0,22.0,10.0
test,A2,Music,nb,0.73,1566,741,10,2164,,,,
test,A2,Music,b,0.73,96,170,22,230,,,,
test,A2,Noise,all,0.73,5,168,6,4381,91.0,77.0,2.0,4.0
test,A2,Noise,nb,0.73,3,77,4,4287,,,,
test,A2,Noise,b,0.73,2,91,2,94,,,,
test,A2,Asm,all,0.74,24,1533,0,3483,610.0,923.0,0.0,0.0
test,A2,Asm,nb,0.74,23,923,0,2910,,,,
test,A2,Asm,b,0.74,1,610,0,573,,,,
test,A2,Babble,all,0.74,119,1558,1,2627,269.0,1289.0,1.0,0.0
test,A2,Babble,nb,0.74,114,1289,0,2342,,,,
test,A2,Babble,b,0.74,5,269,1,285,,,,
test,A2,Clean,all,0.74,4261,53,142,296,31.0,22.0,142.0,0.0
test,A2,Clean,nb,0.74,3924,22,0,168,,,,
test,A2,Clean,b,0.74,337,31,142,128,,,,
test,A2,Music,all,0.74,1642,931,28,2398,175.0,756.0,19.0,9.0
test,A2,Music,nb,0.74,1551,756,9,2165,,,,
test,A2,Music,b,0.74,91,175,19,233,,,,
test,A2,Noise,all,0.74,4,169,6,4381,91.0,78.0,2.0,4.0
test,A2,Noise,nb,0.74,2,78,4,4287,,,,
test,A2,Noise,b,0.74,2,91,2,94,,,,
test,A2,Asm,all,0.75,21,1536,0,3483,611.0,925.0,0.0,0.0
test,A2,Asm,nb,0.75,21,925,0,2910,,,,
test,A2,Asm,b,0.75,0,611,0,573,,,,
test,A2,Babble,all,0.75,115,1562,1,2627,269.0,1293.0,1.0,0.0
test,A2,Babble,nb,0.75,110,1293,0,2342,,,,
test,A2,Babble,b,0.75,5,269,1,285,,,,
test,A2,Clean,all,0.75,4256,58,137,301,34.0,24.0,137.0,0.0
test,A2,Clean,nb,0.75,3922,24,0,168,,,,
test,A2,Clean,b,0.75,334,34,137,133,,,,
test,A2,Music,all,0.75,1610,963,26,2400,179.0,784.0,18.0,8.0
test,A2,Music,nb,0.75,1523,784,8,2166,,,,
test,A2,Music,b,0.75,87,179,18,234,,,,
test,A2,Noise,all,0.75,4,169,6,4381,91.0,78.0,2.0,4.0
test,A2,Noise,nb,0.75,2,78,4,4287,,,,
test,A2,Noise,b,0.75,2,91,2,94,,,,
test,A2,Asm,all,0.76,18,1539,0,3483,611.0,928.0,0.0,0.0
test,A2,Asm,nb,0.76,18,928,0,2910,,,,
test,A2,Asm,b,0.76,0,611,0,573,,,,
test,A2,Babble,all,0.76,106,1571,1,2627,270.0,1301.0,1.0,0.0
test,A2,Babble,nb,0.76,102,1301,0,2342,,,,
test,A2,Babble,b,0.76,4,270,1,285,,,,
test,A2,Clean,all,0.76,4251,63,133,305,38.0,25.0,133.0,0.0
test,A2,Clean,nb,0.76,3921,25,0,168,,,,
test,A2,Clean,b,0.76,330,38,133,137,,,,
test,A2,Music,all,0.76,1574,999,25,2401,184.0,815.0,17.0,8.0
test,A2,Music,nb,0.76,1492,815,8,2166,,,,
test,A2,Music,b,0.76,82,184,17,235,,,,
test,A2,Noise,all,0.76,4,169,4,4383,91.0,78.0,2.0,2.0
test,A2,Noise,nb,0.76,2,78,2,4289,,,,
test,A2,Noise,b,0.76,2,91,2,94,,,,
test,A2,Asm,all,0.77,17,1540,0,3483,611.0,929.0,0.0,0.0
test,A2,Asm,nb,0.77,17,929,0,2910,,,,
test,A2,Asm,b,0.77,0,611,0,573,,,,
test,A2,Babble,all,0.77,102,1575,1,2627,270.0,1305.0,1.0,0.0
test,A2,Babble,nb,0.77,98,1305,0,2342,,,,
test,A2,Babble,b,0.77,4,270,1,285,,,,
test,A2,Clean,all,0.77,4246,68,129,309,41.0,27.0,129.0,0.0
test,A2,Clean,nb,0.77,3919,27,0,168,,,,
test,A2,Clean,b,0.77,327,41,129,141,,,,
test,A2,Music,all,0.77,1545,1028,21,2405,186.0,842.0,15.0,6.0
test,A2,Music,nb,0.77,1465,842,6,2168,,,,
test,A2,Music,b,0.77,80,186,15,237,,,,
test,A2,Noise,all,0.77,4,169,4,4383,91.0,78.0,2.0,2.0
test,A2,Noise,nb,0.77,2,78,2,4289,,,,
test,A2,Noise,b,0.77,2,91,2,94,,,,
test,A2,Asm,all,0.78,16,1541,0,3483,611.0,930.0,0.0,0.0
test,A2,Asm,nb,0.78,16,930,0,2910,,,,
test,A2,Asm,b,0.78,0,611,0,573,,,,
test,A2,Babble,all,0.78,96,1581,1,2627,271.0,1310.0,1.0,0.0
test,A2,Babble,nb,0.78,93,1310,0,2342,,,,
test,A2,Babble,b,0.78,3,271,1,285,,,,
test,A2,Clean,all,0.78,4244,70,125,313,43.0,27.0,125.0,0.0
test,A2,Clean,nb,0.78,3919,27,0,168,,,,
test,A2,Clean,b,0.78,325,43,125,145,,,,
test,A2,Music,all,0.78,1518,1055,20,2406,190.0,865.0,14.0,6.0
test,A2,Music,nb,0.78,1442,865,6,2168,,,,
test,A2,Music,b,0.78,76,190,14,238,,,,
test,A2,Noise,all,0.78,4,169,4,4383,91.0,78.0,2.0,2.0
test,A2,Noise,nb,0.78,2,78,2,4289,,,,
test,A2,Noise,b,0.78,2,91,2,94,,,,
test,A2,Asm,all,0.79,15,1542,0,3483,611.0,931.0,0.0,0.0
test,A2,Asm,nb,0.79,15,931,0,2910,,,,
test,A2,Asm,b,0.79,0,611,0,573,,,,
test,A2,Babble,all,0.79,84,1593,1,2627,272.0,1321.0,1.0,0.0
test,A2,Babble,nb,0.79,82,1321,0,2342,,,,
test,A2,Babble,b,0.79,2,272,1,285,,,,
test,A2,Clean,all,0.79,4242,72,123,315,43.0,29.0,123.0,0.0
test,A2,Clean,nb,0.79,3917,29,0,168,,,,
test,A2,Clean,b,0.79,325,43,123,147,,,,
test,A2,Music,all,0.79,1484,1089,16,2410,192.0,897.0,11.0,5.0
test,A2,Music,nb,0.79,1410,897,5,2169,,,,
test,A2,Music,b,0.79,74,192,11,241,,,,
test,A2,Noise,all,0.79,2,171,2,4385,93.0,78.0,1.0,1.0
test,A2,Noise,nb,0.79,2,78,1,4290,,,,
test,A2,Noise,b,0.79,0,93,1,95,,,,
test,A2,Asm,all,0.8,14,1543,0,3483,611.0,932.0,0.0,0.0
test,A2,Asm,nb,0.8,14,932,0,2910,,,,
test,A2,Asm,b,0.8,0,611,0,573,,,,
test,A2,Babble,all,0.8,80,1597,1,2627,272.0,1325.0,1.0,0.0
test,A2,Babble,nb,0.8,78,1325,0,2342,,,,
test,A2,Babble,b,0.8,2,272,1,285,,,,
test,A2,Clean,all,0.8,4240,74,120,318,45.0,29.0,120.0,0.0
test,A2,Clean,nb,0.8,3917,29,0,168,,,,
test,A2,Clean,b,0.8,323,45,120,150,,,,
test,A2,Music,all,0.8,1456,1117,15,2411,194.0,923.0,10.0,5.0
test,A2,Music,nb,0.8,1384,923,5,2169,,,,
test,A2,Music,b,0.8,72,194,10,242,,,,
test,A2,Noise,all,0.8,2,171,2,4385,93.0,78.0,1.0,1.0
test,A2,Noise,nb,0.8,2,78,1,4290,,,,
test,A2,Noise,b,0.8,0,93,1,95,,,,
test,A2,Asm,all,0.81,14,1543,0,3483,611.0,932.0,0.0,0.0
test,A2,Asm,nb,0.81,14,932,0,2910,,,,
test,A2,Asm,b,0.81,0,611,0,573,,,,
test,A2,Babble,all,0.81,74,1603,0,2628,272.0,1331.0,0.0,0.0
test,A2,Babble,nb,0.81,72,1331,0,2342,,,,
test,A2,Babble,b,0.81,2,272,0,286,,,,
test,A2,Clean,all,0.81,4232,82,116,322,50.0,32.0,116.0,0.0
test,A2,Clean,nb,0.81,3914,32,0,168,,,,
test,A2,Clean,b,0.81,318,50,116,154,,,,
test,A2,Music,all,0.81,1411,1162,15,2411,195.0,967.0,10.0,5.0
test,A2,Music,nb,0.81,1340,967,5,2169,,,,
test,A2,Music,b,0.81,71,195,10,242,,,,
test,A2,Noise,all,0.81,1,172,2,4385,93.0,79.0,1.0,1.0
test,A2,Noise,nb,0.81,1,79,1,4290,,,,
test,A2,Noise,b,0.81,0,93,1,95,,,,
test,A2,Asm,all,0.82,13,1544,0,3483,611.0,933.0,0.0,0.0
test,A2,Asm,nb,0.82,13,933,0,2910,,,,
test,A2,Asm,b,0.82,0,611,0,573,,,,
test,A2,Babble,all,0.82,71,1606,0,2628,272.0,1334.0,0.0,0.0
test,A2,Babble,nb,0.82,69,1334,0,2342,,,,
test,A2,Babble,b,0.82,2,272,0,286,,,,
test,A2,Clean,all,0.82,4224,90,113,325,54.0,36.0,113.0,0.0
test,A2,Clean,nb,0.82,3910,36,0,168,,,,
test,A2,Clean,b,0.82,314,54,113,157,,,,
test,A2,Music,all,0.82,1370,1203,13,2413,197.0,1006.0,9.0,4.0
test,A2,Music,nb,0.82,1301,1006,4,2170,,,,
test,A2,Music,b,0.82,69,197,9,243,,,,
test,A2,Noise,all,0.82,1,172,1,4386,93.0,79.0,0.0,1.0
test,A2,Noise,nb,0.82,1,79,1,4290,,,,
test,A2,Noise,b,0.82,0,93,0,96,,,,
test,A2,Asm,all,0.83,13,1544,0,3483,611.0,933.0,0.0,0.0
test,A2,Asm,nb,0.83,13,933,0,2910,,,,
test,A2,Asm,b,0.83,0,611,0,573,,,,
test,A2,Babble,all,0.83,69,1608,0,2628,272.0,1336.0,0.0,0.0
test,A2,Babble,nb,0.83,67,1336,0,2342,,,,
test,A2,Babble,b,0.83,2,272,0,286,,,,
test,A2,Clean,all,0.83,4214,100,110,328,56.0,44.0,110.0,0.0
test,A2,Clean,nb,0.83,3902,44,0,168,,,,
test,A2,Clean,b,0.83,312,56,110,160,,,,
test,A2,Music,all,0.83,1349,1224,12,2414,201.0,1023.0,8.0,4.0
test,A2,Music,nb,0.83,1284,1023,4,2170,,,,
test,A2,Music,b,0.83,65,201,8,244,,,,
test,A2,Noise,all,0.83,1,172,1,4386,93.0,79.0,0.0,1.0
test,A2,Noise,nb,0.83,1,79,1,4290,,,,
test,A2,Noise,b,0.83,0,93,0,96,,,,
test,A2,Asm,all,0.84,10,1547,0,3483,611.0,936.0,0.0,0.0
test,A2,Asm,nb,0.84,10,936,0,2910,,,,
test,A2,Asm,b,0.84,0,611,0,573,,,,
test,A2,Babble,all,0.84,63,1614,0,2628,272.0,1342.0,0.0,0.0
test,A2,Babble,nb,0.84,61,1342,0,2342,,,,
test,A2,Babble,b,0.84,2,272,0,286,,,,
test,A2,Clean,all,0.84,4207,107,100,338,58.0,49.0,100.0,0.0
test,A2,Clean,nb,0.84,3897,49,0,168,,,,
test,A2,Clean,b,0.84,310,58,100,170,,,,
test,A2,Music,all,0.84,1312,1261,12,2414,206.0,1055.0,8.0,4.0
test,A2,Music,nb,0.84,1252,1055,4,2170,,,,
test,A2,Music,b,0.84,60,206,8,244,,,,
test,A2,Noise,all,0.84,1,172,1,4386,93.0,79.0,0.0,1.0
test,A2,Noise,nb,0.84,1,79,1,4290,,,,
test,A2,Noise,b,0.84,0,93,0,96,,,,
test,A2,Asm,all,0.85,9,1548,0,3483,611.0,937.0,0.0,0.0
test,A2,Asm,nb,0.85,9,937,0,2910,,,,
test,A2,Asm,b,0.85,0,611,0,573,,,,
test,A2,Babble,all,0.85,59,1618,0,2628,272.0,1346.0,0.0,0.0
test,A2,Babble,nb,0.85,57,1346,0,2342,,,,
test,A2,Babble,b,0.85,2,272,0,286,,,,
test,A2,Clean,all,0.85,4198,116,94,344,60.0,56.0,94.0,0.0
test,A2,Clean,nb,0.85,3890,56,0,168,,,,
test,A2,Clean,b,0.85,308,60,94,176,,,,
test,A2,Music,all,0.85,1269,1304,12,2414,210.0,1094.0,8.0,4.0
test,A2,Music,nb,0.85,1213,1094,4,2170,,,,
test,A2,Music,b,0.85,56,210,8,244,,,,
test,A2,Noise,all,0.85,1,172,1,4386,93.0,79.0,0.0,1.0
test,A2,Noise,nb,0.85,1,79,1,4290,,,,
test,A2,Noise,b,0.85,0,93,0,96,,,,
test,A2,Asm,all,0.86,8,1549,0,3483,611.0,938.0,0.0,0.0
test,A2,Asm,nb,0.86,8,938,0,2910,,,,
test,A2,Asm,b,0.86,0,611,0,573,,,,
test,A2,Babble,all,0.86,54,1623,0,2628,272.0,1351.0,0.0,0.0
test,A2,Babble,nb,0.86,52,1351,0,2342,,,,
test,A2,Babble,b,0.86,2,272,0,286,,,,
test,A2,Clean,all,0.86,4195,119,91,347,62.0,57.0,91.0,0.0
test,A2,Clean,nb,0.86,3889,57,0,168,,,,
test,A2,Clean,b,0.86,306,62,91,179,,,,
test,A2,Music,all,0.86,1216,1357,9,2417,212.0,1145.0,6.0,3.0
test,A2,Music,nb,0.86,1162,1145,3,2171,,,,
test,A2,Music,b,0.86,54,212,6,246,,,,
test,A2,Noise,all,0.86,1,172,1,4386,93.0,79.0,0.0,1.0
test,A2,Noise,nb,0.86,1,79,1,4290,,,,
test,A2,Noise,b,0.86,0,93,0,96,,,,
test,A2,Asm,all,0.87,4,1553,0,3483,611.0,942.0,0.0,0.0
test,A2,Asm,nb,0.87,4,942,0,2910,,,,
test,A2,Asm,b,0.87,0,611,0,573,,,,
test,A2,Babble,all,0.87,51,1626,0,2628,272.0,1354.0,0.0,0.0
test,A2,Babble,nb,0.87,49,1354,0,2342,,,,
test,A2,Babble,b,0.87,2,272,0,286,,,,
test,A2,Clean,all,0.87,4184,130,88,350,65.0,65.0,88.0,0.0
test,A2,Clean,nb,0.87,3881,65,0,168,,,,
test,A2,Clean,b,0.87,303,65,88,182,,,,
test,A2,Music,all,0.87,1170,1403,7,2419,216.0,1187.0,4.0,3.0
test,A2,Music,nb,0.87,1120,1187,3,2171,,,,
test,A2,Music,b,0.87,50,216,4,248,,,,
test,A2,Noise,all,0.87,1,172,1,4386,93.0,79.0,0.0,1.0
test,A2,Noise,nb,0.87,1,79,1,4290,,,,
test,A2,Noise,b,0.87,0,93,0,96,,,,
test,A2,Asm,all,0.88,4,1553,0,3483,611.0,942.0,0.0,0.0
test,A2,Asm,nb,0.88,4,942,0,2910,,,,
test,A2,Asm,b,0.88,0,611,0,573,,,,
test,A2,Babble,all,0.88,47,1630,0,2628,272.0,1358.0,0.0,0.0
test,A2,Babble,nb,0.88,45,1358,0,2342,,,,
test,A2,Babble,b,0.88,2,272,0,286,,,,
test,A2,Clean,all,0.88,4173,141,86,352,70.0,71.0,86.0,0.0
test,A2,Clean,nb,0.88,3875,71,0,168,,,,
test,A2,Clean,b,0.88,298,70,86,184,,,,
test,A2,Music,all,0.88,1124,1449,4,2422,219.0,1230.0,2.0,2.0
test,A2,Music,nb,0.88,1077,1230,2,2172,,,,
test,A2,Music,b,0.88,47,219,2,250,,,,
test,A2,Noise,all,0.88,0,173,1,4386,93.0,80.0,0.0,1.0
test,A2,Noise,nb,0.88,0,80,1,4290,,,,
test,A2,Noise,b,0.88,0,93,0,96,,,,
test,A2,Asm,all,0.89,4,1553,0,3483,611.0,942.0,0.0,0.0
test,A2,Asm,nb,0.89,4,942,0,2910,,,,
test,A2,Asm,b,0.89,0,611,0,573,,,,
test,A2,Babble,all,0.89,39,1638,0,2628,273.0,1365.0,0.0,0.0
test,A2,Babble,nb,0.89,38,1365,0,2342,,,,
test,A2,Babble,b,0.89,1,273,0,286,,,,
test,A2,Clean,all,0.89,4165,149,85,353,73.0,76.0,85.0,0.0
test,A2,Clean,nb,0.89,3870,76,0,168,,,,
test,A2,Clean,b,0.89,295,73,85,185,,,,
test,A2,Music,all,0.89,1065,1508,2,2424,227.0,1281.0,2.0,0.0
test,A2,Music,nb,0.89,1026,1281,0,2174,,,,
test,A2,Music,b,0.89,39,227,2,250,,,,
test,A2,Noise,all,0.89,0,173,1,4386,93.0,80.0,0.0,1.0
test,A2,Noise,nb,0.89,0,80,1,4290,,,,
test,A2,Noise,b,0.89,0,93,0,96,,,,
test,A2,Asm,all,0.9,4,1553,0,3483,611.0,942.0,0.0,0.0
test,A2,Asm,nb,0.9,4,942,0,2910,,,,
test,A2,Asm,b,0.9,0,611,0,573,,,,
test,A2,Babble,all,0.9,36,1641,0,2628,273.0,1368.0,0.0,0.0
test,A2,Babble,nb,0.9,35,1368,0,2342,,,,
test,A2,Babble,b,0.9,1,273,0,286,,,,
test,A2,Clean,all,0.9,4159,155,83,355,75.0,80.0,83.0,0.0
test,A2,Clean,nb,0.9,3866,80,0,168,,,,
test,A2,Clean,b,0.9,293,75,83,187,,,,
test,A2,Music,all,0.9,1024,1549,2,2424,229.0,1320.0,2.0,0.0
test,A2,Music,nb,0.9,987,1320,0,2174,,,,
test,A2,Music,b,0.9,37,229,2,250,,,,
test,A2,Noise,all,0.9,0,173,1,4386,93.0,80.0,0.0,1.0
test,A2,Noise,nb,0.9,0,80,1,4290,,,,
test,A2,Noise,b,0.9,0,93,0,96,,,,
test,A2,Asm,all,0.91,2,1555,0,3483,611.0,944.0,0.0,0.0
test,A2,Asm,nb,0.91,2,944,0,2910,,,,
test,A2,Asm,b,0.91,0,611,0,573,,,,
test,A2,Babble,all,0.91,31,1646,0,2628,274.0,1372.0,0.0,0.0
test,A2,Babble,nb,0.91,31,1372,0,2342,,,,
test,A2,Babble,b,0.91,0,274,0,286,,,,
test,A2,Clean,all,0.91,4151,163,78,360,79.0,84.0,78.0,0.0
test,A2,Clean,nb,0.91,3862,84,0,168,,,,
test,A2,Clean,b,0.91,289,79,78,192,,,,
test,A2,Music,all,0.91,970,1603,1,2425,231.0,1372.0,1.0,0.0
test,A2,Music,nb,0.91,935,1372,0,2174,,,,
test,A2,Music,b,0.91,35,231,1,251,,,,
test,A2,Noise,all,0.91,0,173,1,4386,93.0,80.0,0.0,1.0
test,A2,Noise,nb,0.91,0,80,1,4290,,,,
test,A2,Noise,b,0.91,0,93,0,96,,,,
test,A2,Asm,all,0.92,1,1556,0,3483,611.0,945.0,0.0,0.0
test,A2,Asm,nb,0.92,1,945,0,2910,,,,
test,A2,Asm,b,0.92,0,611,0,573,,,,
test,A2,Babble,all,0.92,28,1649,0,2628,274.0,1375.0,0.0,0.0
test,A2,Babble,nb,0.92,28,1375,0,2342,,,,
test,A2,Babble,b,0.92,0,274,0,286,,,,
test,A2,Clean,all,0.92,4134,180,73,365,85.0,95.0,73.0,0.0
test,A2,Clean,nb,0.92,3851,95,0,168,,,,
test,A2,Clean,b,0.92,283,85,73,197,,,,
test,A2,Music,all,0.92,905,1668,1,2425,234.0,1434.0,1.0,0.0
test,A2,Music,nb,0.92,873,1434,0,2174,,,,
test,A2,Music,b,0.92,32,234,1,251,,,,
test,A2,Noise,all,0.92,0,173,1,4386,93.0,80.0,0.0,1.0
test,A2,Noise,nb,0.92,0,80,1,4290,,,,
test,A2,Noise,b,0.92,0,93,0,96,,,,
test,A2,Asm,all,0.93,1,1556,0,3483,611.0,945.0,0.0,0.0
test,A2,Asm,nb,0.93,1,945,0,2910,,,,
test,A2,Asm,b,0.93,0,611,0,573,,,,
test,A2,Babble,all,0.93,20,1657,0,2628,274.0,1383.0,0.0,0.0
test,A2,Babble,nb,0.93,20,1383,0,2342,,,,
test,A2,Babble,b,0.93,0,274,0,286,,,,
test,A2,Clean,all,0.93,4110,204,65,373,93.0,111.0,65.0,0.0
test,A2,Clean,nb,0.93,3835,111,0,168,,,,
test,A2,Clean,b,0.93,275,93,65,205,,,,
test,A2,Music,all,0.93,826,1747,0,2426,238.0,1509.0,0.0,0.0
test,A2,Music,nb,0.93,798,1509,0,2174,,,,
test,A2,Music,b,0.93,28,238,0,252,,,,
test,A2,Noise,all,0.93,0,173,1,4386,93.0,80.0,0.0,1.0
test,A2,Noise,nb,0.93,0,80,1,4290,,,,
test,A2,Noise,b,0.93,0,93,0,96,,,,
test,A2,Asm,all,0.94,1,1556,0,3483,611.0,945.0,0.0,0.0
test,A2,Asm,nb,0.94,1,945,0,2910,,,,
test,A2,Asm,b,0.94,0,611,0,573,,,,
test,A2,Babble,all,0.94,16,1661,0,2628,274.0,1387.0,0.0,0.0
test,A2,Babble,nb,0.94,16,1387,0,2342,,,,
test,A2,Babble,b,0.94,0,274,0,286,,,,
test,A2,Clean,all,0.94,4088,226,64,374,100.0,126.0,64.0,0.0
test,A2,Clean,nb,0.94,3820,126,0,168,,,,
test,A2,Clean,b,0.94,268,100,64,206,,,,
test,A2,Music,all,0.94,752,1821,0,2426,241.0,1580.0,0.0,0.0
test,A2,Music,nb,0.94,727,1580,0,2174,,,,
test,A2,Music,b,0.94,25,241,0,252,,,,
test,A2,Noise,all,0.94,0,173,0,4387,93.0,80.0,0.0,0.0
test,A2,Noise,nb,0.94,0,80,0,4291,,,,
test,A2,Noise,b,0.94,0,93,0,96,,,,
test,A2,Asm,all,0.95,0,1557,0,3483,611.0,946.0,0.0,0.0
test,A2,Asm,nb,0.95,0,946,0,2910,,,,
test,A2,Asm,b,0.95,0,611,0,573,,,,
test,A2,Babble,all,0.95,13,1664,0,2628,274.0,1390.0,0.0,0.0
test,A2,Babble,nb,0.95,13,1390,0,2342,,,,
test,A2,Babble,b,0.95,0,274,0,286,,,,
test,A2,Clean,all,0.95,4057,257,62,376,108.0,149.0,62.0,0.0
test,A2,Clean,nb,0.95,3797,149,0,168,,,,
test,A2,Clean,b,0.95,260,108,62,208,,,,
test,A2,Music,all,0.95,657,1916,0,2426,249.0,1667.0,0.0,0.0
test,A2,Music,nb,0.95,640,1667,0,2174,,,,
test,A2,Music,b,0.95,17,249,0,252,,,,
test,A2,Noise,all,0.95,0,173,0,4387,93.0,80.0,0.0,0.0
test,A2,Noise,nb,0.95,0,80,0,4291,,,,
test,A2,Noise,b,0.95,0,93,0,96,,,,
test,A3,Asm,all,0.01,1439,118,2398,1085,44.0,74.0,517.0,1881.0
test,A3,Asm,nb,0.01,872,74,1881,1029,,,,
test,A3,Asm,b,0.01,567,44,517,56,,,,
test,A3,Babble,all,0.01,1673,4,2330,298,2.0,2.0,285.0,2045.0
test,A3,Babble,nb,0.01,1401,2,2045,297,,,,
test,A3,Babble,b,0.01,272,2,285,1,,,,
test,A3,Clean,all,0.01,4314,0,382,56,0.0,0.0,270.0,112.0
test,A3,Clean,nb,0.01,3946,0,112,56,,,,
test,A3,Clean,b,0.01,368,0,270,0,,,,
test,A3,Music,all,0.01,2556,17,1779,647,13.0,4.0,233.0,1546.0
test,A3,Music,nb,0.01,2303,4,1546,628,,,,
test,A3,Music,b,0.01,253,13,233,19,,,,
test,A3,Noise,all,0.01,108,65,1631,2756,29.0,36.0,66.0,1565.0
test,A3,Noise,nb,0.01,44,36,1565,2726,,,,
test,A3,Noise,b,0.01,64,29,66,30,,,,
test,A3,Asm,all,0.02,1197,360,1534,1949,160.0,200.0,408.0,1126.0
test,A3,Asm,nb,0.02,746,200,1126,1784,,,,
test,A3,Asm,b,0.02,451,160,408,165,,,,
test,A3,Babble,all,0.02,1669,8,2109,519,5.0,3.0,278.0,1831.0
test,A3,Babble,nb,0.02,1400,3,1831,511,,,,
test,A3,Babble,b,0.02,269,5,278,8,,,,
test,A3,Clean,all,0.02,4311,3,361,77,2.0,1.0,270.0,91.0
test,A3,Clean,nb,0.02,3945,1,91,77,,,,
test,A3,Clean,b,0.02,366,2,270,0,,,,
test,A3,Music,all,0.02,2543,30,1457,969,21.0,9.0,228.0,1229.0
test,A3,Music,nb,0.02,2298,9,1229,945,,,,
test,A3,Music,b,0.02,245,21,228,24,,,,
test,A3,Noise,all,0.02,107,66,1157,3230,30.0,36.0,63.0,1094.0
test,A3,Noise,nb,0.02,44,36,1094,3197,,,,
test,A3,Noise,b,0.02,63,30,63,33,,,,
test,A3,Asm,all,0.03,981,576,991,2492,264.0,312.0,293.0,698.0
test,A3,Asm,nb,0.03,634,312,698,2212,,,,
test,A3,Asm,b,0.03,347,264,293,280,,,,
test,A3,Babble,all,0.03,1660,17,1905,723,10.0,7.0,274.0,1631.0
test,A3,Babble,nb,0.03,1396,7,1631,711,,,,
test,A3,Babble,b,0.03,264,10,274,12,,,,
test,A3,Clean,all,0.03,4311,3,345,93,2.0,1.0,270.0,75.0
test,A3,Clean,nb,0.03,3945,1,75,93,,,,
test,A3,Clean,b,0.03,366,2,270,0,,,,
test,A3,Music,all,0.03,2535,38,1232,1194,23.0,15.0,224.0,1008.0
test,A3,Music,nb,0.03,2292,15,1008,1166,,,,
test,A3,Music,b,0.03,243,23,224,28,,,,
test,A3,Noise,all,0.03,106,67,913,3474,31.0,36.0,61.0,852.0
test,A3,Noise,nb,0.03,44,36,852,3439,,,,
test,A3,Noise,b,0.03,62,31,61,35,,,,
test,A3,Asm,all,0.04,844,713,675,2808,336.0,377.0,222.0,453.0
test,A3,Asm,nb,0.04,569,377,453,2457,,,,
test,A3,Asm,b,0.04,275,336,222,351,,,,
test,A3,Babble,all,0.04,1651,26,1722,906,14.0,12.0,265.0,1457.0
test,A3,Babble,nb,0.04,1391,12,1457,885,,,,
test,A3,Babble,b,0.04,260,14,265,21,,,,
test,A3,Clean,all,0.04,4311,3,339,99,2.0,1.0,269.0,70.0
test,A3,Clean,nb,0.04,3945,1,70,98,,,,
test,A3,Clean,b,0.04,366,2,269,1,,,,
test,A3,Music,all,0.04,2530,43,1056,1370,25.0,18.0,219.0,837.0
test,A3,Music,nb,0.04,2289,18,837,1337,,,,
test,A3,Music,b,0.04,241,25,219,33,,,,
test,A3,Noise,all,0.04,105,68,764,3623,31.0,37.0,60.0,704.0
test,A3,Noise,nb,0.04,43,37,704,3587,,,,
test,A3,Noise,b,0.04,62,31,60,36,,,,
test,A3,Asm,all,0.05,746,811,437,3046,389.0,422.0,172.0,265.0
test,A3,Asm,nb,0.05,524,422,265,2645,,,,
test,A3,Asm,b,0.05,222,389,172,401,,,,
test,A3,Babble,all,0.05,1630,47,1572,1056,17.0,30.0,258.0,1314.0
test,A3,Babble,nb,0.05,1373,30,1314,1028,,,,
test,A3,Babble,b,0.05,257,17,258,28,,,,
test,A3,Clean,all,0.05,4311,3,332,106,2.0,1.0,269.0,63.0
test,A3,Clean,nb,0.05,3945,1,63,105,,,,
test,A3,Clean,b,0.05,366,2,269,1,,,,
test,A3,Music,all,0.05,2520,53,927,1499,31.0,22.0,211.0,716.0
test,A3,Music,nb,0.05,2285,22,716,1458,,,,
test,A3,Music,b,0.05,235,31,211,41,,,,
test,A3,Noise,all,0.05,104,69,640,3747,32.0,37.0,56.0,584.0
test,A3,Noise,nb,0.05,43,37,584,3707,,,,
test,A3,Noise,b,0.05,61,32,56,40,,,,
test,A3,Asm,all,0.06,653,904,324,3159,428.0,476.0,133.0,191.0
test,A3,Asm,nb,0.06,470,476,191,2719,,,,
test,A3,Asm,b,0.06,183,428,133,440,,,,
test,A3,Babble,all,0.06,1596,81,1440,1188,28.0,53.0,252.0,1188.0
test,A3,Babble,nb,0.06,1350,53,1188,1154,,,,
test,A3,Babble,b,0.06,246,28,252,34,,,,
test,A3,Clean,all,0.06,4309,5,324,114,4.0,1.0,269.0,55.0
test,A3,Clean,nb,0.06,3945,1,55,113,,,,
test,A3,Clean,b,0.06,364,4,269,1,,,,
test,A3,Music,all,0.06,2517,56,847,1579,33.0,23.0,204.0,643.0
test,A3,Music,nb,0.06,2284,23,643,1531,,,,
test,A3,Music,b,0.06,233,33,204,48,,,,
test,A3,Noise,all,0.06,100,73,540,3847,35.0,38.0,54.0,486.0
test,A3,Noise,nb,0.06,42,38,486,3805,,,,
test,A3,Noise,b,0.06,58,35,54,42,,,,
test,A3,Asm,all,0.07,581,976,247,3236,462.0,514.0,104.0,143.0
test,A3,Asm,nb,0.07,432,514,143,2767,,,,
test,A3,Asm,b,0.07,149,462,104,469,,,,
test,A3,Babble,all,0.07,1553,124,1314,1314,40.0,84.0,240.0,1074.0
test,A3,Babble,nb,0.07,1319,84,1074,1268,,,,
test,A3,Babble,b,0.07,234,40,240,46,,,,
test,A3,Clean,all,0.07,4309,5,320,118,4.0,1.0,268.0,52.0
test,A3,Clean,nb,0.07,3945,1,52,116,,,,
test,A3,Clean,b,0.07,364,4,268,2,,,,
test,A3,Music,all,0.07,2513,60,781,1645,35.0,25.0,200.0,581.0
test,A3,Music,nb,0.07,2282,25,581,1593,,,,
test,A3,Music,b,0.07,231,35,200,52,,,,
test,A3,Noise,all,0.07,98,75,467,3920,37.0,38.0,48.0,419.0
test,A3,Noise,nb,0.07,42,38,419,3872,,,,
test,A3,Noise,b,0.07,56,37,48,48,,,,
test,A3,Asm,all,0.08,527,1030,205,3278,483.0,547.0,92.0,113.0
test,A3,Asm,nb,0.08,399,547,113,2797,,,,
test,A3,Asm,b,0.08,128,483,92,481,,,,
test,A3,Babble,all,0.08,1504,173,1186,1442,50.0,123.0,225.0,961.0
test,A3,Babble,nb,0.08,1280,123,961,1381,,,,
test,A3,Babble,b,0.08,224,50,225,61,,,,
test,A3,Clean,all,0.08,4309,5,316,122,4.0,1.0,268.0,48.0
test,A3,Clean,nb,0.08,3945,1,48,120,,,,
test,A3,Clean,b,0.08,364,4,268,2,,,,
test,A3,Music,all,0.08,2507,66,719,1707,37.0,29.0,198.0,521.0
test,A3,Music,nb,0.08,2278,29,521,1653,,,,
test,A3,Music,b,0.08,229,37,198,54,,,,
test,A3,Noise,all,0.08,94,79,431,3956,41.0,38.0,46.0,385.0
test,A3,Noise,nb,0.08,42,38,385,3906,,,,
test,A3,Noise,b,0.08,52,41,46,50,,,,
test,A3,Asm,all,0.09,486,1071,156,3327,501.0,570.0,70.0,86.0
test,A3,Asm,nb,0.09,376,570,86,2824,,,,
test,A3,Asm,b,0.09,110,501,70,503,,,,
test,A3,Babble,all,0.09,1437,240,1073,1555,69.0,171.0,208.0,865.0
test,A3,Babble,nb,0.09,1232,171,865,1477,,,,
test,A3,Babble,b,0.09,205,69,208,78,,,,
test,A3,Clean,all,0.09,4309,5,315,123,4.0,1.0,268.0,47.0
test,A3,Clean,nb,0.09,3945,1,47,121,,,,
test,A3,Clean,b,0.09,364,4,268,2,,,,
test,A3,Music,all,0.09,2503,70,667,1759,41.0,29.0,191.0,476.0
test,A3,Music,nb,0.09,2278,29,476,1698,,,,
test,A3,Music,b,0.09,225,41,191,61,,,,
test,A3,Noise,all,0.09,90,83,388,3999,44.0,39.0,42.0,346.0
test,A3,Noise,nb,0.09,41,39,346,3945,,,,
test,A3,Noise,b,0.09,49,44,42,54,,,,
test,A3,Asm,all,0.1,447,1110,127,3356,515.0,595.0,60.0,67.0
test,A3,Asm,nb,0.1,351,595,67,2843,,,,
test,A3,Asm,b,0.1,96,515,60,513,,,,
test,A3,Babble,all,0.1,1391,286,971,1657,79.0,207.0,187.0,784.0
test,A3,Babble,nb,0.1,1196,207,784,1558,,,,
test,A3,Babble,b,0.1,195,79,187,99,,,,
test,A3,Clean,all,0.1,4309,5,313,125,4.0,1.0,268.0,45.0
test,A3,Clean,nb,0.1,3945,1,45,123,,,,
test,A3,Clean,b,0.1,364,4,268,2,,,,
test,A3,Music,all,0.1,2495,78,615,1811,45.0,33.0,186.0,429.0
test,A3,Music,nb,0.1,2274,33,429,1745,,,,
test,A3,Music,b,0.1,221,45,186,66,,,,
test,A3,Noise,all,0.1,88,85,355,4032,46.0,39.0,41.0,314.0
test,A3,Noise,nb,0.1,41,39,314,3977,,,,
test,A3,Noise,b,0.1,47,46,41,55,,,,
test,A3,Asm,all,0.11,427,1130,104,3379,525.0,605.0,49.0,55.0
test,A3,Asm,nb,0.11,341,605,55,2855,,,,
test,A3,Asm,b,0.11,86,525,49,524,,,,
test,A3,Babble,all,0.11,1337,340,870,1758,93.0,247.0,170.0,700.0
test,A3,Babble,nb,0.11,1156,247,700,1642,,,,
test,A3,Babble,b,0.11,181,93,170,116,,,,
test,A3,Clean,all,0.11,4309,5,307,131,4.0,1.0,267.0,40.0
test,A3,Clean,nb,0.11,3945,1,40,128,,,,
test,A3,Clean,b,0.11,364,4,267,3,,,,
test,A3,Music,all,0.11,2490,83,576,1850,48.0,35.0,181.0,395.0
test,A3,Music,nb,0.11,2272,35,395,1779,,,,
test,A3,Music,b,0.11,218,48,181,71,,,,
test,A3,Noise,all,0.11,84,89,327,4060,49.0,40.0,39.0,288.0
test,A3,Noise,nb,0.11,40,40,288,4003,,,,
test,A3,Noise,b,0.11,44,49,39,57,,,,
test,A3,Asm,all,0.12,402,1155,85,3398,535.0,620.0,39.0,46.0
test,A3,Asm,nb,0.12,326,620,46,2864,,,,
test,A3,Asm,b,0.12,76,535,39,534,,,,
test,A3,Babble,all,0.12,1269,408,794,1834,104.0,304.0,165.0,629.0
test,A3,Babble,nb,0.12,1099,304,629,1713,,,,
test,A3,Babble,b,0.12,170,104,165,121,,,,
test,A3,Clean,all,0.12,4309,5,307,131,4.0,1.0,267.0,40.0
test,A3,Clean,nb,0.12,3945,1,40,128,,,,
test,A3,Clean,b,0.12,364,4,267,3,,,,
test,A3,Music,all,0.12,2485,88,536,1890,49.0,39.0,179.0,357.0
test,A3,Music,nb,0.12,2268,39,357,1817,,,,
test,A3,Music,b,0.12,217,49,179,73,,,,
test,A3,Noise,all,0.12,83,90,303,4084,50.0,40.0,37.0,266.0
test,A3,Noise,nb,0.12,40,40,266,4025,,,,
test,A3,Noise,b,0.12,43,50,37,59,,,,
test,A3,Asm,all,0.13,376,1181,68,3415,546.0,635.0,30.0,38.0
test,A3,Asm,nb,0.13,311,635,38,2872,,,,
test,A3,Asm,b,0.13,65,546,30,543,,,,
test,A3,Babble,all,0.13,1192,485,725,1903,113.0,372.0,152.0,573.0
test,A3,Babble,nb,0.13,1031,372,573,1769,,,,
test,A3,Babble,b,0.13,161,113,152,134,,,,
test,A3,Clean,all,0.13,4309,5,307,131,4.0,1.0,267.0,40.0
test,A3,Clean,nb,0.13,3945,1,40,128,,,,
test,A3,Clean,b,0.13,364,4,267,3,,,,
test,A3,Music,all,0.13,2479,94,511,1915,51.0,43.0,178.0,333.0
test,A3,Music,nb,0.13,2264,43,333,1841,,,,
test,A3,Music,b,0.13,215,51,178,74,,,,
test,A3,Noise,all,0.13,80,93,278,4109,52.0,41.0,37.0,241.0
test,A3,Noise,nb,0.13,39,41,241,4050,,,,
test,A3,Noise,b,0.13,41,52,37,59,,,,
test,A3,Asm,all,0.14,354,1203,57,3426,551.0,652.0,26.0,31.0
test,A3,Asm,nb,0.14,294,652,31,2879,,,,
test,A3,Asm,b,0.14,60,551,26,547,,,,
test,A3,Babble,all,0.14,1123,554,655,1973,126.0,428.0,140.0,515.0
test,A3,Babble,nb,0.14,975,428,515,1827,,,,
test,A3,Babble,b,0.14,148,126,140,146,,,,
test,A3,Clean,all,0.14,4309,5,301,137,4.0,1.0,264.0,37.0
test,A3,Clean,nb,0.14,3945,1,37,131,,,,
test,A3,Clean,b,0.14,364,4,264,6,,,,
test,A3,Music,all,0.14,2477,96,479,1947,52.0,44.0,174.0,305.0
test,A3,Music,nb,0.14,2263,44,305,1869,,,,
test,A3,Music,b,0.14,214,52,174,78,,,,
test,A3,Noise,all,0.14,75,98,253,4134,53.0,45.0,35.0,218.0
test,A3,Noise,nb,0.14,35,45,218,4073,,,,
test,A3,Noise,b,0.14,40,53,35,61,,,,
test,A3,Asm,all,0.15,342,1215,51,3432,553.0,662.0,25.0,26.0
test,A3,Asm,nb,0.15,284,662,26,2884,,,,
test,A3,Asm,b,0.15,58,553,25,548,,,,
test,A3,Babble,all,0.15,1074,603,596,2032,140.0,463.0,126.0,470.0
test,A3,Babble,nb,0.15,940,463,470,1872,,,,
test,A3,Babble,b,0.15,134,140,126,160,,,,
test,A3,Clean,all,0.15,4309,5,298,140,4.0,1.0,263.0,35.0
test,A3,Clean,nb,0.15,3945,1,35,133,,,,
test,A3,Clean,b,0.15,364,4,263,7,,,,
test,A3,Music,all,0.15,2472,101,450,1976,55.0,46.0,167.0,283.0
test,A3,Music,nb,0.15,2261,46,283,1891,,,,
test,A3,Music,b,0.15,211,55,167,85,,,,
test,A3,Noise,all,0.15,71,102,235,4152,55.0,47.0,34.0,201.0
test,A3,Noise,nb,0.15,33,47,201,4090,,,,
test,A3,Noise,b,0.15,38,55,34,62,,,,
test,A3,Asm,all,0.16,320,1237,41,3442,559.0,678.0,23.0,18.0
test,A3,Asm,nb,0.16,268,678,18,2892,,,,
test,A3,Asm,b,0.16,52,559,23,550,,,,
test,A3,Babble,all,0.16,1002,675,538,2090,150.0,525.0,116.0,422.0
test,A3,Babble,nb,0.16,878,525,422,1920,,,,
test,A3,Babble,b,0.16,124,150,116,170,,,,
test,A3,Clean,all,0.16,4309,5,297,141,4.0,1.0,262.0,35.0
test,A3,Clean,nb,0.16,3945,1,35,133,,,,
test,A3,Clean,b,0.16,364,4,262,8,,,,
test,A3,Music,all,0.16,2465,108,414,2012,55.0,53.0,164.0,250.0
test,A3,Music,nb,0.16,2254,53,250,1924,,,,
test,A3,Music,b,0.16,211,55,164,88,,,,
test,A3,Noise,all,0.16,69,104,211,4176,56.0,48.0,31.0,180.0
test,A3,Noise,nb,0.16,32,48,180,4111,,,,
test,A3,Noise,b,0.16,37,56,31,65,,,,
test,A3,Asm,all,0.17,307,1250,35,3448,564.0,686.0,22.0,13.0
test,A3,Asm,nb,0.17,260,686,13,2897,,,,
test,A3,Asm,b,0.17,47,564,22,551,,,,
test,A3,Babble,all,0.17,941,736,481,2147,163.0,573.0,105.0,376.0
test,A3,Babble,nb,0.17,830,573,376,1966,,,,
test,A3,Babble,b,0.17,111,163,105,181,,,,
test,A3,Clean,all,0.17,4309,5,293,145,4.0,1.0,260.0,33.0
test,A3,Clean,nb,0.17,3945,1,33,135,,,,
test,A3,Clean,b,0.17,364,4,260,10,,,,
test,A3,Music,all,0.17,2456,117,390,2036,59.0,58.0,161.0,229.0
test,A3,Music,nb,0.17,2249,58,229,1945,,,,
test,A3,Music,b,0.17,207,59,161,91,,,,
test,A3,Noise,all,0.17,64,109,192,4195,59.0,50.0,30.0,162.0
test,A3,Noise,nb,0.17,30,50,162,4129,,,,
test,A3,Noise,b,0.17,34,59,30,66,,,,
test,A3,Asm,all,0.18,295,1262,33,3450,568.0,694.0,22.0,11.0
test,A3,Asm,nb,0.18,252,694,11,2899,,,,
test,A3,Asm,b,0.18,43,568,22,551,,,,
test,A3,Babble,all,0.18,892,785,428,2200,173.0,612.0,97.0,331.0
test,A3,Babble,nb,0.18,791,612,331,2011,,,,
test,A3,Babble,b,0.18,101,173,97,189,,,,
test,A3,Clean,all,0.18,4309,5,290,148,4.0,1.0,258.0,32.0
test,A3,Clean,nb,0.18,3945,1,32,136,,,,
test,A3,Clean,b,0.18,364,4,258,12,,,,
test,A3,Music,all,0.18,2453,120,371,2055,61.0,59.0,158.0,213.0
test,A3,Music,nb,0.18,2248,59,213,1961,,,,
test,A3,Music,b,0.18,205,61,158,94,,,,
test,A3,Noise,all,0.18,64,109,181,4206,59.0,50.0,30.0,151.0
test,A3,Noise,nb,0.18,30,50,151,4140,,,,
test,A3,Noise,b,0.18,34,59,30,66,,,,
test,A3,Asm,all,0.19,289,1268,31,3452,570.0,698.0,21.0,10.0
test,A3,Asm,nb,0.19,248,698,10,2900,,,,
test,A3,Asm,b,0.19,41,570,21,552,,,,
test,A3,Babble,all,0.19,836,841,392,2236,183.0,658.0,91.0,301.0
test,A3,Babble,nb,0.19,745,658,301,2041,,,,
test,A3,Babble,b,0.19,91,183,91,195,,,,
test,A3,Clean,all,0.19,4309,5,288,150,4.0,1.0,258.0,30.0
test,A3,Clean,nb,0.19,3945,1,30,138,,,,
test,A3,Clean,b,0.19,364,4,258,12,,,,
test,A3,Music,all,0.19,2447,126,352,2074,61.0,65.0,157.0,195.0
test,A3,Music,nb,0.19,2242,65,195,1979,,,,
test,A3,Music,b,0.19,205,61,157,95,,,,
test,A3,Noise,all,0.19,63,110,176,4211,60.0,50.0,28.0,148.0
test,A3,Noise,nb,0.19,30,50,148,4143,,,,
test,A3,Noise,b,0.19,33,60,28,68,,,,
test,A3,Asm,all,0.2,281,1276,26,3457,571.0,705.0,17.0,9.0
test,A3,Asm,nb,0.2,241,705,9,2901,,,,
test,A3,Asm,b,0.2,40,571,17,556,,,,
test,A3,Babble,all,0.2,783,894,353,2275,194.0,700.0,83.0,270.0
test,A3,Babble,nb,0.2,703,700,270,2072,,,,
test,A3,Babble,b,0.2,80,194,83,203,,,,
test,A3,Clean,all,0.2,4309,5,284,154,4.0,1.0,257.0,27.0
test,A3,Clean,nb,0.2,3945,1,27,141,,,,
test,A3,Clean,b,0.2,364,4,257,13,,,,
test,A3,Music,all,0.2,2440,133,333,2093,62.0,71.0,156.0,177.0
test,A3,Music,nb,0.2,2236,71,177,1997,,,,
test,A3,Music,b,0.2,204,62,156,96,,,,
test,A3,Noise,all,0.2,59,114,159,4228,61.0,53.0,25.0,134.0
test,A3,Noise,nb,0.2,27,53,134,4157,,,,
test,A3,Noise,b,0.2,32,61,25,71,,,,
test,A3,Asm,all,0.21,271,1286,20,3463,574.0,712.0,12.0,8.0
test,A3,Asm,nb,0.21,234,712,8,2902,,,,
test,A3,Asm,b,0.21,37,574,12,561,,,,
test,A3,Babble,all,0.21,734,943,315,2313,202.0,741.0,71.0,244.0
test,A3,Babble,nb,0.21,662,741,244,2098,,,,
test,A3,Babble,b,0.21,72,202,71,215,,,,
test,A3,Clean,all,0.21,4309,5,282,156,4.0,1.0,257.0,25.0
test,A3,Clean,nb,0.21,3945,1,25,143,,,,
test,A3,Clean,b,0.21,364,4,257,13,,,,
test,A3,Music,all,0.21,2433,140,311,2115,63.0,77.0,152.0,159.0
test,A3,Music,nb,0.21,2230,77,159,2015,,,,
test,A3,Music,b,0.21,203,63,152,100,,,,
test,A3,Noise,all,0.21,56,117,147,4240,64.0,53.0,24.0,123.0
test,A3,Noise,nb,0.21,27,53,123,4168,,,,
test,A3,Noise,b,0.21,29,64,24,72,,,,
test,A3,Asm,all,0.22,261,1296,15,3468,578.0,718.0,10.0,5.0
test,A3,Asm,nb,0.22,228,718,5,2905,,,,
test,A3,Asm,b,0.22,33,578,10,563,,,,
test,A3,Babble,all,0.22,693,984,273,2355,208.0,776.0,62.0,211.0
test,A3,Babble,nb,0.22,627,776,211,2131,,,,
test,A3,Babble,b,0.22,66,208,62,224,,,,
test,A3,Clean,all,0.22,4308,6,279,159,5.0,1.0,255.0,24.0
test,A3,Clean,nb,0.22,3945,1,24,144,,,,
test,A3,Clean,b,0.22,363,5,255,15,,,,
test,A3,Music,all,0.22,2424,149,295,2131,64.0,85.0,151.0,144.0
test,A3,Music,nb,0.22,2222,85,144,2030,,,,
test,A3,Music,b,0.22,202,64,151,101,,,,
test,A3,Noise,all,0.22,52,121,132,4255,65.0,56.0,22.0,110.0
test,A3,Noise,nb,0.22,24,56,110,4181,,,,
test,A3,Noise,b,0.22,28,65,22,74,,,,
test,A3,Asm,all,0.23,243,1314,14,3469,583.0,731.0,9.0,5.0
test,A3,Asm,nb,0.23,215,731,5,2905,,,,
test,A3,Asm,b,0.23,28,583,9,564,,,,
test,A3,Babble,all,0.23,659,1018,243,2385,211.0,807.0,56.0,187.0
test,A3,Babble,nb,0.23,596,807,187,2155,,,,
test,A3,Babble,b,0.23,63,211,56,230,,,,
test,A3,Clean,all,0.23,4308,6,278,160,5.0,1.0,255.0,23.0
test,A3,Clean,nb,0.23,3945,1,23,145,,,,
test,A3,Clean,b,0.23,363,5,255,15,,,,
test,A3,Music,all,0.23,2416,157,283,2143,65.0,92.0,149.0,134.0
test,A3,Music,nb,0.23,2215,92,134,2040,,,,
test,A3,Music,b,0.23,201,65,149,103,,,,
test,A3,Noise,all,0.23,50,123,124,4263,65.0,58.0,20.0,104.0
test,A3,Noise,nb,0.23,22,58,104,4187,,,,
test,A3,Noise,b,0.23,28,65,20,76,,,,
test,A3,Asm,all,0.24,233,1324,13,3470,584.0,740.0,9.0,4.0
test,A3,Asm,nb,0.24,206,740,4,2906,,,,
test,A3,Asm,b,0.24,27,584,9,564,,,,
test,A3,Babble,all,0.24,623,1054,220,2408,214.0,840.0,49.0,171.0
test,A3,Babble,nb,0.24,563,840,171,2171,,,,
test,A3,Babble,b,0.24,60,214,49,237,,,,
test,A3,Clean,all,0.24,4307,7,271,167,6.0,1.0,249.0,22.0
test,A3,Clean,nb,0.24,3945,1,22,146,,,,
test,A3,Clean,b,0.24,362,6,249,21,,,,
test,A3,Music,all,0.24,2410,163,273,2153,65.0,98.0,143.0,130.0
test,A3,Music,nb,0.24,2209,98,130,2044,,,,
test,A3,Music,b,0.24,201,65,143,109,,,,
test,A3,Noise,all,0.24,49,124,117,4270,65.0,59.0,20.0,97.0
test,A3,Noise,nb,0.24,21,59,97,4194,,,,
test,A3,Noise,b,0.24,28,65,20,76,,,,
test,A3,Asm,all,0.25,222,1335,10,3473,587.0,748.0,7.0,3.0
test,A3,Asm,nb,0.25,198,748,3,2907,,,,
test,A3,Asm,b,0.25,24,587,7,566,,,,
test,A3,Babble,all,0.25,592,1085,197,2431,218.0,867.0,44.0,153.0
test,A3,Babble,nb,0.25,536,867,153,2189,,,,
test,A3,Babble,b,0.25,56,218,44,242,,,,
test,A3,Clean,all,0.25,4307,7,269,169,6.0,1.0,247.0,22.0
test,A3,Clean,nb,0.25,3945,1,22,146,,,,
test,A3,Clean,b,0.25,362,6,247,23,,,,
test,A3,Music,all,0.25,2400,173,263,2163,65.0,108.0,142.0,121.0
test,A3,Music,nb,0.25,2199,108,121,2053,,,,
test,A3,Music,b,0.25,201,65,142,110,,,,
test,A3,Noise,all,0.25,48,125,110,4277,66.0,59.0,20.0,90.0
test,A3,Noise,nb,0.25,21,59,90,4201,,,,
test,A3,Noise,b,0.25,27,66,20,76,,,,
test,A3,Asm,all,0.26,217,1340,8,3475,587.0,753.0,6.0,2.0
test,A3,Asm,nb,0.26,193,753,2,2908,,,,
test,A3,Asm,b,0.26,24,587,6,567,,,,
test,A3,Babble,all,0.26,560,1117,177,2451,222.0,895.0,39.0,138.0
test,A3,Babble,nb,0.26,508,895,138,2204,,,,
test,A3,Babble,b,0.26,52,222,39,247,,,,
test,A3,Clean,all,0.26,4307,7,263,175,6.0,1.0,246.0,17.0
test,A3,Clean,nb,0.26,3945,1,17,151,,,,
test,A3,Clean,b,0.26,362,6,246,24,,,,
test,A3,Music,all,0.26,2392,181,252,2174,68.0,113.0,140.0,112.0
test,A3,Music,nb,0.26,2194,113,112,2062,,,,
test,A3,Music,b,0.26,198,68,140,112,,,,
test,A3,Noise,all,0.26,48,125,97,4290,66.0,59.0,18.0,79.0
test,A3,Noise,nb,0.26,21,59,79,4212,,,,
test,A3,Noise,b,0.26,27,66,18,78,,,,
test,A3,Asm,all,0.27,206,1351,7,3476,588.0,763.0,5.0,2.0
test,A3,Asm,nb,0.27,183,763,2,2908,,,,
test,A3,Asm,b,0.27,23,588,5,568,,,,
test,A3,Babble,all,0.27,533,1144,154,2474,229.0,915.0,36.0,118.0
test,A3,Babble,nb,0.27,488,915,118,2224,,,,
test,A3,Babble,b,0.27,45,229,36,250,,,,
test,A3,Clean,all,0.27,4306,8,260,178,7.0,1.0,245.0,15.0
test,A3,Clean,nb,0.27,3945,1,15,153,,,,
test,A3,Clean,b,0.27,361,7,245,25,,,,
test,A3,Music,all,0.27,2386,187,239,2187,70.0,117.0,133.0,106.0
test,A3,Music,nb,0.27,2190,117,106,2068,,,,
test,A3,Music,b,0.27,196,70,133,119,,,,
test,A3,Noise,all,0.27,48,125,84,4303,66.0,59.0,14.0,70.0
test,A3,Noise,nb,0.27,21,59,70,4221,,,,
test,A3,Noise,b,0.27,27,66,14,82,,,,
test,A3,Asm,all,0.28,191,1366,5,3478,592.0,774.0,4.0,1.0
test,A3,Asm,nb,0.28,172,774,1,2909,,,,
test,A3,Asm,b,0.28,19,592,4,569,,,,
test,A3,Babble,all,0.28,514,1163,146,2482,231.0,932.0,35.0,111.0
test,A3,Babble,nb,0.28,471,932,111,2231,,,,
test,A3,Babble,b,0.28,43,231,35,251,,,,
test,A3,Clean,all,0.28,4306,8,255,183,7.0,1.0,243.0,12.0
test,A3,Clean,nb,0.28,3945,1,12,156,,,,
test,A3,Clean,b,0.28,361,7,243,27,,,,
test,A3,Music,all,0.28,2376,197,230,2196,72.0,125.0,129.0,101.0
test,A3,Music,nb,0.28,2182,125,101,2073,,,,
test,A3,Music,b,0.28,194,72,129,123,,,,
test,A3,Noise,all,0.28,46,127,78,4309,68.0,59.0,13.0,65.0
test,A3,Noise,nb,0.28,21,59,65,4226,,,,
test,A3,Noise,b,0.28,25,68,13,83,,,,
test,A3,Asm,all,0.29,182,1375,4,3479,593.0,782.0,3.0,1.0
test,A3,Asm,nb,0.29,164,782,1,2909,,,,
test,A3,Asm,b,0.29,18,593,3,570,,,,
test,A3,Babble,all,0.29,490,1187,128,2500,232.0,955.0,32.0,96.0
test,A3,Babble,nb,0.29,448,955,96,2246,,,,
test,A3,Babble,b,0.29,42,232,32,254,,,,
test,A3,Clean,all,0.29,4304,10,253,185,9.0,1.0,241.0,12.0
test,A3,Clean,nb,0.29,3945,1,12,156,,,,
test,A3,Clean,b,0.29,359,9,241,29,,,,
test,A3,Music,all,0.29,2366,207,217,2209,75.0,132.0,124.0,93.0
test,A3,Music,nb,0.29,2175,132,93,2081,,,,
test,A3,Music,b,0.29,191,75,124,128,,,,
test,A3,Noise,all,0.29,43,130,71,4316,70.0,60.0,13.0,58.0
test,A3,Noise,nb,0.29,20,60,58,4233,,,,
test,A3,Noise,b,0.29,23,70,13,83,,,,
test,A3,Asm,all,0.3,172,1385,4,3479,593.0,792.0,3.0,1.0
test,A3,Asm,nb,0.3,154,792,1,2909,,,,
test,A3,Asm,b,0.3,18,593,3,570,,,,
test,A3,Babble,all,0.3,465,1212,112,2516,234.0,978.0,30.0,82.0
test,A3,Babble,nb,0.3,425,978,82,2260,,,,
test,A3,Babble,b,0.3,40,234,30,256,,,,
test,A3,Clean,all,0.3,4304,10,250,188,9.0,1.0,239.0,11.0
test,A3,Clean,nb,0.3,3945,1,11,157,,,,
test,A3,Clean,b,0.3,359,9,239,31,,,,
test,A3,Music,all,0.3,2358,215,207,2219,81.0,134.0,119.0,88.0
test,A3,Music,nb,0.3,2173,134,88,2086,,,,
test,A3,Music,b,0.3,185,81,119,133,,,,
test,A3,Noise,all,0.3,39,134,66,4321,71.0,63.0,12.0,54.0
test,A3,Noise,nb,0.3,17,63,54,4237,,,,
test,A3,Noise,b,0.3,22,71,12,84,,,,
test,A3,Asm,all,0.31,163,1394,4,3479,594.0,800.0,3.0,1.0
test,A3,Asm,nb,0.31,146,800,1,2909,,,,
test,A3,Asm,b,0.31,17,594,3,570,,,,
test,A3,Babble,all,0.31,444,1233,105,2523,235.0,998.0,30.0,75.0
test,A3,Babble,nb,0.31,405,998,75,2267,,,,
test,A3,Babble,b,0.31,39,235,30,256,,,,
test,A3,Clean,all,0.31,4303,11,248,190,10.0,1.0,238.0,10.0
test,A3,Clean,nb,0.31,3945,1,10,158,,,,
test,A3,Clean,b,0.31,358,10,238,32,,,,
test,A3,Music,all,0.31,2348,225,188,2238,81.0,144.0,114.0,74.0
test,A3,Music,nb,0.31,2163,144,74,2100,,,,
test,A3,Music,b,0.31,185,81,114,138,,,,
test,A3,Noise,all,0.31,37,136,64,4323,73.0,63.0,11.0,53.0
test,A3,Noise,nb,0.31,17,63,53,4238,,,,
test,A3,Noise,b,0.31,20,73,11,85,,,,
test,A3,Asm,all,0.32,157,1400,4,3479,594.0,806.0,3.0,1.0
test,A3,Asm,nb,0.32,140,806,1,2909,,,,
test,A3,Asm,b,0.32,17,594,3,570,,,,
test,A3,Babble,all,0.32,423,1254,98,2530,239.0,1015.0,26.0,72.0
test,A3,Babble,nb,0.32,388,1015,72,2270,,,,
test,A3,Babble,b,0.32,35,239,26,260,,,,
test,A3,Clean,all,0.32,4303,11,246,192,10.0,1.0,237.0,9.0
test,A3,Clean,nb,0.32,3945,1,9,159,,,,
test,A3,Clean,b,0.32,358,10,237,33,,,,
test,A3,Music,all,0.32,2341,232,180,2246,82.0,150.0,112.0,68.0
test,A3,Music,nb,0.32,2157,150,68,2106,,,,
test,A3,Music,b,0.32,184,82,112,140,,,,
test,A3,Noise,all,0.32,34,139,62,4325,74.0,65.0,11.0,51.0
test,A3,Noise,nb,0.32,15,65,51,4240,,,,
test,A3,Noise,b,0.32,19,74,11,85,,,,
test,A3,Asm,all,0.33,148,1409,3,3480,596.0,813.0,2.0,1.0
test,A3,Asm,nb,0.33,133,813,1,2909,,,,
test,A3,Asm,b,0.33,15,596,2,571,,,,
test,A3,Babble,all,0.33,407,1270,89,2539,244.0,1026.0,24.0,65.0
test,A3,Babble,nb,0.33,377,1026,65,2277,,,,
test,A3,Babble,b,0.33,30,244,24,262,,,,
test,A3,Clean,all,0.33,4303,11,239,199,10.0,1.0,232.0,7.0
test,A3,Clean,nb,0.33,3945,1,7,161,,,,
test,A3,Clean,b,0.33,358,10,232,38,,,,
test,A3,Music,all,0.33,2328,245,171,2255,85.0,160.0,110.0,61.0
test,A3,Music,nb,0.33,2147,160,61,2113,,,,
test,A3,Music,b,0.33,181,85,110,142,,,,
test,A3,Noise,all,0.33,32,141,57,4330,75.0,66.0,11.0,46.0
test,A3,Noise,nb,0.33,14,66,46,4245,,,,
test,A3,Noise,b,0.33,18,75,11,85,,,,
test,A3,Asm,all,0.34,144,1413,3,3480,598.0,815.0,2.0,1.0
test,A3,Asm,nb,0.34,131,815,1,2909,,,,
test,A3,Asm,b,0.34,13,598,2,571,,,,
test,A3,Babble,all,0.34,384,1293,81,2547,247.0,1046.0,22.0,59.0
test,A3,Babble,nb,0.34,357,1046,59,2283,,,,
test,A3,Babble,b,0.34,27,247,22,264,,,,
test,A3,Clean,all,0.34,4303,11,235,203,10.0,1.0,228.0,7.0
test,A3,Clean,nb,0.34,3945,1,7,161,,,,
test,A3,Clean,b,0.34,358,10,228,42,,,,
test,A3,Music,all,0.34,2311,262,165,2261,88.0,174.0,106.0,59.0
test,A3,Music,nb,0.34,2133,174,59,2115,,,,
test,A3,Music,b,0.34,178,88,106,146,,,,
test,A3,Noise,all,0.34,32,141,54,4333,75.0,66.0,11.0,43.0
test,A3,Noise,nb,0.34,14,66,43,4248,,,,
test,A3,Noise,b,0.34,18,75,11,85,,,,
test,A3,Asm,all,0.35,138,1419,3,3480,598.0,821.0,2.0,1.0
test,A3,Asm,nb,0.35,125,821,1,2909,,,,
test,A3,Asm,b,0.35,13,598,2,571,,,,
test,A3,Babble,all,0.35,369,1308,72,2556,250.0,1058.0,18.0,54.0
test,A3,Babble,nb,0.35,345,1058,54,2288,,,,
test,A3,Babble,b,0.35,24,250,18,268,,,,
test,A3,Clean,all,0.35,4303,11,232,206,10.0,1.0,225.0,7.0
test,A3,Clean,nb,0.35,3945,1,7,161,,,,
test,A3,Clean,b,0.35,358,10,225,45,,,,
test,A3,Music,all,0.35,2304,269,156,2270,90.0,179.0,99.0,57.0
test,A3,Music,nb,0.35,2128,179,57,2117,,,,
test,A3,Music,b,0.35,176,90,99,153,,,,
test,A3,Noise,all,0.35,31,142,51,4336,76.0,66.0,11.0,40.0
test,A3,Noise,nb,0.35,14,66,40,4251,,,,
test,A3,Noise,b,0.35,17,76,11,85,,,,
test,A3,Asm,all,0.36,129,1428,3,3480,599.0,829.0,2.0,1.0
test,A3,Asm,nb,0.36,117,829,1,2909,,,,
test,A3,Asm,b,0.36,12,599,2,571,,,,
test,A3,Babble,all,0.36,360,1317,65,2563,251.0,1066.0,17.0,48.0
test,A3,Babble,nb,0.36,337,1066,48,2294,,,,
test,A3,Babble,b,0.36,23,251,17,269,,,,
test,A3,Clean,all,0.36,4303,11,231,207,10.0,1.0,224.0,7.0
test,A3,Clean,nb,0.36,3945,1,7,161,,,,
test,A3,Clean,b,0.36,358,10,224,46,,,,
test,A3,Music,all,0.36,2284,289,149,2277,95.0,194.0,97.0,52.0
test,A3,Music,nb,0.36,2113,194,52,2122,,,,
test,A3,Music,b,0.36,171,95,97,155,,,,
test,A3,Noise,all,0.36,30,143,48,4339,77.0,66.0,11.0,37.0
test,A3,Noise,nb,0.36,14,66,37,4254,,,,
test,A3,Noise,b,0.36,16,77,11,85,,,,
test,A3,Asm,all,0.37,120,1437,3,3480,600.0,837.0,2.0,1.0
test,A3,Asm,nb,0.37,109,837,1,2909,,,,
test,A3,Asm,b,0.37,11,600,2,571,,,,
test,A3,Babble,all,0.37,349,1328,53,2575,251.0,1077.0,15.0,38.0
test,A3,Babble,nb,0.37,326,1077,38,2304,,,,
test,A3,Babble,b,0.37,23,251,15,271,,,,
test,A3,Clean,all,0.37,4301,13,227,211,11.0,2.0,220.0,7.0
test,A3,Clean,nb,0.37,3944,2,7,161,,,,
test,A3,Clean,b,0.37,357,11,220,50,,,,
test,A3,Music,all,0.37,2266,307,139,2287,97.0,210.0,94.0,45.0
test,A3,Music,nb,0.37,2097,210,45,2129,,,,
test,A3,Music,b,0.37,169,97,94,158,,,,
test,A3,Noise,all,0.37,27,146,47,4340,77.0,69.0,11.0,36.0
test,A3,Noise,nb,0.37,11,69,36,4255,,,,
test,A3,Noise,b,0.37,16,77,11,85,,,,
test,A3,Asm,all,0.38,116,1441,3,3480,601.0,840.0,2.0,1.0
test,A3,Asm,nb,0.38,106,840,1,2909,,,,
test,A3,Asm,b,0.38,10,601,2,571,,,,
test,A3,Babble,all,0.38,338,1339,47,2581,254.0,1085.0,14.0,33.0
test,A3,Babble,nb,0.38,318,1085,33,2309,,,,
test,A3,Babble,b,0.38,20,254,14,272,,,,
test,A3,Clean,all,0.38,4299,15,225,213,12.0,3.0,220.0,5.0
test,A3,Clean,nb,0.38,3943,3,5,163,,,,
test,A3,Clean,b,0.38,356,12,220,50,,,,
test,A3,Music,all,0.38,2251,322,135,2291,102.0,220.0,92.0,43.0
test,A3,Music,nb,0.38,2087,220,43,2131,,,,
test,A3,Music,b,0.38,164,102,92,160,,,,
test,A3,Noise,all,0.38,23,150,45,4342,80.0,70.0,10.0,35.0
test,A3,Noise,nb,0.38,10,70,35,4256,,,,
test,A3,Noise,b,0.38,13,80,10,86,,,,
test,A3,Asm,all,0.39,112,1445,3,3480,601.0,844.0,2.0,1.0
test,A3,Asm,nb,0.39,102,844,1,2909,,,,
test,A3,Asm,b,0.39,10,601,2,571,,,,
test,A3,Babble,all,0.39,325,1352,40,2588,254.0,1098.0,13.0,27.0
test,A3,Babble,nb,0.39,305,1098,27,2315,,,,
test,A3,Babble,b,0.39,20,254,13,273,,,,
test,A3,Clean,all,0.39,4297,17,223,215,13.0,4.0,219.0,4.0
test,A3,Clean,nb,0.39,3942,4,4,164,,,,
test,A3,Clean,b,0.39,355,13,219,51,,,,
test,A3,Music,all,0.39,2240,333,128,2298,104.0,229.0,88.0,40.0
test,A3,Music,nb,0.39,2078,229,40,2134,,,,
test,A3,Music,b,0.39,162,104,88,164,,,,
test,A3,Noise,all,0.39,21,152,43,4344,82.0,70.0,9.0,34.0
test,A3,Noise,nb,0.39,10,70,34,4257,,,,
test,A3,Noise,b,0.39,11,82,9,87,,,,
test,A3,Asm,all,0.4,107,1450,2,3481,602.0,848.0,2.0,0.0
test,A3,Asm,nb,0.4,98,848,0,2910,,,,
test,A3,Asm,b,0.4,9,602,2,571,,,,
test,A3,Babble,all,0.4,313,1364,35,2593,256.0,1108.0,13.0,22.0
test,A3,Babble,nb,0.4,295,1108,22,2320,,,,
test,A3,Babble,b,0.4,18,256,13,273,,,,
test,A3,Clean,all,0.4,4297,17,222,216,13.0,4.0,219.0,3.0
test,A3,Clean,nb,0.4,3942,4,3,165,,,,
test,A3,Clean,b,0.4,355,13,219,51,,,,
test,A3,Music,all,0.4,2231,342,127,2299,105.0,237.0,87.0,40.0
test,A3,Music,nb,0.4,2070,237,40,2134,,,,
test,A3,Music,b,0.4,161,105,87,165,,,,
test,A3,Noise,all,0.4,20,153,41,4346,83.0,70.0,8.0,33.0
test,A3,Noise,nb,0.4,10,70,33,4258,,,,
test,A3,Noise,b,0.4,10,83,8,88,,,,
test,A3,Asm,all,0.41,105,1452,2,3481,602.0,850.0,2.0,0.0
test,A3,Asm,nb,0.41,96,850,0,2910,,,,
test,A3,Asm,b,0.41,9,602,2,571,,,,
test,A3,Babble,all,0.41,301,1376,35,2593,256.0,1120.0,13.0,22.0
test,A3,Babble,nb,0.41,283,1120,22,2320,,,,
test,A3,Babble,b,0.41,18,256,13,273,,,,
test,A3,Clean,all,0.41,4297,17,220,218,13.0,4.0,217.0,3.0
test,A3,Clean,nb,0.41,3942,4,3,165,,,,
test,A3,Clean,b,0.41,355,13,217,53,,,,
test,A3,Music,all,0.41,2209,364,123,2303,112.0,252.0,84.0,39.0
test,A3,Music,nb,0.41,2055,252,39,2135,,,,
test,A3,Music,b,0.41,154,112,84,168,,,,
test,A3,Noise,all,0.41,20,153,39,4348,83.0,70.0,8.0,31.0
test,A3,Noise,nb,0.41,10,70,31,4260,,,,
test,A3,Noise,b,0.41,10,83,8,88,,,,
test,A3,Asm,all,0.42,102,1455,2,3481,604.0,851.0,2.0,0.0
test,A3,Asm,nb,0.42,95,851,0,2910,,,,
test,A3,Asm,b,0.42,7,604,2,571,,,,
test,A3,Babble,all,0.42,292,1385,30,2598,258.0,1127.0,11.0,19.0
test,A3,Babble,nb,0.42,276,1127,19,2323,,,,
test,A3,Babble,b,0.42,16,258,11,275,,,,
test,A3,Clean,all,0.42,4296,18,217,221,14.0,4.0,215.0,2.0
test,A3,Clean,nb,0.42,3942,4,2,166,,,,
test,A3,Clean,b,0.42,354,14,215,55,,,,
test,A3,Music,all,0.42,2196,377,119,2307,115.0,262.0,83.0,36.0
test,A3,Music,nb,0.42,2045,262,36,2138,,,,
test,A3,Music,b,0.42,151,115,83,169,,,,
test,A3,Noise,all,0.42,19,154,37,4350,83.0,71.0,8.0,29.0
test,A3,Noise,nb,0.42,9,71,29,4262,,,,
test,A3,Noise,b,0.42,10,83,8,88,,,,
test,A3,Asm,all,0.43,98,1459,2,3481,604.0,855.0,2.0,0.0
test,A3,Asm,nb,0.43,91,855,0,2910,,,,
test,A3,Asm,b,0.43,7,604,2,571,,,,
test,A3,Babble,all,0.43,282,1395,29,2599,260.0,1135.0,11.0,18.0
test,A3,Babble,nb,0.43,268,1135,18,2324,,,,
test,A3,Babble,b,0.43,14,260,11,275,,,,
test,A3,Clean,all,0.43,4296,18,212,226,14.0,4.0,211.0,1.0
test,A3,Clean,nb,0.43,3942,4,1,167,,,,
test,A3,Clean,b,0.43,354,14,211,59,,,,
test,A3,Music,all,0.43,2188,385,114,2312,116.0,269.0,81.0,33.0
test,A3,Music,nb,0.43,2038,269,33,2141,,,,
test,A3,Music,b,0.43,150,116,81,171,,,,
test,A3,Noise,all,0.43,18,155,36,4351,84.0,71.0,8.0,28.0
test,A3,Noise,nb,0.43,9,71,28,4263,,,,
test,A3,Noise,b,0.43,9,84,8,88,,,,
test,A3,Asm,all,0.44,92,1465,1,3482,605.0,860.0,1.0,0.0
test,A3,Asm,nb,0.44,86,860,0,2910,,,,
test,A3,Asm,b,0.44,6,605,1,572,,,,
test,A3,Babble,all,0.44,273,1404,27,2601,262.0,1142.0,10.0,17.0
test,A3,Babble,nb,0.44,261,1142,17,2325,,,,
test,A3,Babble,b,0.44,12,262,10,276,,,,
test,A3,Clean,all,0.44,4292,22,209,229,16.0,6.0,208.0,1.0
test,A3,Clean,nb,0.44,3940,6,1,167,,,,
test,A3,Clean,b,0.44,352,16,208,62,,,,
test,A3,Music,all,0.44,2173,400,111,2315,119.0,281.0,79.0,32.0
test,A3,Music,nb,0.44,2026,281,32,2142,,,,
test,A3,Music,b,0.44,147,119,79,173,,,,
test,A3,Noise,all,0.44,17,156,33,4354,85.0,71.0,6.0,27.0
test,A3,Noise,nb,0.44,9,71,27,4264,,,,
test,A3,Noise,b,0.44,8,85,6,90,,,,
test,A3,Asm,all,0.45,83,1474,1,3482,605.0,869.0,1.0,0.0
test,A3,Asm,nb,0.45,77,869,0,2910,,,,
test,A3,Asm,b,0.45,6,605,1,572,,,,
test,A3,Babble,all,0.45,267,1410,25,2603,262.0,1148.0,10.0,15.0
test,A3,Babble,nb,0.45,255,1148,15,2327,,,,
test,A3,Babble,b,0.45,12,262,10,276,,,,
test,A3,Clean,all,0.45,4292,22,206,232,16.0,6.0,205.0,1.0
test,A3,Clean,nb,0.45,3940,6,1,167,,,,
test,A3,Clean,b,0.45,352,16,205,65,,,,
test,A3,Music,all,0.45,2155,418,106,2320,121.0,297.0,76.0,30.0
test,A3,Music,nb,0.45,2010,297,30,2144,,,,
test,A3,Music,b,0.45,145,121,76,176,,,,
test,A3,Noise,all,0.45,16,157,30,4357,86.0,71.0,6.0,24.0
test,A3,Noise,nb,0.45,9,71,24,4267,,,,
test,A3,Noise,b,0.45,7,86,6,90,,,,
test,A3,Asm,all,0.46,80,1477,1,3482,605.0,872.0,1.0,0.0
test,A3,Asm,nb,0.46,74,872,0,2910,,,,
test,A3,Asm,b,0.46,6,605,1,572,,,,
test,A3,Babble,all,0.46,261,1416,25,2603,263.0,1153.0,10.0,15.0
test,A3,Babble,nb,0.46,250,1153,15,2327,,,,
test,A3,Babble,b,0.46,11,263,10,276,,,,
test,A3,Clean,all,0.46,4290,24,205,233,17.0,7.0,204.0,1.0
test,A3,Clean,nb,0.46,3939,7,1,167,,,,
test,A3,Clean,b,0.46,351,17,204,66,,,,
test,A3,Music,all,0.46,2143,430,102,2324,121.0,309.0,73.0,29.0
test,A3,Music,nb,0.46,1998,309,29,2145,,,,
test,A3,Music,b,0.46,145,121,73,179,,,,
test,A3,Noise,all,0.46,16,157,26,4361,86.0,71.0,4.0,22.0
test,A3,Noise,nb,0.46,9,71,22,4269,,,,
test,A3,Noise,b,0.46,7,86,4,92,,,,
test,A3,Asm,all,0.47,73,1484,1,3482,606.0,878.0,1.0,0.0
test,A3,Asm,nb,0.47,68,878,0,2910,,,,
test,A3,Asm,b,0.47,5,606,1,572,,,,
test,A3,Babble,all,0.47,254,1423,21,2607,263.0,1160.0,9.0,12.0
test,A3,Babble,nb,0.47,243,1160,12,2330,,,,
test,A3,Babble,b,0.47,11,263,9,277,,,,
test,A3,Clean,all,0.47,4289,25,202,236,17.0,8.0,202.0,0.0
test,A3,Clean,nb,0.47,3938,8,0,168,,,,
test,A3,Clean,b,0.47,351,17,202,68,,,,
test,A3,Music,all,0.47,2131,442,96,2330,123.0,319.0,68.0,28.0
test,A3,Music,nb,0.47,1988,319,28,2146,,,,
test,A3,Music,b,0.47,143,123,68,184,,,,
test,A3,Noise,all,0.47,15,158,24,4363,87.0,71.0,3.0,21.0
test,A3,Noise,nb,0.47,9,71,21,4270,,,,
test,A3,Noise,b,0.47,6,87,3,93,,,,
test,A3,Asm,all,0.48,68,1489,1,3482,606.0,883.0,1.0,0.0
test,A3,Asm,nb,0.48,63,883,0,2910,,,,
test,A3,Asm,b,0.48,5,606,1,572,,,,
test,A3,Babble,all,0.48,244,1433,19,2609,265.0,1168.0,9.0,10.0
test,A3,Babble,nb,0.48,235,1168,10,2332,,,,
test,A3,Babble,b,0.48,9,265,9,277,,,,
test,A3,Clean,all,0.48,4288,26,198,240,17.0,9.0,198.0,0.0
test,A3,Clean,nb,0.48,3937,9,0,168,,,,
test,A3,Clean,b,0.48,351,17,198,72,,,,
test,A3,Music,all,0.48,2121,452,88,2338,124.0,328.0,64.0,24.0
test,A3,Music,nb,0.48,1979,328,24,2150,,,,
test,A3,Music,b,0.48,142,124,64,188,,,,
test,A3,Noise,all,0.48,13,160,24,4363,88.0,72.0,3.0,21.0
test,A3,Noise,nb,0.48,8,72,21,4270,,,,
test,A3,Noise,b,0.48,5,88,3,93,,,,
test,A3,Asm,all,0.49,63,1494,0,3483,608.0,886.0,0.0,0.0
test,A3,Asm,nb,0.49,60,886,0,2910,,,,
test,A3,Asm,b,0.49,3,608,0,573,,,,
test,A3,Babble,all,0.49,235,1442,16,2612,265.0,1177.0,8.0,8.0
test,A3,Babble,nb,0.49,226,1177,8,2334,,,,
test,A3,Babble,b,0.49,9,265,8,278,,,,
test,A3,Clean,all,0.49,4287,27,198,240,18.0,9.0,198.0,0.0
test,A3,Clean,nb,0.49,3937,9,0,168,,,,
test,A3,Clean,b,0.49,350,18,198,72,,,,
test,A3,Music,all,0.49,2105,468,85,2341,126.0,342.0,62.0,23.0
test,A3,Music,nb,0.49,1965,342,23,2151,,,,
test,A3,Music,b,0.49,140,126,62,190,,,,
test,A3,Noise,all,0.49,11,162,24,4363,89.0,73.0,3.0,21.0
test,A3,Noise,nb,0.49,7,73,21,4270,,,,
test,A3,Noise,b,0.49,4,89,3,93,,,,
test,A3,Asm,all,0.5,62,1495,0,3483,608.0,887.0,0.0,0.0
test,A3,Asm,nb,0.5,59,887,0,2910,,,,
test,A3,Asm,b,0.5,3,608,0,573,,,,
test,A3,Babble,all,0.5,224,1453,16,2612,265.0,1188.0,8.0,8.0
test,A3,Babble,nb,0.5,215,1188,8,2334,,,,
test,A3,Babble,b,0.5,9,265,8,278,,,,
test,A3,Clean,all,0.5,4286,28,193,245,19.0,9.0,193.0,0.0
test,A3,Clean,nb,0.5,3937,9,0,168,,,,
test,A3,Clean,b,0.5,349,19,193,77,,,,
test,A3,Music,all,0.5,2090,483,83,2343,127.0,356.0,61.0,22.0
test,A3,Music,nb,0.5,1951,356,22,2152,,,,
test,A3,Music,b,0.5,139,127,61,191,,,,
test,A3,Noise,all,0.5,11,162,20,4367,89.0,73.0,3.0,17.0
test,A3,Noise,nb,0.5,7,73,17,4274,,,,
test,A3,Noise,b,0.5,4,89,3,93,,,,
test,A3,Asm,all,0.51,61,1496,0,3483,609.0,887.0,0.0,0.0
test,A3,Asm,nb,0.51,59,887,0,2910,,,,
test,A3,Asm,b,0.51,2,609,0,573,,,,
test,A3,Babble,all,0.51,220,1457,14,2614,265.0,1192.0,6.0,8.0
test,A3,Babble,nb,0.51,211,1192,8,2334,,,,
test,A3,Babble,b,0.51,9,265,6,280,,,,
test,A3,Clean,all,0.51,4286,28,190,248,19.0,9.0,190.0,0.0
test,A3,Clean,nb,0.51,3937,9,0,168,,,,
test,A3,Clean,b,0.51,349,19,190,80,,,,
test,A3,Music,all,0.51,2079,494,78,2348,129.0,365.0,57.0,21.0
test,A3,Music,nb,0.51,1942,365,21,2153,,,,
test,A3,Music,b,0.51,137,129,57,195,,,,
test,A3,Noise,all,0.51,11,162,19,4368,89.0,73.0,3.0,16.0
test,A3,Noise,nb,0.51,7,73,16,4275,,,,
test,A3,Noise,b,0.51,4,89,3,93,,,,
test,A3,Asm,all,0.52,57,1500,0,3483,609.0,891.0,0.0,0.0
test,A3,Asm,nb,0.52,55,891,0,2910,,,,
test,A3,Asm,b,0.52,2,609,0,573,,,,
test,A3,Babble,all,0.52,215,1462,14,2614,265.0,1197.0,6.0,8.0
test,A3,Babble,nb,0.52,206,1197,8,2334,,,,
test,A3,Babble,b,0.52,9,265,6,280,,,,
test,A3,Clean,all,0.52,4285,29,183,255,20.0,9.0,183.0,0.0
test,A3,Clean,nb,0.52,3937,9,0,168,,,,
test,A3,Clean,b,0.52,348,20,183,87,,,,
test,A3,Music,all,0.52,2062,511,74,2352,132.0,379.0,54.0,20.0
test,A3,Music,nb,0.52,1928,379,20,2154,,,,
test,A3,Music,b,0.52,134,132,54,198,,,,
test,A3,Noise,all,0.52,11,162,19,4368,89.0,73.0,3.0,16.0
test,A3,Noise,nb,0.52,7,73,16,4275,,,,
test,A3,Noise,b,0.52,4,89,3,93,,,,
test,A3,Asm,all,0.53,54,1503,0,3483,609.0,894.0,0.0,0.0
test,A3,Asm,nb,0.53,52,894,0,2910,,,,
test,A3,Asm,b,0.53,2,609,0,573,,,,
test,A3,Babble,all,0.53,210,1467,13,2615,265.0,1202.0,6.0,7.0
test,A3,Babble,nb,0.53,201,1202,7,2335,,,,
test,A3,Babble,b,0.53,9,265,6,280,,,,
test,A3,Clean,all,0.53,4285,29,182,256,20.0,9.0,182.0,0.0
test,A3,Clean,nb,0.53,3937,9,0,168,,,,
test,A3,Clean,b,0.53,348,20,182,88,,,,
test,A3,Music,all,0.53,2041,532,72,2354,138.0,394.0,52.0,20.0
test,A3,Music,nb,0.53,1913,394,20,2154,,,,
test,A3,Music,b,0.53,128,138,52,200,,,,
test,A3,Noise,all,0.53,10,163,18,4369,89.0,74.0,3.0,15.0
test,A3,Noise,nb,0.53,6,74,15,4276,,,,
test,A3,Noise,b,0.53,4,89,3,93,,,,
test,A3,Asm,all,0.54,52,1505,0,3483,609.0,896.0,0.0,0.0
test,A3,Asm,nb,0.54,50,896,0,2910,,,,
test,A3,Asm,b,0.54,2,609,0,573,,,,
test,A3,Babble,all,0.54,205,1472,11,2617,266.0,1206.0,6.0,5.0
test,A3,Babble,nb,0.54,197,1206,5,2337,,,,
test,A3,Babble,b,0.54,8,266,6,280,,,,
test,A3,Clean,all,0.54,4280,34,182,256,21.0,13.0,182.0,0.0
test,A3,Clean,nb,0.54,3933,13,0,168,,,,
test,A3,Clean,b,0.54,347,21,182,88,,,,
test,A3,Music,all,0.54,2006,567,67,2359,144.0,423.0,50.0,17.0
test,A3,Music,nb,0.54,1884,423,17,2157,,,,
test,A3,Music,b,0.54,122,144,50,202,,,,
test,A3,Noise,all,0.54,10,163,18,4369,89.0,74.0,3.0,15.0
test,A3,Noise,nb,0.54,6,74,15,4276,,,,
test,A3,Noise,b,0.54,4,89,3,93,,,,
test,A3,Asm,all,0.55,49,1508,0,3483,609.0,899.0,0.0,0.0
test,A3,Asm,nb,0.55,47,899,0,2910,,,,
test,A3,Asm,b,0.55,2,609,0,573,,,,
test,A3,Babble,all,0.55,198,1479,9,2619,266.0,1213.0,5.0,4.0
test,A3,Babble,nb,0.55,190,1213,4,2338,,,,
test,A3,Babble,b,0.55,8,266,5,281,,,,
test,A3,Clean,all,0.55,4280,34,177,261,21.0,13.0,177.0,0.0
test,A3,Clean,nb,0.55,3933,13,0,168,,,,
test,A3,Clean,b,0.55,347,21,177,93,,,,
test,A3,Music,all,0.55,1985,588,66,2360,146.0,442.0,49.0,17.0
test,A3,Music,nb,0.55,1865,442,17,2157,,,,
test,A3,Music,b,0.55,120,146,49,203,,,,
test,A3,Noise,all,0.55,10,163,17,4370,89.0,74.0,3.0,14.0
test,A3,Noise,nb,0.55,6,74,14,4277,,,,
test,A3,Noise,b,0.55,4,89,3,93,,,,
test,A3,Asm,all,0.56,46,1511,0,3483,609.0,902.0,0.0,0.0
test,A3,Asm,nb,0.56,44,902,0,2910,,,,
test,A3,Asm,b,0.56,2,609,0,573,,,,
test,A3,Babble,all,0.56,189,1488,6,2622,266.0,1222.0,4.0,2.0
test,A3,Babble,nb,0.56,181,1222,2,2340,,,,
test,A3,Babble,b,0.56,8,266,4,282,,,,
test,A3,Clean,all,0.56,4278,36,175,263,22.0,14.0,175.0,0.0
test,A3,Clean,nb,0.56,3932,14,0,168,,,,
test,A3,Clean,b,0.56,346,22,175,95,,,,
test,A3,Music,all,0.56,1963,610,63,2363,146.0,464.0,47.0,16.0
test,A3,Music,nb,0.56,1843,464,16,2158,,,,
test,A3,Music,b,0.56,120,146,47,205,,,,
test,A3,Noise,all,0.56,10,163,14,4373,89.0,74.0,3.0,11.0
test,A3,Noise,nb,0.56,6,74,11,4280,,,,
test,A3,Noise,b,0.56,4,89,3,93,,,,
test,A3,Asm,all,0.57,45,1512,0,3483,609.0,903.0,0.0,0.0
test,A3,Asm,nb,0.57,43,903,0,2910,,,,
test,A3,Asm,b,0.57,2,609,0,573,,,,
test,A3,Babble,all,0.57,186,1491,5,2623,266.0,1225.0,3.0,2.0
test,A3,Babble,nb,0.57,178,1225,2,2340,,,,
test,A3,Babble,b,0.57,8,266,3,283,,,,
test,A3,Clean,all,0.57,4278,36,172,266,22.0,14.0,172.0,0.0
test,A3,Clean,nb,0.57,3932,14,0,168,,,,
test,A3,Clean,b,0.57,346,22,172,98,,,,
test,A3,Music,all,0.57,1940,633,61,2365,149.0,484.0,45.0,16.0
test,A3,Music,nb,0.57,1823,484,16,2158,,,,
test,A3,Music,b,0.57,117,149,45,207,,,,
test,A3,Noise,all,0.57,9,164,14,4373,89.0,75.0,3.0,11.0
test,A3,Noise,nb,0.57,5,75,11,4280,,,,
test,A3,Noise,b,0.57,4,89,3,93,,,,
test,A3,Asm,all,0.58,42,1515,0,3483,610.0,905.0,0.0,0.0
test,A3,Asm,nb,0.58,41,905,0,2910,,,,
test,A3,Asm,b,0.58,1,610,0,573,,,,
test,A3,Babble,all,0.58,180,1497,4,2624,266.0,1231.0,3.0,1.0
test,A3,Babble,nb,0.58,172,1231,1,2341,,,,
test,A3,Babble,b,0.58,8,266,3,283,,,,
test,A3,Clean,all,0.58,4277,37,167,271,23.0,14.0,167.0,0.0
test,A3,Clean,nb,0.58,3932,14,0,168,,,,
test,A3,Clean,b,0.58,345,23,167,103,,,,
test,A3,Music,all,0.58,1922,651,59,2367,150.0,501.0,43.0,16.0
test,A3,Music,nb,0.58,1806,501,16,2158,,,,
test,A3,Music,b,0.58,116,150,43,209,,,,
test,A3,Noise,all,0.58,8,165,14,4373,90.0,75.0,3.0,11.0
test,A3,Noise,nb,0.58,5,75,11,4280,,,,
test,A3,Noise,b,0.58,3,90,3,93,,,,
test,A3,Asm,all,0.59,40,1517,0,3483,610.0,907.0,0.0,0.0
test,A3,Asm,nb,0.59,39,907,0,2910,,,,
test,A3,Asm,b,0.59,1,610,0,573,,,,
test,A3,Babble,all,0.59,179,1498,4,2624,266.0,1232.0,3.0,1.0
test,A3,Babble,nb,0.59,171,1232,1,2341,,,,
test,A3,Babble,b,0.59,8,266,3,283,,,,
test,A3,Clean,all,0.59,4276,38,164,274,24.0,14.0,164.0,0.0
test,A3,Clean,nb,0.59,3932,14,0,168,,,,
test,A3,Clean,b,0.59,344,24,164,106,,,,
test,A3,Music,all,0.59,1898,675,53,2373,153.0,522.0,39.0,14.0
test,A3,Music,nb,0.59,1785,522,14,2160,,,,
test,A3,Music,b,0.59,113,153,39,213,,,,
test,A3,Noise,all,0.59,8,165,13,4374,90.0,75.0,3.0,10.0
test,A3,Noise,nb,0.59,5,75,10,4281,,,,
test,A3,Noise,b,0.59,3,90,3,93,,,,
test,A3,Asm,all,0.6,37,1520,0,3483,610.0,910.0,0.0,0.0
test,A3,Asm,nb,0.6,36,910,0,2910,,,,
test,A3,Asm,b,0.6,1,610,0,573,,,,
test,A3,Babble,all,0.6,171,1506,4,2624,266.0,1240.0,3.0,1.0
test,A3,Babble,nb,0.6,163,1240,1,2341,,,,
test,A3,Babble,b,0.6,8,266,3,283,,,,
test,A3,Clean,all,0.6,4272,42,160,278,26.0,16.0,160.0,0.0
test,A3,Clean,nb,0.6,3930,16,0,168,,,,
test,A3,Clean,b,0.6,342,26,160,110,,,,
test,A3,Music,all,0.6,1874,699,51,2375,154.0,545.0,37.0,14.0
test,A3,Music,nb,0.6,1762,545,14,2160,,,,
test,A3,Music,b,0.6,112,154,37,215,,,,
test,A3,Noise,all,0.6,8,165,12,4375,90.0,75.0,3.0,9.0
test,A3,Noise,nb,0.6,5,75,9,4282,,,,
test,A3,Noise,b,0.6,3,90,3,93,,,,
test,A3,Asm,all,0.61,33,1524,0,3483,610.0,914.0,0.0,0.0
test,A3,Asm,nb,0.61,32,914,0,2910,,,,
test,A3,Asm,b,0.61,1,610,0,573,,,,
test,A3,Babble,all,0.61,165,1512,3,2625,266.0,1246.0,2.0,1.0
test,A3,Babble,nb,0.61,157,1246,1,2341,,,,
test,A3,Babble,b,0.61,8,266,2,284,,,,
test,A3,Clean,all,0.61,4269,45,155,283,29.0,16.0,155.0,0.0
test,A3,Clean,nb,0.61,3930,16,0,168,,,,
test,A3,Clean,b,0.61,339,29,155,115,,,,
test,A3,Music,all,0.61,1863,710,46,2380,156.0,554.0,33.0,13.0
test,A3,Music,nb,0.61,1753,554,13,2161,,,,
test,A3,Music,b,0.61,110,156,33,219,,,,
test,A3,Noise,all,0.61,8,165,12,4375,90.0,75.0,3.0,9.0
test,A3,Noise,nb,0.61,5,75,9,4282,,,,
test,A3,Noise,b,0.61,3,90,3,93,,,,
test,A3,Asm,all,0.62,32,1525,0,3483,610.0,915.0,0.0,0.0
test,A3,Asm,nb,0.62,31,915,0,2910,,,,
test,A3,Asm,b,0.62,1,610,0,573,,,,
test,A3,Babble,all,0.62,158,1519,3,2625,266.0,1253.0,2.0,1.0
test,A3,Babble,nb,0.62,150,1253,1,2341,,,,
test,A3,Babble,b,0.62,8,266,2,284,,,,
test,A3,Clean,all,0.62,4268,46,150,288,29.0,17.0,150.0,0.0
test,A3,Clean,nb,0.62,3929,17,0,168,,,,
test,A3,Clean,b,0.62,339,29,150,120,,,,
test,A3,Music,all,0.62,1833,740,45,2381,160.0,580.0,32.0,13.0
test,A3,Music,nb,0.62,1727,580,13,2161,,,,
test,A3,Music,b,0.62,106,160,32,220,,,,
test,A3,Noise,all,0.62,7,166,12,4375,90.0,76.0,3.0,9.0
test,A3,Noise,nb,0.62,4,76,9,4282,,,,
test,A3,Noise,b,0.62,3,90,3,93,,,,
test,A3,Asm,all,0.63,32,1525,0,3483,610.0,915.0,0.0,0.0
test,A3,Asm,nb,0.63,31,915,0,2910,,,,
test,A3,Asm,b,0.63,1,610,0,573,,,,
test,A3,Babble,all,0.63,149,1528,2,2626,266.0,1262.0,2.0,0.0
test,A3,Babble,nb,0.63,141,1262,0,2342,,,,
test,A3,Babble,b,0.63,8,266,2,284,,,,
test,A3,Clean,all,0.63,4264,50,149,289,32.0,18.0,149.0,0.0
test,A3,Clean,nb,0.63,3928,18,0,168,,,,
test,A3,Clean,b,0.63,336,32,149,121,,,,
test,A3,Music,all,0.63,1801,772,40,2386,163.0,609.0,30.0,10.0
test,A3,Music,nb,0.63,1698,609,10,2164,,,,
test,A3,Music,b,0.63,103,163,30,222,,,,
test,A3,Noise,all,0.63,7,166,9,4378,90.0,76.0,3.0,6.0
test,A3,Noise,nb,0.63,4,76,6,4285,,,,
test,A3,Noise,b,0.63,3,90,3,93,,,,
test,A3,Asm,all,0.64,30,1527,0,3483,610.0,917.0,0.0,0.0
test,A3,Asm,nb,0.64,29,917,0,2910,,,,
test,A3,Asm,b,0.64,1,610,0,573,,,,
test,A3,Babble,all,0.64,144,1533,1,2627,266.0,1267.0,1.0,0.0
test,A3,Babble,nb,0.64,136,1267,0,2342,,,,
test,A3,Babble,b,0.64,8,266,1,285,,,,
test,A3,Clean,all,0.64,4263,51,147,291,32.0,19.0,147.0,0.0
test,A3,Clean,nb,0.64,3927,19,0,168,,,,
test,A3,Clean,b,0.64,336,32,147,123,,,,
test,A3,Music,all,0.64,1778,795,38,2388,166.0,629.0,28.0,10.0
test,A3,Music,nb,0.64,1678,629,10,2164,,,,
test,A3,Music,b,0.64,100,166,28,224,,,,
test,A3,Noise,all,0.64,7,166,9,4378,90.0,76.0,3.0,6.0
test,A3,Noise,nb,0.64,4,76,6,4285,,,,
test,A3,Noise,b,0.64,3,90,3,93,,,,
test,A3,Asm,all,0.65,29,1528,0,3483,610.0,918.0,0.0,0.0
test,A3,Asm,nb,0.65,28,918,0,2910,,,,
test,A3,Asm,b,0.65,1,610,0,573,,,,
test,A3,Babble,all,0.65,140,1537,1,2627,267.0,1270.0,1.0,0.0
test,A3,Babble,nb,0.65,133,1270,0,2342,,,,
test,A3,Babble,b,0.65,7,267,1,285,,,,
test,A3,Clean,all,0.65,4261,53,146,292,33.0,20.0,146.0,0.0
test,A3,Clean,nb,0.65,3926,20,0,168,,,,
test,A3,Clean,b,0.65,335,33,146,124,,,,
test,A3,Music,all,0.65,1760,813,36,2390,169.0,644.0,26.0,10.0
test,A3,Music,nb,0.65,1663,644,10,2164,,,,
test,A3,Music,b,0.65,97,169,26,226,,,,
test,A3,Noise,all,0.65,6,167,8,4379,90.0,77.0,3.0,5.0
test,A3,Noise,nb,0.65,3,77,5,4286,,,,
test,A3,Noise,b,0.65,3,90,3,93,,,,
test,A3,Asm,all,0.66,27,1530,0,3483,610.0,920.0,0.0,0.0
test,A3,Asm,nb,0.66,26,920,0,2910,,,,
test,A3,Asm,b,0.66,1,610,0,573,,,,
test,A3,Babble,all,0.66,135,1542,1,2627,267.0,1275.0,1.0,0.0
test,A3,Babble,nb,0.66,128,1275,0,2342,,,,
test,A3,Babble,b,0.66,7,267,1,285,,,,
test,A3,Clean,all,0.66,4261,53,143,295,33.0,20.0,143.0,0.0
test,A3,Clean,nb,0.66,3926,20,0,168,,,,
test,A3,Clean,b,0.66,335,33,143,127,,,,
test,A3,Music,all,0.66,1721,852,34,2392,173.0,679.0,24.0,10.0
test,A3,Music,nb,0.66,1628,679,10,2164,,,,
test,A3,Music,b,0.66,93,173,24,228,,,,
test,A3,Noise,all,0.66,6,167,7,4380,90.0,77.0,2.0,5.0
test,A3,Noise,nb,0.66,3,77,5,4286,,,,
test,A3,Noise,b,0.66,3,90,2,94,,,,
test,A3,Asm,all,0.67,27,1530,0,3483,610.0,920.0,0.0,0.0
test,A3,Asm,nb,0.67,26,920,0,2910,,,,
test,A3,Asm,b,0.67,1,610,0,573,,,,
test,A3,Babble,all,0.67,130,1547,1,2627,267.0,1280.0,1.0,0.0
test,A3,Babble,nb,0.67,123,1280,0,2342,,,,
test,A3,Babble,b,0.67,7,267,1,285,,,,
test,A3,Clean,all,0.67,4258,56,142,296,36.0,20.0,142.0,0.0
test,A3,Clean,nb,0.67,3926,20,0,168,,,,
test,A3,Clean,b,0.67,332,36,142,128,,,,
test,A3,Music,all,0.67,1704,869,32,2394,174.0,695.0,22.0,10.0
test,A3,Music,nb,0.67,1612,695,10,2164,,,,
test,A3,Music,b,0.67,92,174,22,230,,,,
test,A3,Noise,all,0.67,5,168,6,4381,90.0,78.0,2.0,4.0
test,A3,Noise,nb,0.67,2,78,4,4287,,,,
test,A3,Noise,b,0.67,3,90,2,94,,,,
test,A3,Asm,all,0.68,26,1531,0,3483,610.0,921.0,0.0,0.0
test,A3,Asm,nb,0.68,25,921,0,2910,,,,
test,A3,Asm,b,0.68,1,610,0,573,,,,
test,A3,Babble,all,0.68,125,1552,1,2627,267.0,1285.0,1.0,0.0
test,A3,Babble,nb,0.68,118,1285,0,2342,,,,
test,A3,Babble,b,0.68,7,267,1,285,,,,
test,A3,Clean,all,0.68,4255,59,140,298,39.0,20.0,140.0,0.0
test,A3,Clean,nb,0.68,3926,20,0,168,,,,
test,A3,Clean,b,0.68,329,39,140,130,,,,
test,A3,Music,all,0.68,1682,891,32,2394,176.0,715.0,22.0,10.0
test,A3,Music,nb,0.68,1592,715,10,2164,,,,
test,A3,Music,b,0.68,90,176,22,230,,,,
test,A3,Noise,all,0.68,4,169,5,4382,91.0,78.0,2.0,3.0
test,A3,Noise,nb,0.68,2,78,3,4288,,,,
test,A3,Noise,b,0.68,2,91,2,94,,,,
test,A3,Asm,all,0.69,24,1533,0,3483,611.0,922.0,0.0,0.0
test,A3,Asm,nb,0.69,24,922,0,2910,,,,
test,A3,Asm,b,0.69,0,611,0,573,,,,
test,A3,Babble,all,0.69,122,1555,1,2627,267.0,1288.0,1.0,0.0
test,A3,Babble,nb,0.69,115,1288,0,2342,,,,
test,A3,Babble,b,0.69,7,267,1,285,,,,
test,A3,Clean,all,0.69,4250,64,140,298,43.0,21.0,140.0,0.0
test,A3,Clean,nb,0.69,3925,21,0,168,,,,
test,A3,Clean,b,0.69,325,43,140,130,,,,
test,A3,Music,all,0.69,1652,921,27,2399,178.0,743.0,18.0,9.0
test,A3,Music,nb,0.69,1564,743,9,2165,,,,
test,A3,Music,b,0.69,88,178,18,234,,,,
test,A3,Noise,all,0.69,4,169,5,4382,91.0,78.0,2.0,3.0
test,A3,Noise,nb,0.69,2,78,3,4288,,,,
test,A3,Noise,b,0.69,2,91,2,94,,,,
test,A3,Asm,all,0.7,21,1536,0,3483,611.0,925.0,0.0,0.0
test,A3,Asm,nb,0.7,21,925,0,2910,,,,
test,A3,Asm,b,0.7,0,611,0,573,,,,
test,A3,Babble,all,0.7,120,1557,1,2627,268.0,1289.0,1.0,0.0
test,A3,Babble,nb,0.7,114,1289,0,2342,,,,
test,A3,Babble,b,0.7,6,268,1,285,,,,
test,A3,Clean,all,0.7,4245,69,140,298,45.0,24.0,140.0,0.0
test,A3,Clean,nb,0.7,3922,24,0,168,,,,
test,A3,Clean,b,0.7,323,45,140,130,,,,
test,A3,Music,all,0.7,1635,938,26,2400,184.0,754.0,18.0,8.0
test,A3,Music,nb,0.7,1553,754,8,2166,,,,
test,A3,Music,b,0.7,82,184,18,234,,,,
test,A3,Noise,all,0.7,4,169,5,4382,91.0,78.0,2.0,3.0
test,A3,Noise,nb,0.7,2,78,3,4288,,,,
test,A3,Noise,b,0.7,2,91,2,94,,,,
test,A3,Asm,all,0.71,21,1536,0,3483,611.0,925.0,0.0,0.0
test,A3,Asm,nb,0.71,21,925,0,2910,,,,
test,A3,Asm,b,0.71,0,611,0,573,,,,
test,A3,Babble,all,0.71,118,1559,1,2627,268.0,1291.0,1.0,0.0
test,A3,Babble,nb,0.71,112,1291,0,2342,,,,
test,A3,Babble,b,0.71,6,268,1,285,,,,
test,A3,Clean,all,0.71,4243,71,135,303,47.0,24.0,135.0,0.0
test,A3,Clean,nb,0.71,3922,24,0,168,,,,
test,A3,Clean,b,0.71,321,47,135,135,,,,
test,A3,Music,all,0.71,1607,966,24,2402,187.0,779.0,17.0,7.0
test,A3,Music,nb,0.71,1528,779,7,2167,,,,
test,A3,Music,b,0.71,79,187,17,235,,,,
test,A3,Noise,all,0.71,4,169,4,4383,91.0,78.0,2.0,2.0
test,A3,Noise,nb,0.71,2,78,2,4289,,,,
test,A3,Noise,b,0.71,2,91,2,94,,,,
test,A3,Asm,all,0.72,18,1539,0,3483,611.0,928.0,0.0,0.0
test,A3,Asm,nb,0.72,18,928,0,2910,,,,
test,A3,Asm,b,0.72,0,611,0,573,,,,
test,A3,Babble,all,0.72,112,1565,1,2627,269.0,1296.0,1.0,0.0
test,A3,Babble,nb,0.72,107,1296,0,2342,,,,
test,A3,Babble,b,0.72,5,269,1,285,,,,
test,A3,Clean,all,0.72,4241,73,132,306,49.0,24.0,132.0,0.0
test,A3,Clean,nb,0.72,3922,24,0,168,,,,
test,A3,Clean,b,0.72,319,49,132,138,,,,
test,A3,Music,all,0.72,1567,1006,24,2402,194.0,812.0,17.0,7.0
test,A3,Music,nb,0.72,1495,812,7,2167,,,,
test,A3,Music,b,0.72,72,194,17,235,,,,
test,A3,Noise,all,0.72,4,169,4,4383,91.0,78.0,2.0,2.0
test,A3,Noise,nb,0.72,2,78,2,4289,,,,
test,A3,Noise,b,0.72,2,91,2,94,,,,
test,A3,Asm,all,0.73,17,1540,0,3483,611.0,929.0,0.0,0.0
test,A3,Asm,nb,0.73,17,929,0,2910,,,,
test,A3,Asm,b,0.73,0,611,0,573,,,,
test,A3,Babble,all,0.73,108,1569,1,2627,270.0,1299.0,1.0,0.0
test,A3,Babble,nb,0.73,104,1299,0,2342,,,,
test,A3,Babble,b,0.73,4,270,1,285,,,,
test,A3,Clean,all,0.73,4238,76,128,310,52.0,24.0,128.0,0.0
test,A3,Clean,nb,0.73,3922,24,0,168,,,,
test,A3,Clean,b,0.73,316,52,128,142,,,,
test,A3,Music,all,0.73,1542,1031,21,2405,195.0,836.0,14.0,7.0
test,A3,Music,nb,0.73,1471,836,7,2167,,,,
test,A3,Music,b,0.73,71,195,14,238,,,,
test,A3,Noise,all,0.73,4,169,3,4384,91.0,78.0,1.0,2.0
test,A3,Noise,nb,0.73,2,78,2,4289,,,,
test,A3,Noise,b,0.73,2,91,1,95,,,,
test,A3,Asm,all,0.74,16,1541,0,3483,611.0,930.0,0.0,0.0
test,A3,Asm,nb,0.74,16,930,0,2910,,,,
test,A3,Asm,b,0.74,0,611,0,573,,,,
test,A3,Babble,all,0.74,102,1575,1,2627,271.0,1304.0,1.0,0.0
test,A3,Babble,nb,0.74,99,1304,0,2342,,,,
test,A3,Babble,b,0.74,3,271,1,285,,,,
test,A3,Clean,all,0.74,4233,81,126,312,55.0,26.0,126.0,0.0
test,A3,Clean,nb,0.74,3920,26,0,168,,,,
test,A3,Clean,b,0.74,313,55,126,144,,,,
test,A3,Music,all,0.74,1521,1052,19,2407,199.0,853.0,12.0,7.0
test,A3,Music,nb,0.74,1454,853,7,2167,,,,
test,A3,Music,b,0.74,67,199,12,240,,,,
test,A3,Noise,all,0.74,4,169,3,4384,91.0,78.0,1.0,2.0
test,A3,Noise,nb,0.74,2,78,2,4289,,,,
test,A3,Noise,b,0.74,2,91,1,95,,,,
test,A3,Asm,all,0.75,16,1541,0,3483,611.0,930.0,0.0,0.0
test,A3,Asm,nb,0.75,16,930,0,2910,,,,
test,A3,Asm,b,0.75,0,611,0,573,,,,
test,A3,Babble,all,0.75,96,1581,1,2627,271.0,1310.0,1.0,0.0
test,A3,Babble,nb,0.75,93,1310,0,2342,,,,
test,A3,Babble,b,0.75,3,271,1,285,,,,
test,A3,Clean,all,0.75,4227,87,123,315,59.0,28.0,123.0,0.0
test,A3,Clean,nb,0.75,3918,28,0,168,,,,
test,A3,Clean,b,0.75,309,59,123,147,,,,
test,A3,Music,all,0.75,1490,1083,18,2408,201.0,882.0,12.0,6.0
test,A3,Music,nb,0.75,1425,882,6,2168,,,,
test,A3,Music,b,0.75,65,201,12,240,,,,
test,A3,Noise,all,0.75,4,169,3,4384,91.0,78.0,1.0,2.0
test,A3,Noise,nb,0.75,2,78,2,4289,,,,
test,A3,Noise,b,0.75,2,91,1,95,,,,
test,A3,Asm,all,0.76,13,1544,0,3483,611.0,933.0,0.0,0.0
test,A3,Asm,nb,0.76,13,933,0,2910,,,,
test,A3,Asm,b,0.76,0,611,0,573,,,,
test,A3,Babble,all,0.76,87,1590,0,2628,272.0,1318.0,0.0,0.0
test,A3,Babble,nb,0.76,85,1318,0,2342,,,,
test,A3,Babble,b,0.76,2,272,0,286,,,,
test,A3,Clean,all,0.76,4223,91,114,324,60.0,31.0,114.0,0.0
test,A3,Clean,nb,0.76,3915,31,0,168,,,,
test,A3,Clean,b,0.76,308,60,114,156,,,,
test,A3,Music,all,0.76,1454,1119,18,2408,204.0,915.0,12.0,6.0
test,A3,Music,nb,0.76,1392,915,6,2168,,,,
test,A3,Music,b,0.76,62,204,12,240,,,,
test,A3,Noise,all,0.76,4,169,2,4385,91.0,78.0,1.0,1.0
test,A3,Noise,nb,0.76,2,78,1,4290,,,,
test,A3,Noise,b,0.76,2,91,1,95,,,,
test,A3,Asm,all,0.77,11,1546,0,3483,611.0,935.0,0.0,0.0
test,A3,Asm,nb,0.77,11,935,0,2910,,,,
test,A3,Asm,b,0.77,0,611,0,573,,,,
test,A3,Babble,all,0.77,87,1590,0,2628,272.0,1318.0,0.0,0.0
test,A3,Babble,nb,0.77,85,1318,0,2342,,,,
test,A3,Babble,b,0.77,2,272,0,286,,,,
test,A3,Clean,all,0.77,4219,95,110,328,61.0,34.0,110.0,0.0
test,A3,Clean,nb,0.77,3912,34,0,168,,,,
test,A3,Clean,b,0.77,307,61,110,160,,,,
test,A3,Music,all,0.77,1420,1153,18,2408,206.0,947.0,12.0,6.0
test,A3,Music,nb,0.77,1360,947,6,2168,,,,
test,A3,Music,b,0.77,60,206,12,240,,,,
test,A3,Noise,all,0.77,4,169,2,4385,91.0,78.0,1.0,1.0
test,A3,Noise,nb,0.77,2,78,1,4290,,,,
test,A3,Noise,b,0.77,2,91,1,95,,,,
test,A3,Asm,all,0.78,11,1546,0,3483,611.0,935.0,0.0,0.0
test,A3,Asm,nb,0.78,11,935,0,2910,,,,
test,A3,Asm,b,0.78,0,611,0,573,,,,
test,A3,Babble,all,0.78,78,1599,0,2628,272.0,1327.0,0.0,0.0
test,A3,Babble,nb,0.78,76,1327,0,2342,,,,
test,A3,Babble,b,0.78,2,272,0,286,,,,
test,A3,Clean,all,0.78,4213,101,108,330,65.0,36.0,108.0,0.0
test,A3,Clean,nb,0.78,3910,36,0,168,,,,
test,A3,Clean,b,0.78,303,65,108,162,,,,
test,A3,Music,all,0.78,1383,1190,16,2410,210.0,980.0,10.0,6.0
test,A3,Music,nb,0.78,1327,980,6,2168,,,,
test,A3,Music,b,0.78,56,210,10,242,,,,
test,A3,Noise,all,0.78,3,170,2,4385,92.0,78.0,1.0,1.0
test,A3,Noise,nb,0.78,2,78,1,4290,,,,
test,A3,Noise,b,0.78,1,92,1,95,,,,
test,A3,Asm,all,0.79,11,1546,0,3483,611.0,935.0,0.0,0.0
test,A3,Asm,nb,0.79,11,935,0,2910,,,,
test,A3,Asm,b,0.79,0,611,0,573,,,,
test,A3,Babble,all,0.79,73,1604,0,2628,272.0,1332.0,0.0,0.0
test,A3,Babble,nb,0.79,71,1332,0,2342,,,,
test,A3,Babble,b,0.79,2,272,0,286,,,,
test,A3,Clean,all,0.79,4206,108,106,332,70.0,38.0,106.0,0.0
test,A3,Clean,nb,0.79,3908,38,0,168,,,,
test,A3,Clean,b,0.79,298,70,106,164,,,,
test,A3,Music,all,0.79,1356,1217,13,2413,212.0,1005.0,8.0,5.0
test,A3,Music,nb,0.79,1302,1005,5,2169,,,,
test,A3,Music,b,0.79,54,212,8,244,,,,
test,A3,Noise,all,0.79,2,171,1,4386,93.0,78.0,0.0,1.0
test,A3,Noise,nb,0.79,2,78,1,4290,,,,
test,A3,Noise,b,0.79,0,93,0,96,,,,
test,A3,Asm,all,0.8,10,1547,0,3483,611.0,936.0,0.0,0.0
test,A3,Asm,nb,0.8,10,936,0,2910,,,,
test,A3,Asm,b,0.8,0,611,0,573,,,,
test,A3,Babble,all,0.8,65,1612,0,2628,272.0,1340.0,0.0,0.0
test,A3,Babble,nb,0.8,63,1340,0,2342,,,,
test,A3,Babble,b,0.8,2,272,0,286,,,,
test,A3,Clean,all,0.8,4200,114,102,336,75.0,39.0,102.0,0.0
test,A3,Clean,nb,0.8,3907,39,0,168,,,,
test,A3,Clean,b,0.8,293,75,102,168,,,,
test,A3,Music,all,0.8,1330,1243,10,2416,214.0,1029.0,6.0,4.0
test,A3,Music,nb,0.8,1278,1029,4,2170,,,,
test,A3,Music,b,0.8,52,214,6,246,,,,
test,A3,Noise,all,0.8,1,172,1,4386,93.0,79.0,0.0,1.0
test,A3,Noise,nb,0.8,1,79,1,4290,,,,
test,A3,Noise,b,0.8,0,93,0,96,,,,
test,A3,Asm,all,0.81,8,1549,0,3483,611.0,938.0,0.0,0.0
test,A3,Asm,nb,0.81,8,938,0,2910,,,,
test,A3,Asm,b,0.81,0,611,0,573,,,,
test,A3,Babble,all,0.81,63,1614,0,2628,272.0,1342.0,0.0,0.0
test,A3,Babble,nb,0.81,61,1342,0,2342,,,,
test,A3,Babble,b,0.81,2,272,0,286,,,,
test,A3,Clean,all,0.81,4193,121,100,338,80.0,41.0,100.0,0.0
test,A3,Clean,nb,0.81,3905,41,0,168,,,,
test,A3,Clean,b,0.81,288,80,100,170,,,,
test,A3,Music,all,0.81,1294,1279,9,2417,215.0,1064.0,6.0,3.0
test,A3,Music,nb,0.81,1243,1064,3,2171,,,,
test,A3,Music,b,0.81,51,215,6,246,,,,
test,A3,Noise,all,0.81,1,172,1,4386,93.0,79.0,0.0,1.0
test,A3,Noise,nb,0.81,1,79,1,4290,,,,
test,A3,Noise,b,0.81,0,93,0,96,,,,
test,A3,Asm,all,0.82,6,1551,0,3483,611.0,940.0,0.0,0.0
test,A3,Asm,nb,0.82,6,940,0,2910,,,,
test,A3,Asm,b,0.82,0,611,0,573,,,,
test,A3,Babble,all,0.82,60,1617,0,2628,272.0,1345.0,0.0,0.0
test,A3,Babble,nb,0.82,58,1345,0,2342,,,,
test,A3,Babble,b,0.82,2,272,0,286,,,,
test,A3,Clean,all,0.82,4187,127,97,341,82.0,45.0,97.0,0.0
test,A3,Clean,nb,0.82,3901,45,0,168,,,,
test,A3,Clean,b,0.82,286,82,97,173,,,,
test,A3,Music,all,0.82,1253,1320,8,2418,221.0,1099.0,6.0,2.0
test,A3,Music,nb,0.82,1208,1099,2,2172,,,,
test,A3,Music,b,0.82,45,221,6,246,,,,
test,A3,Noise,all,0.82,1,172,1,4386,93.0,79.0,0.0,1.0
test,A3,Noise,nb,0.82,1,79,1,4290,,,,
test,A3,Noise,b,0.82,0,93,0,96,,,,
test,A3,Asm,all,0.83,6,1551,0,3483,611.0,940.0,0.0,0.0
test,A3,Asm,nb,0.83,6,940,0,2910,,,,
test,A3,Asm,b,0.83,0,611,0,573,,,,
test,A3,Babble,all,0.83,54,1623,0,2628,272.0,1351.0,0.0,0.0
test,A3,Babble,nb,0.83,52,1351,0,2342,,,,
test,A3,Babble,b,0.83,2,272,0,286,,,,
test,A3,Clean,all,0.83,4180,134,91,347,83.0,51.0,91.0,0.0
test,A3,Clean,nb,0.83,3895,51,0,168,,,,
test,A3,Clean,b,0.83,285,83,91,179,,,,
test,A3,Music,all,0.83,1217,1356,8,2418,226.0,1130.0,6.0,2.0
test,A3,Music,nb,0.83,1177,1130,2,2172,,,,
test,A3,Music,b,0.83,40,226,6,246,,,,
test,A3,Noise,all,0.83,1,172,1,4386,93.0,79.0,0.0,1.0
test,A3,Noise,nb,0.83,1,79,1,4290,,,,
test,A3,Noise,b,0.83,0,93,0,96,,,,
test,A3,Asm,all,0.84,5,1552,0,3483,611.0,941.0,0.0,0.0
test,A3,Asm,nb,0.84,5,941,0,2910,,,,
test,A3,Asm,b,0.84,0,611,0,573,,,,
test,A3,Babble,all,0.84,43,1634,0,2628,273.0,1361.0,0.0,0.0
test,A3,Babble,nb,0.84,42,1361,0,2342,,,,
test,A3,Babble,b,0.84,1,273,0,286,,,,
test,A3,Clean,all,0.84,4170,144,89,349,90.0,54.0,89.0,0.0
test,A3,Clean,nb,0.84,3892,54,0,168,,,,
test,A3,Clean,b,0.84,278,90,89,181,,,,
test,A3,Music,all,0.84,1169,1404,6,2420,230.0,1174.0,5.0,1.0
test,A3,Music,nb,0.84,1133,1174,1,2173,,,,
test,A3,Music,b,0.84,36,230,5,247,,,,
test,A3,Noise,all,0.84,1,172,1,4386,93.0,79.0,0.0,1.0
test,A3,Noise,nb,0.84,1,79,1,4290,,,,
test,A3,Noise,b,0.84,0,93,0,96,,,,
test,A3,Asm,all,0.85,4,1553,0,3483,611.0,942.0,0.0,0.0
test,A3,Asm,nb,0.85,4,942,0,2910,,,,
test,A3,Asm,b,0.85,0,611,0,573,,,,
test,A3,Babble,all,0.85,42,1635,0,2628,273.0,1362.0,0.0,0.0
test,A3,Babble,nb,0.85,41,1362,0,2342,,,,
test,A3,Babble,b,0.85,1,273,0,286,,,,
test,A3,Clean,all,0.85,4159,155,83,355,93.0,62.0,83.0,0.0
test,A3,Clean,nb,0.85,3884,62,0,168,,,,
test,A3,Clean,b,0.85,275,93,83,187,,,,
test,A3,Music,all,0.85,1129,1444,6,2420,232.0,1212.0,5.0,1.0
test,A3,Music,nb,0.85,1095,1212,1,2173,,,,
test,A3,Music,b,0.85,34,232,5,247,,,,
test,A3,Noise,all,0.85,1,172,1,4386,93.0,79.0,0.0,1.0
test,A3,Noise,nb,0.85,1,79,1,4290,,,,
test,A3,Noise,b,0.85,0,93,0,96,,,,
test,A3,Asm,all,0.86,4,1553,0,3483,611.0,942.0,0.0,0.0
test,A3,Asm,nb,0.86,4,942,0,2910,,,,
test,A3,Asm,b,0.86,0,611,0,573,,,,
test,A3,Babble,all,0.86,42,1635,0,2628,273.0,1362.0,0.0,0.0
test,A3,Babble,nb,0.86,41,1362,0,2342,,,,
test,A3,Babble,b,0.86,1,273,0,286,,,,
test,A3,Clean,all,0.86,4149,165,80,358,96.0,69.0,80.0,0.0
test,A3,Clean,nb,0.86,3877,69,0,168,,,,
test,A3,Clean,b,0.86,272,96,80,190,,,,
test,A3,Music,all,0.86,1082,1491,6,2420,232.0,1259.0,5.0,1.0
test,A3,Music,nb,0.86,1048,1259,1,2173,,,,
test,A3,Music,b,0.86,34,232,5,247,,,,
test,A3,Noise,all,0.86,0,173,1,4386,93.0,80.0,0.0,1.0
test,A3,Noise,nb,0.86,0,80,1,4290,,,,
test,A3,Noise,b,0.86,0,93,0,96,,,,
test,A3,Asm,all,0.87,4,1553,0,3483,611.0,942.0,0.0,0.0
test,A3,Asm,nb,0.87,4,942,0,2910,,,,
test,A3,Asm,b,0.87,0,611,0,573,,,,
test,A3,Babble,all,0.87,38,1639,0,2628,273.0,1366.0,0.0,0.0
test,A3,Babble,nb,0.87,37,1366,0,2342,,,,
test,A3,Babble,b,0.87,1,273,0,286,,,,
test,A3,Clean,all,0.87,4129,185,76,362,101.0,84.0,76.0,0.0
test,A3,Clean,nb,0.87,3862,84,0,168,,,,
test,A3,Clean,b,0.87,267,101,76,194,,,,
test,A3,Music,all,0.87,1038,1535,5,2421,236.0,1299.0,4.0,1.0
test,A3,Music,nb,0.87,1008,1299,1,2173,,,,
test,A3,Music,b,0.87,30,236,4,248,,,,
test,A3,Noise,all,0.87,0,173,1,4386,93.0,80.0,0.0,1.0
test,A3,Noise,nb,0.87,0,80,1,4290,,,,
test,A3,Noise,b,0.87,0,93,0,96,,,,
test,A3,Asm,all,0.88,4,1553,0,3483,611.0,942.0,0.0,0.0
test,A3,Asm,nb,0.88,4,942,0,2910,,,,
test,A3,Asm,b,0.88,0,611,0,573,,,,
test,A3,Babble,all,0.88,33,1644,0,2628,273.0,1371.0,0.0,0.0
test,A3,Babble,nb,0.88,32,1371,0,2342,,,,
test,A3,Babble,b,0.88,1,273,0,286,,,,
test,A3,Clean,all,0.88,4121,193,75,363,105.0,88.0,75.0,0.0
test,A3,Clean,nb,0.88,3858,88,0,168,,,,
test,A3,Clean,b,0.88,263,105,75,195,,,,
test,A3,Music,all,0.88,995,1578,2,2424,238.0,1340.0,1.0,1.0
test,A3,Music,nb,0.88,967,1340,1,2173,,,,
test,A3,Music,b,0.88,28,238,1,251,,,,
test,A3,Noise,all,0.88,0,173,0,4387,93.0,80.0,0.0,0.0
test,A3,Noise,nb,0.88,0,80,0,4291,,,,
test,A3,Noise,b,0.88,0,93,0,96,,,,
test,A3,Asm,all,0.89,4,1553,0,3483,611.0,942.0,0.0,0.0
test,A3,Asm,nb,0.89,4,942,0,2910,,,,
test,A3,Asm,b,0.89,0,611,0,573,,,,
test,A3,Babble,all,0.89,26,1651,0,2628,273.0,1378.0,0.0,0.0
test,A3,Babble,nb,0.89,25,1378,0,2342,,,,
test,A3,Babble,b,0.89,1,273,0,286,,,,
test,A3,Clean,all,0.89,4108,206,72,366,108.0,98.0,72.0,0.0
test,A3,Clean,nb,0.89,3848,98,0,168,,,,
test,A3,Clean,b,0.89,260,108,72,198,,,,
test,A3,Music,all,0.89,951,1622,2,2424,239.0,1383.0,1.0,1.0
test,A3,Music,nb,0.89,924,1383,1,2173,,,,
test,A3,Music,b,0.89,27,239,1,251,,,,
test,A3,Noise,all,0.89,0,173,0,4387,93.0,80.0,0.0,0.0
test,A3,Noise,nb,0.89,0,80,0,4291,,,,
test,A3,Noise,b,0.89,0,93,0,96,,,,
test,A3,Asm,all,0.9,2,1555,0,3483,611.0,944.0,0.0,0.0
test,A3,Asm,nb,0.9,2,944,0,2910,,,,
test,A3,Asm,b,0.9,0,611,0,573,,,,
test,A3,Babble,all,0.9,21,1656,0,2628,273.0,1383.0,0.0,0.0
test,A3,Babble,nb,0.9,20,1383,0,2342,,,,
test,A3,Babble,b,0.9,1,273,0,286,,,,
test,A3,Clean,all,0.9,4095,219,71,367,115.0,104.0,71.0,0.0
test,A3,Clean,nb,0.9,3842,104,0,168,,,,
test,A3,Clean,b,0.9,253,115,71,199,,,,
test,A3,Music,all,0.9,906,1667,1,2425,240.0,1427.0,1.0,0.0
test,A3,Music,nb,0.9,880,1427,0,2174,,,,
test,A3,Music,b,0.9,26,240,1,251,,,,
test,A3,Noise,all,0.9,0,173,0,4387,93.0,80.0,0.0,0.0
test,A3,Noise,nb,0.9,0,80,0,4291,,,,
test,A3,Noise,b,0.9,0,93,0,96,,,,
test,A3,Asm,all,0.91,1,1556,0,3483,611.0,945.0,0.0,0.0
test,A3,Asm,nb,0.91,1,945,0,2910,,,,
test,A3,Asm,b,0.91,0,611,0,573,,,,
test,A3,Babble,all,0.91,17,1660,0,2628,274.0,1386.0,0.0,0.0
test,A3,Babble,nb,0.91,17,1386,0,2342,,,,
test,A3,Babble,b,0.91,0,274,0,286,,,,
test,A3,Clean,all,0.91,4080,234,64,374,123.0,111.0,64.0,0.0
test,A3,Clean,nb,0.91,3835,111,0,168,,,,
test,A3,Clean,b,0.91,245,123,64,206,,,,
test,A3,Music,all,0.91,845,1728,1,2425,244.0,1484.0,1.0,0.0
test,A3,Music,nb,0.91,823,1484,0,2174,,,,
test,A3,Music,b,0.91,22,244,1,251,,,,
test,A3,Noise,all,0.91,0,173,0,4387,93.0,80.0,0.0,0.0
test,A3,Noise,nb,0.91,0,80,0,4291,,,,
test,A3,Noise,b,0.91,0,93,0,96,,,,
test,A3,Asm,all,0.92,1,1556,0,3483,611.0,945.0,0.0,0.0
test,A3,Asm,nb,0.92,1,945,0,2910,,,,
test,A3,Asm,b,0.92,0,611,0,573,,,,
test,A3,Babble,all,0.92,17,1660,0,2628,274.0,1386.0,0.0,0.0
test,A3,Babble,nb,0.92,17,1386,0,2342,,,,
test,A3,Babble,b,0.92,0,274,0,286,,,,
test,A3,Clean,all,0.92,4067,247,61,377,132.0,115.0,61.0,0.0
test,A3,Clean,nb,0.92,3831,115,0,168,,,,
test,A3,Clean,b,0.92,236,132,61,209,,,,
test,A3,Music,all,0.92,781,1792,0,2426,247.0,1545.0,0.0,0.0
test,A3,Music,nb,0.92,762,1545,0,2174,,,,
test,A3,Music,b,0.92,19,247,0,252,,,,
test,A3,Noise,all,0.92,0,173,0,4387,93.0,80.0,0.0,0.0
test,A3,Noise,nb,0.92,0,80,0,4291,,,,
test,A3,Noise,b,0.92,0,93,0,96,,,,
test,A3,Asm,all,0.93,1,1556,0,3483,611.0,945.0,0.0,0.0
test,A3,Asm,nb,0.93,1,945,0,2910,,,,
test,A3,Asm,b,0.93,0,611,0,573,,,,
test,A3,Babble,all,0.93,16,1661,0,2628,274.0,1387.0,0.0,0.0
test,A3,Babble,nb,0.93,16,1387,0,2342,,,,
test,A3,Babble,b,0.93,0,274,0,286,,,,
test,A3,Clean,all,0.93,4046,268,56,382,142.0,126.0,56.0,0.0
test,A3,Clean,nb,0.93,3820,126,0,168,,,,
test,A3,Clean,b,0.93,226,142,56,214,,,,
test,A3,Music,all,0.93,706,1867,0,2426,250.0,1617.0,0.0,0.0
test,A3,Music,nb,0.93,690,1617,0,2174,,,,
test,A3,Music,b,0.93,16,250,0,252,,,,
test,A3,Noise,all,0.93,0,173,0,4387,93.0,80.0,0.0,0.0
test,A3,Noise,nb,0.93,0,80,0,4291,,,,
test,A3,Noise,b,0.93,0,93,0,96,,,,
test,A3,Asm,all,0.94,0,1557,0,3483,611.0,946.0,0.0,0.0
test,A3,Asm,nb,0.94,0,946,0,2910,,,,
test,A3,Asm,b,0.94,0,611,0,573,,,,
test,A3,Babble,all,0.94,10,1667,0,2628,274.0,1393.0,0.0,0.0
test,A3,Babble,nb,0.94,10,1393,0,2342,,,,
test,A3,Babble,b,0.94,0,274,0,286,,,,
test,A3,Clean,all,0.94,4008,306,56,382,149.0,157.0,56.0,0.0
test,A3,Clean,nb,0.94,3789,157,0,168,,,,
test,A3,Clean,b,0.94,219,149,56,214,,,,
test,A3,Music,all,0.94,622,1951,0,2426,256.0,1695.0,0.0,0.0
test,A3,Music,nb,0.94,612,1695,0,2174,,,,
test,A3,Music,b,0.94,10,256,0,252,,,,
test,A3,Noise,all,0.94,0,173,0,4387,93.0,80.0,0.0,0.0
test,A3,Noise,nb,0.94,0,80,0,4291,,,,
test,A3,Noise,b,0.94,0,93,0,96,,,,
test,A3,Asm,all,0.95,0,1557,0,3483,611.0,946.0,0.0,0.0
test,A3,Asm,nb,0.95,0,946,0,2910,,,,
test,A3,Asm,b,0.95,0,611,0,573,,,,
test,A3,Babble,all,0.95,8,1669,0,2628,274.0,1395.0,0.0,0.0
test,A3,Babble,nb,0.95,8,1395,0,2342,,,,
test,A3,Babble,b,0.95,0,274,0,286,,,,
test,A3,Clean,all,0.95,3981,333,55,383,153.0,180.0,55.0,0.0
test,A3,Clean,nb,0.95,3766,180,0,168,,,,
test,A3,Clean,b,0.95,215,153,55,215,,,,
test,A3,Music,all,0.95,536,2037,0,2426,259.0,1778.0,0.0,0.0
test,A3,Music,nb,0.95,529,1778,0,2174,,,,
test,A3,Music,b,0.95,7,259,0,252,,,,
test,A3,Noise,all,0.95,0,173,0,4387,93.0,80.0,0.0,0.0
test,A3,Noise,nb,0.95,0,80,0,4291,,,,
test,A3,Noise,b,0.95,0,93,0,96,,,,
test,A4,Asm,all,0.01,1467,90,2520,963,31.0,59.0,533.0,1987.0
test,A4,Asm,nb,0.01,887,59,1987,923,,,,
test,A4,Asm,b,0.01,580,31,533,40,,,,
test,A4,Babble,all,0.01,1674,3,2364,264,2.0,1.0,285.0,2079.0
test,A4,Babble,nb,0.01,1402,1,2079,263,,,,
test,A4,Babble,b,0.01,272,2,285,1,,,,
test,A4,Clean,all,0.01,4314,0,389,49,0.0,0.0,270.0,119.0
test,A4,Clean,nb,0.01,3946,0,119,49,,,,
test,A4,Clean,b,0.01,368,0,270,0,,,,
test,A4,Music,all,0.01,2559,14,1831,595,11.0,3.0,233.0,1598.0
test,A4,Music,nb,0.01,2304,3,1598,576,,,,
test,A4,Music,b,0.01,255,11,233,19,,,,
test,A4,Noise,all,0.01,109,64,1754,2633,28.0,36.0,66.0,1688.0
test,A4,Noise,nb,0.01,44,36,1688,2603,,,,
test,A4,Noise,b,0.01,65,28,66,30,,,,
test,A4,Asm,all,0.02,1247,310,1680,1803,133.0,177.0,433.0,1247.0
test,A4,Asm,nb,0.02,769,177,1247,1663,,,,
test,A4,Asm,b,0.02,478,133,433,140,,,,
test,A4,Babble,all,0.02,1671,6,2178,450,3.0,3.0,282.0,1896.0
test,A4,Babble,nb,0.02,1400,3,1896,446,,,,
test,A4,Babble,b,0.02,271,3,282,4,,,,
test,A4,Clean,all,0.02,4312,2,367,71,1.0,1.0,270.0,97.0
test,A4,Clean,nb,0.02,3945,1,97,71,,,,
test,A4,Clean,b,0.02,367,1,270,0,,,,
test,A4,Music,all,0.02,2551,22,1525,901,16.0,6.0,232.0,1293.0
test,A4,Music,nb,0.02,2301,6,1293,881,,,,
test,A4,Music,b,0.02,250,16,232,20,,,,
test,A4,Noise,all,0.02,107,66,1250,3137,30.0,36.0,64.0,1186.0
test,A4,Noise,nb,0.02,44,36,1186,3105,,,,
test,A4,Noise,b,0.02,63,30,64,32,,,,
test,A4,Asm,all,0.03,1033,524,1110,2373,242.0,282.0,324.0,786.0
test,A4,Asm,nb,0.03,664,282,786,2124,,,,
test,A4,Asm,b,0.03,369,242,324,249,,,,
test,A4,Babble,all,0.03,1664,13,1981,647,8.0,5.0,275.0,1706.0
test,A4,Babble,nb,0.03,1398,5,1706,636,,,,
test,A4,Babble,b,0.03,266,8,275,11,,,,
test,A4,Clean,all,0.03,4312,2,354,84,1.0,1.0,270.0,84.0
test,A4,Clean,nb,0.03,3945,1,84,84,,,,
test,A4,Clean,b,0.03,367,1,270,0,,,,
test,A4,Music,all,0.03,2542,31,1305,1121,20.0,11.0,228.0,1077.0
test,A4,Music,nb,0.03,2296,11,1077,1097,,,,
test,A4,Music,b,0.03,246,20,228,24,,,,
test,A4,Noise,all,0.03,106,67,1005,3382,31.0,36.0,63.0,942.0
test,A4,Noise,nb,0.03,44,36,942,3349,,,,
test,A4,Noise,b,0.03,62,31,63,33,,,,
test,A4,Asm,all,0.04,887,670,762,2721,314.0,356.0,255.0,507.0
test,A4,Asm,nb,0.04,590,356,507,2403,,,,
test,A4,Asm,b,0.04,297,314,255,318,,,,
test,A4,Babble,all,0.04,1654,23,1804,824,14.0,9.0,269.0,1535.0
test,A4,Babble,nb,0.04,1394,9,1535,807,,,,
test,A4,Babble,b,0.04,260,14,269,17,,,,
test,A4,Clean,all,0.04,4312,2,344,94,1.0,1.0,269.0,75.0
test,A4,Clean,nb,0.04,3945,1,75,93,,,,
test,A4,Clean,b,0.04,367,1,269,1,,,,
test,A4,Music,all,0.04,2531,42,1135,1291,24.0,18.0,222.0,913.0
test,A4,Music,nb,0.04,2289,18,913,1261,,,,
test,A4,Music,b,0.04,242,24,222,30,,,,
test,A4,Noise,all,0.04,105,68,846,3541,31.0,37.0,60.0,786.0
test,A4,Noise,nb,0.04,43,37,786,3505,,,,
test,A4,Noise,b,0.04,62,31,60,36,,,,
test,A4,Asm,all,0.05,793,764,538,2945,362.0,402.0,201.0,337.0
test,A4,Asm,nb,0.05,544,402,337,2573,,,,
test,A4,Asm,b,0.05,249,362,201,372,,,,
test,A4,Babble,all,0.05,1644,33,1667,961,14.0,19.0,264.0,1403.0
test,A4,Babble,nb,0.05,1384,19,1403,939,,,,
test,A4,Babble,b,0.05,260,14,264,22,,,,
test,A4,Clean,all,0.05,4312,2,339,99,1.0,1.0,269.0,70.0
test,A4,Clean,nb,0.05,3945,1,70,98,,,,
test,A4,Clean,b,0.05,367,1,269,1,,,,
test,A4,Music,all,0.05,2528,45,994,1432,27.0,18.0,215.0,779.0
test,A4,Music,nb,0.05,2289,18,779,1395,,,,
test,A4,Music,b,0.05,239,27,215,37,,,,
test,A4,Noise,all,0.05,105,68,722,3665,31.0,37.0,59.0,663.0
test,A4,Noise,nb,0.05,43,37,663,3628,,,,
test,A4,Noise,b,0.05,62,31,59,37,,,,
test,A4,Asm,all,0.06,705,852,384,3099,406.0,446.0,152.0,232.0
test,A4,Asm,nb,0.06,500,446,232,2678,,,,
test,A4,Asm,b,0.06,205,406,152,421,,,,
test,A4,Babble,all,0.06,1624,53,1535,1093,17.0,36.0,258.0,1277.0
test,A4,Babble,nb,0.06,1367,36,1277,1065,,,,
test,A4,Babble,b,0.06,257,17,258,28,,,,
test,A4,Clean,all,0.06,4311,3,336,102,2.0,1.0,269.0,67.0
test,A4,Clean,nb,0.06,3945,1,67,101,,,,
test,A4,Clean,b,0.06,366,2,269,1,,,,
test,A4,Music,all,0.06,2522,51,909,1517,30.0,21.0,208.0,701.0
test,A4,Music,nb,0.06,2286,21,701,1473,,,,
test,A4,Music,b,0.06,236,30,208,44,,,,
test,A4,Noise,all,0.06,104,69,619,3768,32.0,37.0,56.0,563.0
test,A4,Noise,nb,0.06,43,37,563,3728,,,,
test,A4,Noise,b,0.06,61,32,56,40,,,,
test,A4,Asm,all,0.07,635,922,309,3174,437.0,485.0,129.0,180.0
test,A4,Asm,nb,0.07,461,485,180,2730,,,,
test,A4,Asm,b,0.07,174,437,129,444,,,,
test,A4,Babble,all,0.07,1584,93,1421,1207,25.0,68.0,254.0,1167.0
test,A4,Babble,nb,0.07,1335,68,1167,1175,,,,
test,A4,Babble,b,0.07,249,25,254,32,,,,
test,A4,Clean,all,0.07,4310,4,332,106,3.0,1.0,269.0,63.0
test,A4,Clean,nb,0.07,3945,1,63,105,,,,
test,A4,Clean,b,0.07,365,3,269,1,,,,
test,A4,Music,all,0.07,2517,56,848,1578,32.0,24.0,205.0,643.0
test,A4,Music,nb,0.07,2283,24,643,1531,,,,
test,A4,Music,b,0.07,234,32,205,47,,,,
test,A4,Noise,all,0.07,99,74,554,3833,36.0,38.0,55.0,499.0
test,A4,Noise,nb,0.07,42,38,499,3792,,,,
test,A4,Noise,b,0.07,57,36,55,41,,,,
test,A4,Asm,all,0.08,573,984,254,3229,465.0,519.0,111.0,143.0
test,A4,Asm,nb,0.08,427,519,143,2767,,,,
test,A4,Asm,b,0.08,146,465,111,462,,,,
test,A4,Babble,all,0.08,1546,131,1313,1315,38.0,93.0,239.0,1074.0
test,A4,Babble,nb,0.08,1310,93,1074,1268,,,,
test,A4,Babble,b,0.08,236,38,239,47,,,,
test,A4,Clean,all,0.08,4310,4,328,110,3.0,1.0,269.0,59.0
test,A4,Clean,nb,0.08,3945,1,59,109,,,,
test,A4,Clean,b,0.08,365,3,269,1,,,,
test,A4,Music,all,0.08,2511,62,792,1634,35.0,27.0,202.0,590.0
test,A4,Music,nb,0.08,2280,27,590,1584,,,,
test,A4,Music,b,0.08,231,35,202,50,,,,
test,A4,Noise,all,0.08,98,75,493,3894,37.0,38.0,51.0,442.0
test,A4,Noise,nb,0.08,42,38,442,3849,,,,
test,A4,Noise,b,0.08,56,37,51,45,,,,
test,A4,Asm,all,0.09,535,1022,196,3287,485.0,537.0,91.0,105.0
test,A4,Asm,nb,0.09,409,537,105,2805,,,,
test,A4,Asm,b,0.09,126,485,91,482,,,,
test,A4,Babble,all,0.09,1488,189,1199,1429,55.0,134.0,222.0,977.0
test,A4,Babble,nb,0.09,1269,134,977,1365,,,,
test,A4,Babble,b,0.09,219,55,222,64,,,,
test,A4,Clean,all,0.09,4309,5,327,111,4.0,1.0,269.0,58.0
test,A4,Clean,nb,0.09,3945,1,58,110,,,,
test,A4,Clean,b,0.09,364,4,269,1,,,,
test,A4,Music,all,0.09,2509,64,735,1691,37.0,27.0,200.0,535.0
test,A4,Music,nb,0.09,2280,27,535,1639,,,,
test,A4,Music,b,0.09,229,37,200,52,,,,
test,A4,Noise,all,0.09,93,80,433,3954,42.0,38.0,47.0,386.0
test,A4,Noise,nb,0.09,42,38,386,3905,,,,
test,A4,Noise,b,0.09,51,42,47,49,,,,
test,A4,Asm,all,0.1,492,1065,154,3329,499.0,566.0,74.0,80.0
test,A4,Asm,nb,0.1,380,566,80,2830,,,,
test,A4,Asm,b,0.1,112,499,74,499,,,,
test,A4,Babble,all,0.1,1436,241,1093,1535,68.0,173.0,209.0,884.0
test,A4,Babble,nb,0.1,1230,173,884,1458,,,,
test,A4,Babble,b,0.1,206,68,209,77,,,,
test,A4,Clean,all,0.1,4309,5,323,115,4.0,1.0,269.0,54.0
test,A4,Clean,nb,0.1,3945,1,54,114,,,,
test,A4,Clean,b,0.1,364,4,269,1,,,,
test,A4,Music,all,0.1,2503,70,681,1745,40.0,30.0,195.0,486.0
test,A4,Music,nb,0.1,2277,30,486,1688,,,,
test,A4,Music,b,0.1,226,40,195,57,,,,
test,A4,Noise,all,0.1,92,81,400,3987,43.0,38.0,43.0,357.0
test,A4,Noise,nb,0.1,42,38,357,3934,,,,
test,A4,Noise,b,0.1,50,43,43,53,,,,
test,A4,Asm,all,0.11,461,1096,130,3353,514.0,582.0,63.0,67.0
test,A4,Asm,nb,0.11,364,582,67,2843,,,,
test,A4,Asm,b,0.11,97,514,63,510,,,,
test,A4,Babble,all,0.11,1393,284,991,1637,80.0,204.0,194.0,797.0
test,A4,Babble,nb,0.11,1199,204,797,1545,,,,
test,A4,Babble,b,0.11,194,80,194,92,,,,
test,A4,Clean,all,0.11,4309,5,318,120,4.0,1.0,269.0,49.0
test,A4,Clean,nb,0.11,3945,1,49,119,,,,
test,A4,Clean,b,0.11,364,4,269,1,,,,
test,A4,Music,all,0.11,2497,76,637,1789,43.0,33.0,191.0,446.0
test,A4,Music,nb,0.11,2274,33,446,1728,,,,
test,A4,Music,b,0.11,223,43,191,61,,,,
test,A4,Noise,all,0.11,89,84,371,4016,45.0,39.0,40.0,331.0
test,A4,Noise,nb,0.11,41,39,331,3960,,,,
test,A4,Noise,b,0.11,48,45,40,56,,,,
test,A4,Asm,all,0.12,436,1121,108,3375,523.0,598.0,53.0,55.0
test,A4,Asm,nb,0.12,348,598,55,2855,,,,
test,A4,Asm,b,0.12,88,523,53,520,,,,
test,A4,Babble,all,0.12,1344,333,905,1723,87.0,246.0,181.0,724.0
test,A4,Babble,nb,0.12,1157,246,724,1618,,,,
test,A4,Babble,b,0.12,187,87,181,105,,,,
test,A4,Clean,all,0.12,4309,5,315,123,4.0,1.0,269.0,46.0
test,A4,Clean,nb,0.12,3945,1,46,122,,,,
test,A4,Clean,b,0.12,364,4,269,1,,,,
test,A4,Music,all,0.12,2494,79,597,1829,45.0,34.0,189.0,408.0
test,A4,Music,nb,0.12,2273,34,408,1766,,,,
test,A4,Music,b,0.12,221,45,189,63,,,,
test,A4,Noise,all,0.12,85,88,335,4052,48.0,40.0,39.0,296.0
test,A4,Noise,nb,0.12,40,40,296,3995,,,,
test,A4,Noise,b,0.12,45,48,39,57,,,,
test,A4,Asm,all,0.13,402,1155,91,3392,537.0,618.0,46.0,45.0
test,A4,Asm,nb,0.13,328,618,45,2865,,,,
test,A4,Asm,b,0.13,74,537,46,527,,,,
test,A4,Babble,all,0.13,1269,408,814,1814,103.0,305.0,164.0,650.0
test,A4,Babble,nb,0.13,1098,305,650,1692,,,,
test,A4,Babble,b,0.13,171,103,164,122,,,,
test,A4,Clean,all,0.13,4309,5,315,123,4.0,1.0,269.0,46.0
test,A4,Clean,nb,0.13,3945,1,46,122,,,,
test,A4,Clean,b,0.13,364,4,269,1,,,,
test,A4,Music,all,0.13,2493,80,571,1855,46.0,34.0,188.0,383.0
test,A4,Music,nb,0.13,2273,34,383,1791,,,,
test,A4,Music,b,0.13,220,46,188,64,,,,
test,A4,Noise,all,0.13,83,90,314,4073,50.0,40.0,38.0,276.0
test,A4,Noise,nb,0.13,40,40,276,4015,,,,
test,A4,Noise,b,0.13,43,50,38,58,,,,
test,A4,Asm,all,0.14,381,1176,79,3404,544.0,632.0,42.0,37.0
test,A4,Asm,nb,0.14,314,632,37,2873,,,,
test,A4,Asm,b,0.14,67,544,42,531,,,,
test,A4,Babble,all,0.14,1204,473,747,1881,110.0,363.0,153.0,594.0
test,A4,Babble,nb,0.14,1040,363,594,1748,,,,
test,A4,Babble,b,0.14,164,110,153,133,,,,
test,A4,Clean,all,0.14,4309,5,311,127,4.0,1.0,267.0,44.0
test,A4,Clean,nb,0.14,3945,1,44,124,,,,
test,A4,Clean,b,0.14,364,4,267,3,,,,
test,A4,Music,all,0.14,2491,82,544,1882,46.0,36.0,187.0,357.0
test,A4,Music,nb,0.14,2271,36,357,1817,,,,
test,A4,Music,b,0.14,220,46,187,65,,,,
test,A4,Noise,all,0.14,82,91,292,4095,50.0,41.0,37.0,255.0
test,A4,Noise,nb,0.14,39,41,255,4036,,,,
test,A4,Noise,b,0.14,43,50,37,59,,,,
test,A4,Asm,all,0.15,370,1187,68,3415,546.0,641.0,33.0,35.0
test,A4,Asm,nb,0.15,305,641,35,2875,,,,
test,A4,Asm,b,0.15,65,546,33,540,,,,
test,A4,Babble,all,0.15,1151,526,688,1940,123.0,403.0,145.0,543.0
test,A4,Babble,nb,0.15,1000,403,543,1799,,,,
test,A4,Babble,b,0.15,151,123,145,141,,,,
test,A4,Clean,all,0.15,4309,5,309,129,4.0,1.0,267.0,42.0
test,A4,Clean,nb,0.15,3945,1,42,126,,,,
test,A4,Clean,b,0.15,364,4,267,3,,,,
test,A4,Music,all,0.15,2486,87,512,1914,49.0,38.0,185.0,327.0
test,A4,Music,nb,0.15,2269,38,327,1847,,,,
test,A4,Music,b,0.15,217,49,185,67,,,,
test,A4,Noise,all,0.15,76,97,267,4120,53.0,44.0,35.0,232.0
test,A4,Noise,nb,0.15,36,44,232,4059,,,,
test,A4,Noise,b,0.15,40,53,35,61,,,,
test,A4,Asm,all,0.16,353,1204,51,3432,550.0,654.0,26.0,25.0
test,A4,Asm,nb,0.16,292,654,25,2885,,,,
test,A4,Asm,b,0.16,61,550,26,547,,,,
test,A4,Babble,all,0.16,1084,593,633,1995,136.0,457.0,131.0,502.0
test,A4,Babble,nb,0.16,946,457,502,1840,,,,
test,A4,Babble,b,0.16,138,136,131,155,,,,
test,A4,Clean,all,0.16,4309,5,308,130,4.0,1.0,267.0,41.0
test,A4,Clean,nb,0.16,3945,1,41,127,,,,
test,A4,Clean,b,0.16,364,4,267,3,,,,
test,A4,Music,all,0.16,2484,89,476,1950,49.0,40.0,182.0,294.0
test,A4,Music,nb,0.16,2267,40,294,1880,,,,
test,A4,Music,b,0.16,217,49,182,70,,,,
test,A4,Noise,all,0.16,75,98,252,4135,54.0,44.0,34.0,218.0
test,A4,Noise,nb,0.16,36,44,218,4073,,,,
test,A4,Noise,b,0.16,39,54,34,62,,,,
test,A4,Asm,all,0.17,336,1221,40,3443,552.0,669.0,24.0,16.0
test,A4,Asm,nb,0.17,277,669,16,2894,,,,
test,A4,Asm,b,0.17,59,552,24,549,,,,
test,A4,Babble,all,0.17,1022,655,581,2047,148.0,507.0,120.0,461.0
test,A4,Babble,nb,0.17,896,507,461,1881,,,,
test,A4,Babble,b,0.17,126,148,120,166,,,,
test,A4,Clean,all,0.17,4309,5,306,132,4.0,1.0,266.0,40.0
test,A4,Clean,nb,0.17,3945,1,40,128,,,,
test,A4,Clean,b,0.17,364,4,266,4,,,,
test,A4,Music,all,0.17,2478,95,448,1978,53.0,42.0,176.0,272.0
test,A4,Music,nb,0.17,2265,42,272,1902,,,,
test,A4,Music,b,0.17,213,53,176,76,,,,
test,A4,Noise,all,0.17,71,102,234,4153,56.0,46.0,33.0,201.0
test,A4,Noise,nb,0.17,34,46,201,4090,,,,
test,A4,Noise,b,0.17,37,56,33,63,,,,
test,A4,Asm,all,0.18,321,1236,38,3445,558.0,678.0,24.0,14.0
test,A4,Asm,nb,0.18,268,678,14,2896,,,,
test,A4,Asm,b,0.18,53,558,24,549,,,,
test,A4,Babble,all,0.18,964,713,530,2098,158.0,555.0,112.0,418.0
test,A4,Babble,nb,0.18,848,555,418,1924,,,,
test,A4,Babble,b,0.18,116,158,112,174,,,,
test,A4,Clean,all,0.18,4309,5,304,134,4.0,1.0,266.0,38.0
test,A4,Clean,nb,0.18,3945,1,38,130,,,,
test,A4,Clean,b,0.18,364,4,266,4,,,,
test,A4,Music,all,0.18,2468,105,429,1997,56.0,49.0,175.0,254.0
test,A4,Music,nb,0.18,2258,49,254,1920,,,,
test,A4,Music,b,0.18,210,56,175,77,,,,
test,A4,Noise,all,0.18,69,104,221,4166,58.0,46.0,32.0,189.0
test,A4,Noise,nb,0.18,34,46,189,4102,,,,
test,A4,Noise,b,0.18,35,58,32,64,,,,
test,A4,Asm,all,0.19,310,1247,37,3446,562.0,685.0,23.0,14.0
test,A4,Asm,nb,0.19,261,685,14,2896,,,,
test,A4,Asm,b,0.19,49,562,23,550,,,,
test,A4,Babble,all,0.19,918,759,469,2159,166.0,593.0,102.0,367.0
test,A4,Babble,nb,0.19,810,593,367,1975,,,,
test,A4,Babble,b,0.19,108,166,102,184,,,,
test,A4,Clean,all,0.19,4309,5,299,139,4.0,1.0,264.0,35.0
test,A4,Clean,nb,0.19,3945,1,35,133,,,,
test,A4,Clean,b,0.19,364,4,264,6,,,,
test,A4,Music,all,0.19,2462,111,404,2022,56.0,55.0,170.0,234.0
test,A4,Music,nb,0.19,2252,55,234,1940,,,,
test,A4,Music,b,0.19,210,56,170,82,,,,
test,A4,Noise,all,0.19,66,107,211,4176,59.0,48.0,32.0,179.0
test,A4,Noise,nb,0.19,32,48,179,4112,,,,
test,A4,Noise,b,0.19,34,59,32,64,,,,
test,A4,Asm,all,0.2,299,1258,34,3449,564.0,694.0,21.0,13.0
test,A4,Asm,nb,0.2,252,694,13,2897,,,,
test,A4,Asm,b,0.2,47,564,21,552,,,,
test,A4,Babble,all,0.2,861,816,431,2197,174.0,642.0,98.0,333.0
test,A4,Babble,nb,0.2,761,642,333,2009,,,,
test,A4,Babble,b,0.2,100,174,98,188,,,,
test,A4,Clean,all,0.2,4309,5,299,139,4.0,1.0,264.0,35.0
test,A4,Clean,nb,0.2,3945,1,35,133,,,,
test,A4,Clean,b,0.2,364,4,264,6,,,,
test,A4,Music,all,0.2,2459,114,386,2040,56.0,58.0,166.0,220.0
test,A4,Music,nb,0.2,2249,58,220,1954,,,,
test,A4,Music,b,0.2,210,56,166,86,,,,
test,A4,Noise,all,0.2,64,109,192,4195,60.0,49.0,31.0,161.0
test,A4,Noise,nb,0.2,31,49,161,4130,,,,
test,A4,Noise,b,0.2,33,60,31,65,,,,
test,A4,Asm,all,0.21,292,1265,31,3452,567.0,698.0,18.0,13.0
test,A4,Asm,nb,0.21,248,698,13,2897,,,,
test,A4,Asm,b,0.21,44,567,18,555,,,,
test,A4,Babble,all,0.21,811,866,393,2235,185.0,681.0,86.0,307.0
test,A4,Babble,nb,0.21,722,681,307,2035,,,,
test,A4,Babble,b,0.21,89,185,86,200,,,,
test,A4,Clean,all,0.21,4309,5,296,142,4.0,1.0,262.0,34.0
test,A4,Clean,nb,0.21,3945,1,34,134,,,,
test,A4,Clean,b,0.21,364,4,262,8,,,,
test,A4,Music,all,0.21,2452,121,368,2058,57.0,64.0,166.0,202.0
test,A4,Music,nb,0.21,2243,64,202,1972,,,,
test,A4,Music,b,0.21,209,57,166,86,,,,
test,A4,Noise,all,0.21,63,110,174,4213,61.0,49.0,29.0,145.0
test,A4,Noise,nb,0.21,31,49,145,4146,,,,
test,A4,Noise,b,0.21,32,61,29,67,,,,
test,A4,Asm,all,0.22,284,1273,18,3465,569.0,704.0,12.0,6.0
test,A4,Asm,nb,0.22,242,704,6,2904,,,,
test,A4,Asm,b,0.22,42,569,12,561,,,,
test,A4,Babble,all,0.22,764,913,344,2284,194.0,719.0,74.0,270.0
test,A4,Babble,nb,0.22,684,719,270,2072,,,,
test,A4,Babble,b,0.22,80,194,74,212,,,,
test,A4,Clean,all,0.22,4309,5,292,146,4.0,1.0,260.0,32.0
test,A4,Clean,nb,0.22,3945,1,32,136,,,,
test,A4,Clean,b,0.22,364,4,260,10,,,,
test,A4,Music,all,0.22,2446,127,341,2085,60.0,67.0,161.0,180.0
test,A4,Music,nb,0.22,2240,67,180,1994,,,,
test,A4,Music,b,0.22,206,60,161,91,,,,
test,A4,Noise,all,0.22,59,114,161,4226,63.0,51.0,27.0,134.0
test,A4,Noise,nb,0.22,29,51,134,4157,,,,
test,A4,Noise,b,0.22,30,63,27,69,,,,
test,A4,Asm,all,0.23,272,1285,18,3465,573.0,712.0,12.0,6.0
test,A4,Asm,nb,0.23,234,712,6,2904,,,,
test,A4,Asm,b,0.23,38,573,12,561,,,,
test,A4,Babble,all,0.23,725,952,309,2319,202.0,750.0,68.0,241.0
test,A4,Babble,nb,0.23,653,750,241,2101,,,,
test,A4,Babble,b,0.23,72,202,68,218,,,,
test,A4,Clean,all,0.23,4309,5,290,148,4.0,1.0,259.0,31.0
test,A4,Clean,nb,0.23,3945,1,31,137,,,,
test,A4,Clean,b,0.23,364,4,259,11,,,,
test,A4,Music,all,0.23,2441,132,329,2097,62.0,70.0,157.0,172.0
test,A4,Music,nb,0.23,2237,70,172,2002,,,,
test,A4,Music,b,0.23,204,62,157,95,,,,
test,A4,Noise,all,0.23,56,117,150,4237,64.0,53.0,26.0,124.0
test,A4,Noise,nb,0.23,27,53,124,4167,,,,
test,A4,Noise,b,0.23,29,64,26,70,,,,
test,A4,Asm,all,0.24,263,1294,17,3466,574.0,720.0,11.0,6.0
test,A4,Asm,nb,0.24,226,720,6,2904,,,,
test,A4,Asm,b,0.24,37,574,11,562,,,,
test,A4,Babble,all,0.24,688,989,289,2339,209.0,780.0,64.0,225.0
test,A4,Babble,nb,0.24,623,780,225,2117,,,,
test,A4,Babble,b,0.24,65,209,64,222,,,,
test,A4,Clean,all,0.24,4309,5,285,153,4.0,1.0,256.0,29.0
test,A4,Clean,nb,0.24,3945,1,29,139,,,,
test,A4,Clean,b,0.24,364,4,256,14,,,,
test,A4,Music,all,0.24,2434,139,317,2109,63.0,76.0,154.0,163.0
test,A4,Music,nb,0.24,2231,76,163,2011,,,,
test,A4,Music,b,0.24,203,63,154,98,,,,
test,A4,Noise,all,0.24,53,120,141,4246,64.0,56.0,23.0,118.0
test,A4,Noise,nb,0.24,24,56,118,4173,,,,
test,A4,Noise,b,0.24,29,64,23,73,,,,
test,A4,Asm,all,0.25,252,1305,15,3468,576.0,729.0,10.0,5.0
test,A4,Asm,nb,0.25,217,729,5,2905,,,,
test,A4,Asm,b,0.25,35,576,10,563,,,,
test,A4,Babble,all,0.25,648,1029,266,2362,213.0,816.0,60.0,206.0
test,A4,Babble,nb,0.25,587,816,206,2136,,,,
test,A4,Babble,b,0.25,61,213,60,226,,,,
test,A4,Clean,all,0.25,4309,5,283,155,4.0,1.0,256.0,27.0
test,A4,Clean,nb,0.25,3945,1,27,141,,,,
test,A4,Clean,b,0.25,364,4,256,14,,,,
test,A4,Music,all,0.25,2424,149,303,2123,63.0,86.0,152.0,151.0
test,A4,Music,nb,0.25,2221,86,151,2023,,,,
test,A4,Music,b,0.25,203,63,152,100,,,,
test,A4,Noise,all,0.25,53,120,133,4254,64.0,56.0,23.0,110.0
test,A4,Noise,nb,0.25,24,56,110,4181,,,,
test,A4,Noise,b,0.25,29,64,23,73,,,,
test,A4,Asm,all,0.26,236,1321,13,3470,582.0,739.0,9.0,4.0
test,A4,Asm,nb,0.26,207,739,4,2906,,,,
test,A4,Asm,b,0.26,29,582,9,564,,,,
test,A4,Babble,all,0.26,617,1060,247,2381,216.0,844.0,55.0,192.0
test,A4,Babble,nb,0.26,559,844,192,2150,,,,
test,A4,Babble,b,0.26,58,216,55,231,,,,
test,A4,Clean,all,0.26,4308,6,282,156,5.0,1.0,255.0,27.0
test,A4,Clean,nb,0.26,3945,1,27,141,,,,
test,A4,Clean,b,0.26,363,5,255,15,,,,
test,A4,Music,all,0.26,2419,154,291,2135,64.0,90.0,151.0,140.0
test,A4,Music,nb,0.26,2217,90,140,2034,,,,
test,A4,Music,b,0.26,202,64,151,101,,,,
test,A4,Noise,all,0.26,51,122,120,4267,64.0,58.0,21.0,99.0
test,A4,Noise,nb,0.26,22,58,99,4192,,,,
test,A4,Noise,b,0.26,29,64,21,75,,,,
test,A4,Asm,all,0.27,225,1332,12,3471,583.0,749.0,9.0,3.0
test,A4,Asm,nb,0.27,197,749,3,2907,,,,
test,A4,Asm,b,0.27,28,583,9,564,,,,
test,A4,Babble,all,0.27,579,1098,217,2411,221.0,877.0,49.0,168.0
test,A4,Babble,nb,0.27,526,877,168,2174,,,,
test,A4,Babble,b,0.27,53,221,49,237,,,,
test,A4,Clean,all,0.27,4308,6,280,158,5.0,1.0,253.0,27.0
test,A4,Clean,nb,0.27,3945,1,27,141,,,,
test,A4,Clean,b,0.27,363,5,253,17,,,,
test,A4,Music,all,0.27,2414,159,281,2145,65.0,94.0,150.0,131.0
test,A4,Music,nb,0.27,2213,94,131,2043,,,,
test,A4,Music,b,0.27,201,65,150,102,,,,
test,A4,Noise,all,0.27,50,123,115,4272,64.0,59.0,20.0,95.0
test,A4,Noise,nb,0.27,21,59,95,4196,,,,
test,A4,Noise,b,0.27,29,64,20,76,,,,
test,A4,Asm,all,0.28,219,1338,11,3472,586.0,752.0,8.0,3.0
test,A4,Asm,nb,0.28,194,752,3,2907,,,,
test,A4,Asm,b,0.28,25,586,8,565,,,,
test,A4,Babble,all,0.28,548,1129,189,2439,224.0,905.0,43.0,146.0
test,A4,Babble,nb,0.28,498,905,146,2196,,,,
test,A4,Babble,b,0.28,50,224,43,243,,,,
test,A4,Clean,all,0.28,4308,6,279,159,5.0,1.0,253.0,26.0
test,A4,Clean,nb,0.28,3945,1,26,142,,,,
test,A4,Clean,b,0.28,363,5,253,17,,,,
test,A4,Music,all,0.28,2404,169,269,2157,66.0,103.0,147.0,122.0
test,A4,Music,nb,0.28,2204,103,122,2052,,,,
test,A4,Music,b,0.28,200,66,147,105,,,,
test,A4,Noise,all,0.28,49,124,104,4283,65.0,59.0,19.0,85.0
test,A4,Noise,nb,0.28,21,59,85,4206,,,,
test,A4,Noise,b,0.28,28,65,19,77,,,,
test,A4,Asm,all,0.29,210,1347,9,3474,588.0,759.0,7.0,2.0
test,A4,Asm,nb,0.29,187,759,2,2908,,,,
test,A4,Asm,b,0.29,23,588,7,566,,,,
test,A4,Babble,all,0.29,531,1146,169,2459,226.0,920.0,41.0,128.0
test,A4,Babble,nb,0.29,483,920,128,2214,,,,
test,A4,Babble,b,0.29,48,226,41,245,,,,
test,A4,Clean,all,0.29,4308,6,273,165,5.0,1.0,249.0,24.0
test,A4,Clean,nb,0.29,3945,1,24,144,,,,
test,A4,Clean,b,0.29,363,5,249,21,,,,
test,A4,Music,all,0.29,2397,176,259,2167,66.0,110.0,145.0,114.0
test,A4,Music,nb,0.29,2197,110,114,2060,,,,
test,A4,Music,b,0.29,200,66,145,107,,,,
test,A4,Noise,all,0.29,48,125,99,4288,65.0,60.0,17.0,82.0
test,A4,Noise,nb,0.29,20,60,82,4209,,,,
test,A4,Noise,b,0.29,28,65,17,79,,,,
test,A4,Asm,all,0.3,201,1356,7,3476,589.0,767.0,6.0,1.0
test,A4,Asm,nb,0.3,179,767,1,2909,,,,
test,A4,Asm,b,0.3,22,589,6,567,,,,
test,A4,Babble,all,0.3,515,1162,148,2480,227.0,935.0,36.0,112.0
test,A4,Babble,nb,0.3,468,935,112,2230,,,,
test,A4,Babble,b,0.3,47,227,36,250,,,,
test,A4,Clean,all,0.3,4307,7,270,168,6.0,1.0,248.0,22.0
test,A4,Clean,nb,0.3,3945,1,22,146,,,,
test,A4,Clean,b,0.3,362,6,248,22,,,,
test,A4,Music,all,0.3,2389,184,249,2177,68.0,116.0,143.0,106.0
test,A4,Music,nb,0.3,2191,116,106,2068,,,,
test,A4,Music,b,0.3,198,68,143,109,,,,
test,A4,Noise,all,0.3,47,126,90,4297,66.0,60.0,17.0,73.0
test,A4,Noise,nb,0.3,20,60,73,4218,,,,
test,A4,Noise,b,0.3,27,66,17,79,,,,
test,A4,Asm,all,0.31,192,1365,7,3476,589.0,776.0,6.0,1.0
test,A4,Asm,nb,0.31,170,776,1,2909,,,,
test,A4,Asm,b,0.31,22,589,6,567,,,,
test,A4,Babble,all,0.31,488,1189,134,2494,229.0,960.0,34.0,100.0
test,A4,Babble,nb,0.31,443,960,100,2242,,,,
test,A4,Babble,b,0.31,45,229,34,252,,,,
test,A4,Clean,all,0.31,4307,7,270,168,6.0,1.0,248.0,22.0
test,A4,Clean,nb,0.31,3945,1,22,146,,,,
test,A4,Clean,b,0.31,362,6,248,22,,,,
test,A4,Music,all,0.31,2380,193,233,2193,69.0,124.0,138.0,95.0
test,A4,Music,nb,0.31,2183,124,95,2079,,,,
test,A4,Music,b,0.31,197,69,138,114,,,,
test,A4,Noise,all,0.31,47,126,80,4307,66.0,60.0,14.0,66.0
test,A4,Noise,nb,0.31,20,60,66,4225,,,,
test,A4,Noise,b,0.31,27,66,14,82,,,,
test,A4,Asm,all,0.32,180,1377,7,3476,592.0,785.0,6.0,1.0
test,A4,Asm,nb,0.32,161,785,1,2909,,,,
test,A4,Asm,b,0.32,19,592,6,567,,,,
test,A4,Babble,all,0.32,470,1207,123,2505,232.0,975.0,33.0,90.0
test,A4,Babble,nb,0.32,428,975,90,2252,,,,
test,A4,Babble,b,0.32,42,232,33,253,,,,
test,A4,Clean,all,0.32,4307,7,269,169,6.0,1.0,247.0,22.0
test,A4,Clean,nb,0.32,3945,1,22,146,,,,
test,A4,Clean,b,0.32,362,6,247,23,,,,
test,A4,Music,all,0.32,2377,196,221,2205,70.0,126.0,135.0,86.0
test,A4,Music,nb,0.32,2181,126,86,2088,,,,
test,A4,Music,b,0.32,196,70,135,117,,,,
test,A4,Noise,all,0.32,44,129,75,4312,69.0,60.0,14.0,61.0
test,A4,Noise,nb,0.32,20,60,61,4230,,,,
test,A4,Noise,b,0.32,24,69,14,82,,,,
test,A4,Asm,all,0.33,176,1381,6,3477,592.0,789.0,5.0,1.0
test,A4,Asm,nb,0.33,157,789,1,2909,,,,
test,A4,Asm,b,0.33,19,592,5,568,,,,
test,A4,Babble,all,0.33,449,1228,112,2516,236.0,992.0,30.0,82.0
test,A4,Babble,nb,0.33,411,992,82,2260,,,,
test,A4,Babble,b,0.33,38,236,30,256,,,,
test,A4,Clean,all,0.33,4306,8,266,172,7.0,1.0,245.0,21.0
test,A4,Clean,nb,0.33,3945,1,21,147,,,,
test,A4,Clean,b,0.33,361,7,245,25,,,,
test,A4,Music,all,0.33,2369,204,209,2217,72.0,132.0,129.0,80.0
test,A4,Music,nb,0.33,2175,132,80,2094,,,,
test,A4,Music,b,0.33,194,72,129,123,,,,
test,A4,Noise,all,0.33,40,133,71,4316,71.0,62.0,14.0,57.0
test,A4,Noise,nb,0.33,18,62,57,4234,,,,
test,A4,Noise,b,0.33,22,71,14,82,,,,
test,A4,Asm,all,0.34,167,1390,5,3478,596.0,794.0,4.0,1.0
test,A4,Asm,nb,0.34,152,794,1,2909,,,,
test,A4,Asm,b,0.34,15,596,4,569,,,,
test,A4,Babble,all,0.34,433,1244,101,2527,238.0,1006.0,28.0,73.0
test,A4,Babble,nb,0.34,397,1006,73,2269,,,,
test,A4,Babble,b,0.34,36,238,28,258,,,,
test,A4,Clean,all,0.34,4305,9,261,177,8.0,1.0,244.0,17.0
test,A4,Clean,nb,0.34,3945,1,17,151,,,,
test,A4,Clean,b,0.34,360,8,244,26,,,,
test,A4,Music,all,0.34,2359,214,205,2221,74.0,140.0,126.0,79.0
test,A4,Music,nb,0.34,2167,140,79,2095,,,,
test,A4,Music,b,0.34,192,74,126,126,,,,
test,A4,Noise,all,0.34,36,137,64,4323,73.0,64.0,13.0,51.0
test,A4,Noise,nb,0.34,16,64,51,4240,,,,
test,A4,Noise,b,0.34,20,73,13,83,,,,
test,A4,Asm,all,0.35,157,1400,4,3479,597.0,803.0,3.0,1.0
test,A4,Asm,nb,0.35,143,803,1,2909,,,,
test,A4,Asm,b,0.35,14,597,3,570,,,,
test,A4,Babble,all,0.35,415,1262,95,2533,240.0,1022.0,28.0,67.0
test,A4,Babble,nb,0.35,381,1022,67,2275,,,,
test,A4,Babble,b,0.35,34,240,28,258,,,,
test,A4,Clean,all,0.35,4305,9,258,180,8.0,1.0,244.0,14.0
test,A4,Clean,nb,0.35,3945,1,14,154,,,,
test,A4,Clean,b,0.35,360,8,244,26,,,,
test,A4,Music,all,0.35,2347,226,196,2230,77.0,149.0,122.0,74.0
test,A4,Music,nb,0.35,2158,149,74,2100,,,,
test,A4,Music,b,0.35,189,77,122,130,,,,
test,A4,Noise,all,0.35,35,138,61,4326,74.0,64.0,13.0,48.0
test,A4,Noise,nb,0.35,16,64,48,4243,,,,
test,A4,Noise,b,0.35,19,74,13,83,,,,
test,A4,Asm,all,0.36,151,1406,4,3479,597.0,809.0,3.0,1.0
test,A4,Asm,nb,0.36,137,809,1,2909,,,,
test,A4,Asm,b,0.36,14,597,3,570,,,,
test,A4,Babble,all,0.36,402,1275,87,2541,243.0,1032.0,27.0,60.0
test,A4,Babble,nb,0.36,371,1032,60,2282,,,,
test,A4,Babble,b,0.36,31,243,27,259,,,,
test,A4,Clean,all,0.36,4304,10,257,181,9.0,1.0,244.0,13.0
test,A4,Clean,nb,0.36,3945,1,13,155,,,,
test,A4,Clean,b,0.36,359,9,244,26,,,,
test,A4,Music,all,0.36,2336,237,186,2240,79.0,158.0,119.0,67.0
test,A4,Music,nb,0.36,2149,158,67,2107,,,,
test,A4,Music,b,0.36,187,79,119,133,,,,
test,A4,Noise,all,0.36,33,140,60,4327,76.0,64.0,13.0,47.0
test,A4,Noise,nb,0.36,16,64,47,4244,,,,
test,A4,Noise,b,0.36,17,76,13,83,,,,
test,A4,Asm,all,0.37,146,1411,4,3479,597.0,814.0,3.0,1.0
test,A4,Asm,nb,0.37,132,814,1,2909,,,,
test,A4,Asm,b,0.37,14,597,3,570,,,,
test,A4,Babble,all,0.37,388,1289,78,2550,244.0,1045.0,23.0,55.0
test,A4,Babble,nb,0.37,358,1045,55,2287,,,,
test,A4,Babble,b,0.37,30,244,23,263,,,,
test,A4,Clean,all,0.37,4304,10,255,183,9.0,1.0,244.0,11.0
test,A4,Clean,nb,0.37,3945,1,11,157,,,,
test,A4,Clean,b,0.37,359,9,244,26,,,,
test,A4,Music,all,0.37,2329,244,176,2250,80.0,164.0,115.0,61.0
test,A4,Music,nb,0.37,2143,164,61,2113,,,,
test,A4,Music,b,0.37,186,80,115,137,,,,
test,A4,Noise,all,0.37,31,142,57,4330,76.0,66.0,12.0,45.0
test,A4,Noise,nb,0.37,14,66,45,4246,,,,
test,A4,Noise,b,0.37,17,76,12,84,,,,
test,A4,Asm,all,0.38,141,1416,3,3480,597.0,819.0,2.0,1.0
test,A4,Asm,nb,0.38,127,819,1,2909,,,,
test,A4,Asm,b,0.38,14,597,2,571,,,,
test,A4,Babble,all,0.38,373,1304,68,2560,245.0,1059.0,21.0,47.0
test,A4,Babble,nb,0.38,344,1059,47,2295,,,,
test,A4,Babble,b,0.38,29,245,21,265,,,,
test,A4,Clean,all,0.38,4304,10,253,185,9.0,1.0,242.0,11.0
test,A4,Clean,nb,0.38,3945,1,11,157,,,,
test,A4,Clean,b,0.38,359,9,242,28,,,,
test,A4,Music,all,0.38,2312,261,171,2255,82.0,179.0,114.0,57.0
test,A4,Music,nb,0.38,2128,179,57,2117,,,,
test,A4,Music,b,0.38,184,82,114,138,,,,
test,A4,Noise,all,0.38,30,143,56,4331,77.0,66.0,11.0,45.0
test,A4,Noise,nb,0.38,14,66,45,4246,,,,
test,A4,Noise,b,0.38,16,77,11,85,,,,
test,A4,Asm,all,0.39,136,1421,3,3480,598.0,823.0,2.0,1.0
test,A4,Asm,nb,0.39,123,823,1,2909,,,,
test,A4,Asm,b,0.39,13,598,2,571,,,,
test,A4,Babble,all,0.39,355,1322,59,2569,248.0,1074.0,19.0,40.0
test,A4,Babble,nb,0.39,329,1074,40,2302,,,,
test,A4,Babble,b,0.39,26,248,19,267,,,,
test,A4,Clean,all,0.39,4302,12,251,187,10.0,2.0,241.0,10.0
test,A4,Clean,nb,0.39,3944,2,10,158,,,,
test,A4,Clean,b,0.39,358,10,241,29,,,,
test,A4,Music,all,0.39,2297,276,164,2262,85.0,191.0,111.0,53.0
test,A4,Music,nb,0.39,2116,191,53,2121,,,,
test,A4,Music,b,0.39,181,85,111,141,,,,
test,A4,Noise,all,0.39,28,145,53,4334,78.0,67.0,10.0,43.0
test,A4,Noise,nb,0.39,13,67,43,4248,,,,
test,A4,Noise,b,0.39,15,78,10,86,,,,
test,A4,Asm,all,0.4,132,1425,3,3480,598.0,827.0,2.0,1.0
test,A4,Asm,nb,0.4,119,827,1,2909,,,,
test,A4,Asm,b,0.4,13,598,2,571,,,,
test,A4,Babble,all,0.4,345,1332,51,2577,250.0,1082.0,16.0,35.0
test,A4,Babble,nb,0.4,321,1082,35,2307,,,,
test,A4,Babble,b,0.4,24,250,16,270,,,,
test,A4,Clean,all,0.4,4302,12,249,189,10.0,2.0,239.0,10.0
test,A4,Clean,nb,0.4,3944,2,10,158,,,,
test,A4,Clean,b,0.4,358,10,239,31,,,,
test,A4,Music,all,0.4,2285,288,161,2265,91.0,197.0,110.0,51.0
test,A4,Music,nb,0.4,2110,197,51,2123,,,,
test,A4,Music,b,0.4,175,91,110,142,,,,
test,A4,Noise,all,0.4,28,145,49,4338,78.0,67.0,9.0,40.0
test,A4,Noise,nb,0.4,13,67,40,4251,,,,
test,A4,Noise,b,0.4,15,78,9,87,,,,
test,A4,Asm,all,0.41,126,1431,2,3481,599.0,832.0,2.0,0.0
test,A4,Asm,nb,0.41,114,832,0,2910,,,,
test,A4,Asm,b,0.41,12,599,2,571,,,,
test,A4,Babble,all,0.41,327,1350,48,2580,253.0,1097.0,15.0,33.0
test,A4,Babble,nb,0.41,306,1097,33,2309,,,,
test,A4,Babble,b,0.41,21,253,15,271,,,,
test,A4,Clean,all,0.41,4300,14,245,193,11.0,3.0,236.0,9.0
test,A4,Clean,nb,0.41,3943,3,9,159,,,,
test,A4,Clean,b,0.41,357,11,236,34,,,,
test,A4,Music,all,0.41,2269,304,152,2274,96.0,208.0,105.0,47.0
test,A4,Music,nb,0.41,2099,208,47,2127,,,,
test,A4,Music,b,0.41,170,96,105,147,,,,
test,A4,Noise,all,0.41,24,149,45,4342,81.0,68.0,9.0,36.0
test,A4,Noise,nb,0.41,12,68,36,4255,,,,
test,A4,Noise,b,0.41,12,81,9,87,,,,
test,A4,Asm,all,0.42,121,1436,2,3481,600.0,836.0,2.0,0.0
test,A4,Asm,nb,0.42,110,836,0,2910,,,,
test,A4,Asm,b,0.42,11,600,2,571,,,,
test,A4,Babble,all,0.42,317,1360,45,2583,254.0,1106.0,15.0,30.0
test,A4,Babble,nb,0.42,297,1106,30,2312,,,,
test,A4,Babble,b,0.42,20,254,15,271,,,,
test,A4,Clean,all,0.42,4300,14,238,200,11.0,3.0,230.0,8.0
test,A4,Clean,nb,0.42,3943,3,8,160,,,,
test,A4,Clean,b,0.42,357,11,230,40,,,,
test,A4,Music,all,0.42,2256,317,151,2275,98.0,219.0,104.0,47.0
test,A4,Music,nb,0.42,2088,219,47,2127,,,,
test,A4,Music,b,0.42,168,98,104,148,,,,
test,A4,Noise,all,0.42,22,151,44,4343,81.0,70.0,9.0,35.0
test,A4,Noise,nb,0.42,10,70,35,4256,,,,
test,A4,Noise,b,0.42,12,81,9,87,,,,
test,A4,Asm,all,0.43,116,1441,2,3481,601.0,840.0,2.0,0.0
test,A4,Asm,nb,0.43,106,840,0,2910,,,,
test,A4,Asm,b,0.43,10,601,2,571,,,,
test,A4,Babble,all,0.43,309,1368,42,2586,255.0,1113.0,15.0,27.0
test,A4,Babble,nb,0.43,290,1113,27,2315,,,,
test,A4,Babble,b,0.43,19,255,15,271,,,,
test,A4,Clean,all,0.43,4299,15,235,203,12.0,3.0,228.0,7.0
test,A4,Clean,nb,0.43,3943,3,7,161,,,,
test,A4,Clean,b,0.43,356,12,228,42,,,,
test,A4,Music,all,0.43,2246,327,145,2281,100.0,227.0,99.0,46.0
test,A4,Music,nb,0.43,2080,227,46,2128,,,,
test,A4,Music,b,0.43,166,100,99,153,,,,
test,A4,Noise,all,0.43,22,151,43,4344,81.0,70.0,9.0,34.0
test,A4,Noise,nb,0.43,10,70,34,4257,,,,
test,A4,Noise,b,0.43,12,81,9,87,,,,
test,A4,Asm,all,0.44,110,1447,2,3481,601.0,846.0,2.0,0.0
test,A4,Asm,nb,0.44,100,846,0,2910,,,,
test,A4,Asm,b,0.44,10,601,2,571,,,,
test,A4,Babble,all,0.44,301,1376,39,2589,257.0,1119.0,13.0,26.0
test,A4,Babble,nb,0.44,284,1119,26,2316,,,,
test,A4,Babble,b,0.44,17,257,13,273,,,,
test,A4,Clean,all,0.44,4299,15,234,204,12.0,3.0,227.0,7.0
test,A4,Clean,nb,0.44,3943,3,7,161,,,,
test,A4,Clean,b,0.44,356,12,227,43,,,,
test,A4,Music,all,0.44,2236,337,139,2287,101.0,236.0,96.0,43.0
test,A4,Music,nb,0.44,2071,236,43,2131,,,,
test,A4,Music,b,0.44,165,101,96,156,,,,
test,A4,Noise,all,0.44,22,151,43,4344,81.0,70.0,9.0,34.0
test,A4,Noise,nb,0.44,10,70,34,4257,,,,
test,A4,Noise,b,0.44,12,81,9,87,,,,
test,A4,Asm,all,0.45,105,1452,2,3481,601.0,851.0,2.0,0.0
test,A4,Asm,nb,0.45,95,851,0,2910,,,,
test,A4,Asm,b,0.45,10,601,2,571,,,,
test,A4,Babble,all,0.45,295,1382,36,2592,257.0,1125.0,12.0,24.0
test,A4,Babble,nb,0.45,278,1125,24,2318,,,,
test,A4,Babble,b,0.45,17,257,12,274,,,,
test,A4,Clean,all,0.45,4299,15,231,207,12.0,3.0,226.0,5.0
test,A4,Clean,nb,0.45,3943,3,5,163,,,,
test,A4,Clean,b,0.45,356,12,226,44,,,,
test,A4,Music,all,0.45,2220,353,135,2291,103.0,250.0,94.0,41.0
test,A4,Music,nb,0.45,2057,250,41,2133,,,,
test,A4,Music,b,0.45,163,103,94,158,,,,
test,A4,Noise,all,0.45,20,153,41,4346,82.0,71.0,9.0,32.0
test,A4,Noise,nb,0.45,9,71,32,4259,,,,
test,A4,Noise,b,0.45,11,82,9,87,,,,
test,A4,Asm,all,0.46,101,1456,2,3481,601.0,855.0,2.0,0.0
test,A4,Asm,nb,0.46,91,855,0,2910,,,,
test,A4,Asm,b,0.46,10,601,2,571,,,,
test,A4,Babble,all,0.46,285,1392,30,2598,258.0,1134.0,11.0,19.0
test,A4,Babble,nb,0.46,269,1134,19,2323,,,,
test,A4,Babble,b,0.46,16,258,11,275,,,,
test,A4,Clean,all,0.46,4299,15,230,208,12.0,3.0,226.0,4.0
test,A4,Clean,nb,0.46,3943,3,4,164,,,,
test,A4,Clean,b,0.46,356,12,226,44,,,,
test,A4,Music,all,0.46,2205,368,131,2295,105.0,263.0,93.0,38.0
test,A4,Music,nb,0.46,2044,263,38,2136,,,,
test,A4,Music,b,0.46,161,105,93,159,,,,
test,A4,Noise,all,0.46,19,154,39,4348,83.0,71.0,7.0,32.0
test,A4,Noise,nb,0.46,9,71,32,4259,,,,
test,A4,Noise,b,0.46,10,83,7,89,,,,
test,A4,Asm,all,0.47,97,1460,1,3482,602.0,858.0,1.0,0.0
test,A4,Asm,nb,0.47,88,858,0,2910,,,,
test,A4,Asm,b,0.47,9,602,1,572,,,,
test,A4,Babble,all,0.47,278,1399,29,2599,259.0,1140.0,10.0,19.0
test,A4,Babble,nb,0.47,263,1140,19,2323,,,,
test,A4,Babble,b,0.47,15,259,10,276,,,,
test,A4,Clean,all,0.47,4298,16,228,210,12.0,4.0,225.0,3.0
test,A4,Clean,nb,0.47,3942,4,3,165,,,,
test,A4,Clean,b,0.47,356,12,225,45,,,,
test,A4,Music,all,0.47,2194,379,125,2301,106.0,273.0,90.0,35.0
test,A4,Music,nb,0.47,2034,273,35,2139,,,,
test,A4,Music,b,0.47,160,106,90,162,,,,
test,A4,Noise,all,0.47,19,154,36,4351,83.0,71.0,7.0,29.0
test,A4,Noise,nb,0.47,9,71,29,4262,,,,
test,A4,Noise,b,0.47,10,83,7,89,,,,
test,A4,Asm,all,0.48,90,1467,1,3482,603.0,864.0,1.0,0.0
test,A4,Asm,nb,0.48,82,864,0,2910,,,,
test,A4,Asm,b,0.48,8,603,1,572,,,,
test,A4,Babble,all,0.48,273,1404,28,2600,261.0,1143.0,10.0,18.0
test,A4,Babble,nb,0.48,260,1143,18,2324,,,,
test,A4,Babble,b,0.48,13,261,10,276,,,,
test,A4,Clean,all,0.48,4296,18,227,211,13.0,5.0,224.0,3.0
test,A4,Clean,nb,0.48,3941,5,3,165,,,,
test,A4,Clean,b,0.48,355,13,224,46,,,,
test,A4,Music,all,0.48,2181,392,119,2307,110.0,282.0,85.0,34.0
test,A4,Music,nb,0.48,2025,282,34,2140,,,,
test,A4,Music,b,0.48,156,110,85,167,,,,
test,A4,Noise,all,0.48,19,154,33,4354,83.0,71.0,7.0,26.0
test,A4,Noise,nb,0.48,9,71,26,4265,,,,
test,A4,Noise,b,0.48,10,83,7,89,,,,
test,A4,Asm,all,0.49,84,1473,1,3482,604.0,869.0,1.0,0.0
test,A4,Asm,nb,0.49,77,869,0,2910,,,,
test,A4,Asm,b,0.49,7,604,1,572,,,,
test,A4,Babble,all,0.49,266,1411,25,2603,262.0,1149.0,9.0,16.0
test,A4,Babble,nb,0.49,254,1149,16,2326,,,,
test,A4,Babble,b,0.49,12,262,9,277,,,,
test,A4,Clean,all,0.49,4294,20,226,212,15.0,5.0,223.0,3.0
test,A4,Clean,nb,0.49,3941,5,3,165,,,,
test,A4,Clean,b,0.49,353,15,223,47,,,,
test,A4,Music,all,0.49,2173,400,115,2311,111.0,289.0,84.0,31.0
test,A4,Music,nb,0.49,2018,289,31,2143,,,,
test,A4,Music,b,0.49,155,111,84,168,,,,
test,A4,Noise,all,0.49,18,155,31,4356,84.0,71.0,5.0,26.0
test,A4,Noise,nb,0.49,9,71,26,4265,,,,
test,A4,Noise,b,0.49,9,84,5,91,,,,
test,A4,Asm,all,0.5,82,1475,1,3482,604.0,871.0,1.0,0.0
test,A4,Asm,nb,0.5,75,871,0,2910,,,,
test,A4,Asm,b,0.5,7,604,1,572,,,,
test,A4,Babble,all,0.5,255,1422,24,2604,263.0,1159.0,9.0,15.0
test,A4,Babble,nb,0.5,244,1159,15,2327,,,,
test,A4,Babble,b,0.5,11,263,9,277,,,,
test,A4,Clean,all,0.5,4294,20,223,215,15.0,5.0,220.0,3.0
test,A4,Clean,nb,0.5,3941,5,3,165,,,,
test,A4,Clean,b,0.5,353,15,220,50,,,,
test,A4,Music,all,0.5,2160,413,107,2319,112.0,301.0,80.0,27.0
test,A4,Music,nb,0.5,2006,301,27,2147,,,,
test,A4,Music,b,0.5,154,112,80,172,,,,
test,A4,Noise,all,0.5,17,156,30,4357,85.0,71.0,5.0,25.0
test,A4,Noise,nb,0.5,9,71,25,4266,,,,
test,A4,Noise,b,0.5,8,85,5,91,,,,
test,A4,Asm,all,0.51,77,1480,0,3483,605.0,875.0,0.0,0.0
test,A4,Asm,nb,0.51,71,875,0,2910,,,,
test,A4,Asm,b,0.51,6,605,0,573,,,,
test,A4,Babble,all,0.51,248,1429,22,2606,263.0,1166.0,9.0,13.0
test,A4,Babble,nb,0.51,237,1166,13,2329,,,,
test,A4,Babble,b,0.51,11,263,9,277,,,,
test,A4,Clean,all,0.51,4293,21,218,220,15.0,6.0,216.0,2.0
test,A4,Clean,nb,0.51,3940,6,2,166,,,,
test,A4,Clean,b,0.51,353,15,216,54,,,,
test,A4,Music,all,0.51,2154,419,104,2322,113.0,306.0,77.0,27.0
test,A4,Music,nb,0.51,2001,306,27,2147,,,,
test,A4,Music,b,0.51,153,113,77,175,,,,
test,A4,Noise,all,0.51,16,157,28,4359,85.0,72.0,4.0,24.0
test,A4,Noise,nb,0.51,8,72,24,4267,,,,
test,A4,Noise,b,0.51,8,85,4,92,,,,
test,A4,Asm,all,0.52,74,1483,0,3483,606.0,877.0,0.0,0.0
test,A4,Asm,nb,0.52,69,877,0,2910,,,,
test,A4,Asm,b,0.52,5,606,0,573,,,,
test,A4,Babble,all,0.52,238,1439,20,2608,263.0,1176.0,9.0,11.0
test,A4,Babble,nb,0.52,227,1176,11,2331,,,,
test,A4,Babble,b,0.52,11,263,9,277,,,,
test,A4,Clean,all,0.52,4292,22,215,223,15.0,7.0,214.0,1.0
test,A4,Clean,nb,0.52,3939,7,1,167,,,,
test,A4,Clean,b,0.52,353,15,214,56,,,,
test,A4,Music,all,0.52,2142,431,100,2326,115.0,316.0,75.0,25.0
test,A4,Music,nb,0.52,1991,316,25,2149,,,,
test,A4,Music,b,0.52,151,115,75,177,,,,
test,A4,Noise,all,0.52,14,159,27,4360,86.0,73.0,4.0,23.0
test,A4,Noise,nb,0.52,7,73,23,4268,,,,
test,A4,Noise,b,0.52,7,86,4,92,,,,
test,A4,Asm,all,0.53,67,1490,0,3483,607.0,883.0,0.0,0.0
test,A4,Asm,nb,0.53,63,883,0,2910,,,,
test,A4,Asm,b,0.53,4,607,0,573,,,,
test,A4,Babble,all,0.53,229,1448,18,2610,264.0,1184.0,8.0,10.0
test,A4,Babble,nb,0.53,219,1184,10,2332,,,,
test,A4,Babble,b,0.53,10,264,8,278,,,,
test,A4,Clean,all,0.53,4291,23,209,229,15.0,8.0,209.0,0.0
test,A4,Clean,nb,0.53,3938,8,0,168,,,,
test,A4,Clean,b,0.53,353,15,209,61,,,,
test,A4,Music,all,0.53,2119,454,95,2331,120.0,334.0,74.0,21.0
test,A4,Music,nb,0.53,1973,334,21,2153,,,,
test,A4,Music,b,0.53,146,120,74,178,,,,
test,A4,Noise,all,0.53,12,161,25,4362,88.0,73.0,3.0,22.0
test,A4,Noise,nb,0.53,7,73,22,4269,,,,
test,A4,Noise,b,0.53,5,88,3,93,,,,
test,A4,Asm,all,0.54,65,1492,0,3483,607.0,885.0,0.0,0.0
test,A4,Asm,nb,0.54,61,885,0,2910,,,,
test,A4,Asm,b,0.54,4,607,0,573,,,,
test,A4,Babble,all,0.54,224,1453,16,2612,264.0,1189.0,8.0,8.0
test,A4,Babble,nb,0.54,214,1189,8,2334,,,,
test,A4,Babble,b,0.54,10,264,8,278,,,,
test,A4,Clean,all,0.54,4288,26,209,229,16.0,10.0,209.0,0.0
test,A4,Clean,nb,0.54,3936,10,0,168,,,,
test,A4,Clean,b,0.54,352,16,209,61,,,,
test,A4,Music,all,0.54,2099,474,91,2335,122.0,352.0,70.0,21.0
test,A4,Music,nb,0.54,1955,352,21,2153,,,,
test,A4,Music,b,0.54,144,122,70,182,,,,
test,A4,Noise,all,0.54,12,161,25,4362,88.0,73.0,3.0,22.0
test,A4,Noise,nb,0.54,7,73,22,4269,,,,
test,A4,Noise,b,0.54,5,88,3,93,,,,
test,A4,Asm,all,0.55,61,1496,0,3483,608.0,888.0,0.0,0.0
test,A4,Asm,nb,0.55,58,888,0,2910,,,,
test,A4,Asm,b,0.55,3,608,0,573,,,,
test,A4,Babble,all,0.55,212,1465,12,2616,266.0,1199.0,5.0,7.0
test,A4,Babble,nb,0.55,204,1199,7,2335,,,,
test,A4,Babble,b,0.55,8,266,5,281,,,,
test,A4,Clean,all,0.55,4288,26,209,229,16.0,10.0,209.0,0.0
test,A4,Clean,nb,0.55,3936,10,0,168,,,,
test,A4,Clean,b,0.55,352,16,209,61,,,,
test,A4,Music,all,0.55,2079,494,87,2339,125.0,369.0,66.0,21.0
test,A4,Music,nb,0.55,1938,369,21,2153,,,,
test,A4,Music,b,0.55,141,125,66,186,,,,
test,A4,Noise,all,0.55,12,161,25,4362,88.0,73.0,3.0,22.0
test,A4,Noise,nb,0.55,7,73,22,4269,,,,
test,A4,Noise,b,0.55,5,88,3,93,,,,
test,A4,Asm,all,0.56,56,1501,0,3483,608.0,893.0,0.0,0.0
test,A4,Asm,nb,0.56,53,893,0,2910,,,,
test,A4,Asm,b,0.56,3,608,0,573,,,,
test,A4,Babble,all,0.56,209,1468,11,2617,266.0,1202.0,5.0,6.0
test,A4,Babble,nb,0.56,201,1202,6,2336,,,,
test,A4,Babble,b,0.56,8,266,5,281,,,,
test,A4,Clean,all,0.56,4288,26,207,231,16.0,10.0,207.0,0.0
test,A4,Clean,nb,0.56,3936,10,0,168,,,,
test,A4,Clean,b,0.56,352,16,207,63,,,,
test,A4,Music,all,0.56,2067,506,84,2342,125.0,381.0,64.0,20.0
test,A4,Music,nb,0.56,1926,381,20,2154,,,,
test,A4,Music,b,0.56,141,125,64,188,,,,
test,A4,Noise,all,0.56,11,162,24,4363,89.0,73.0,3.0,21.0
test,A4,Noise,nb,0.56,7,73,21,4270,,,,
test,A4,Noise,b,0.56,4,89,3,93,,,,
test,A4,Asm,all,0.57,52,1505,0,3483,608.0,897.0,0.0,0.0
test,A4,Asm,nb,0.57,49,897,0,2910,,,,
test,A4,Asm,b,0.57,3,608,0,573,,,,
test,A4,Babble,all,0.57,202,1475,10,2618,266.0,1209.0,5.0,5.0
test,A4,Babble,nb,0.57,194,1209,5,2337,,,,
test,A4,Babble,b,0.57,8,266,5,281,,,,
test,A4,Clean,all,0.57,4288,26,206,232,16.0,10.0,206.0,0.0
test,A4,Clean,nb,0.57,3936,10,0,168,,,,
test,A4,Clean,b,0.57,352,16,206,64,,,,
test,A4,Music,all,0.57,2041,532,78,2348,130.0,402.0,59.0,19.0
test,A4,Music,nb,0.57,1905,402,19,2155,,,,
test,A4,Music,b,0.57,136,130,59,193,,,,
test,A4,Noise,all,0.57,11,162,23,4364,89.0,73.0,3.0,20.0
test,A4,Noise,nb,0.57,7,73,20,4271,,,,
test,A4,Noise,b,0.57,4,89,3,93,,,,
test,A4,Asm,all,0.58,49,1508,0,3483,608.0,900.0,0.0,0.0
test,A4,Asm,nb,0.58,46,900,0,2910,,,,
test,A4,Asm,b,0.58,3,608,0,573,,,,
test,A4,Babble,all,0.58,196,1481,10,2618,266.0,1215.0,5.0,5.0
test,A4,Babble,nb,0.58,188,1215,5,2337,,,,
test,A4,Babble,b,0.58,8,266,5,281,,,,
test,A4,Clean,all,0.58,4287,27,203,235,17.0,10.0,203.0,0.0
test,A4,Clean,nb,0.58,3936,10,0,168,,,,
test,A4,Clean,b,0.58,351,17,203,67,,,,
test,A4,Music,all,0.58,2013,560,76,2350,136.0,424.0,57.0,19.0
test,A4,Music,nb,0.58,1883,424,19,2155,,,,
test,A4,Music,b,0.58,130,136,57,195,,,,
test,A4,Noise,all,0.58,10,163,20,4367,89.0,74.0,3.0,17.0
test,A4,Noise,nb,0.58,6,74,17,4274,,,,
test,A4,Noise,b,0.58,4,89,3,93,,,,
test,A4,Asm,all,0.59,47,1510,0,3483,610.0,900.0,0.0,0.0
test,A4,Asm,nb,0.59,46,900,0,2910,,,,
test,A4,Asm,b,0.59,1,610,0,573,,,,
test,A4,Babble,all,0.59,193,1484,9,2619,266.0,1218.0,5.0,4.0
test,A4,Babble,nb,0.59,185,1218,4,2338,,,,
test,A4,Babble,b,0.59,8,266,5,281,,,,
test,A4,Clean,all,0.59,4286,28,194,244,17.0,11.0,194.0,0.0
test,A4,Clean,nb,0.59,3935,11,0,168,,,,
test,A4,Clean,b,0.59,351,17,194,76,,,,
test,A4,Music,all,0.59,1994,579,69,2357,137.0,442.0,52.0,17.0
test,A4,Music,nb,0.59,1865,442,17,2157,,,,
test,A4,Music,b,0.59,129,137,52,200,,,,
test,A4,Noise,all,0.59,10,163,19,4368,89.0,74.0,3.0,16.0
test,A4,Noise,nb,0.59,6,74,16,4275,,,,
test,A4,Noise,b,0.59,4,89,3,93,,,,
test,A4,Asm,all,0.6,45,1512,0,3483,610.0,902.0,0.0,0.0
test,A4,Asm,nb,0.6,44,902,0,2910,,,,
test,A4,Asm,b,0.6,1,610,0,573,,,,
test,A4,Babble,all,0.6,189,1488,7,2621,266.0,1222.0,5.0,2.0
test,A4,Babble,nb,0.6,181,1222,2,2340,,,,
test,A4,Babble,b,0.6,8,266,5,281,,,,
test,A4,Clean,all,0.6,4284,30,189,249,18.0,12.0,189.0,0.0
test,A4,Clean,nb,0.6,3934,12,0,168,,,,
test,A4,Clean,b,0.6,350,18,189,81,,,,
test,A4,Music,all,0.6,1971,602,65,2361,140.0,462.0,49.0,16.0
test,A4,Music,nb,0.6,1845,462,16,2158,,,,
test,A4,Music,b,0.6,126,140,49,203,,,,
test,A4,Noise,all,0.6,9,164,18,4369,90.0,74.0,3.0,15.0
test,A4,Noise,nb,0.6,6,74,15,4276,,,,
test,A4,Noise,b,0.6,3,90,3,93,,,,
test,A4,Asm,all,0.61,43,1514,0,3483,610.0,904.0,0.0,0.0
test,A4,Asm,nb,0.61,42,904,0,2910,,,,
test,A4,Asm,b,0.61,1,610,0,573,,,,
test,A4,Babble,all,0.61,185,1492,6,2622,266.0,1226.0,5.0,1.0
test,A4,Babble,nb,0.61,177,1226,1,2341,,,,
test,A4,Babble,b,0.61,8,266,5,281,,,,
test,A4,Clean,all,0.61,4282,32,186,252,19.0,13.0,186.0,0.0
test,A4,Clean,nb,0.61,3933,13,0,168,,,,
test,A4,Clean,b,0.61,349,19,186,84,,,,
test,A4,Music,all,0.61,1960,613,61,2365,140.0,473.0,45.0,16.0
test,A4,Music,nb,0.61,1834,473,16,2158,,,,
test,A4,Music,b,0.61,126,140,45,207,,,,
test,A4,Noise,all,0.61,8,165,18,4369,90.0,75.0,3.0,15.0
test,A4,Noise,nb,0.61,5,75,15,4276,,,,
test,A4,Noise,b,0.61,3,90,3,93,,,,
test,A4,Asm,all,0.62,42,1515,0,3483,610.0,905.0,0.0,0.0
test,A4,Asm,nb,0.62,41,905,0,2910,,,,
test,A4,Asm,b,0.62,1,610,0,573,,,,
test,A4,Babble,all,0.62,182,1495,5,2623,266.0,1229.0,4.0,1.0
test,A4,Babble,nb,0.62,174,1229,1,2341,,,,
test,A4,Babble,b,0.62,8,266,4,282,,,,
test,A4,Clean,all,0.62,4282,32,184,254,19.0,13.0,184.0,0.0
test,A4,Clean,nb,0.62,3933,13,0,168,,,,
test,A4,Clean,b,0.62,349,19,184,86,,,,
test,A4,Music,all,0.62,1938,635,55,2371,145.0,490.0,39.0,16.0
test,A4,Music,nb,0.62,1817,490,16,2158,,,,
test,A4,Music,b,0.62,121,145,39,213,,,,
test,A4,Noise,all,0.62,8,165,17,4370,90.0,75.0,3.0,14.0
test,A4,Noise,nb,0.62,5,75,14,4277,,,,
test,A4,Noise,b,0.62,3,90,3,93,,,,
test,A4,Asm,all,0.63,42,1515,0,3483,610.0,905.0,0.0,0.0
test,A4,Asm,nb,0.63,41,905,0,2910,,,,
test,A4,Asm,b,0.63,1,610,0,573,,,,
test,A4,Babble,all,0.63,175,1502,3,2625,266.0,1236.0,3.0,0.0
test,A4,Babble,nb,0.63,167,1236,0,2342,,,,
test,A4,Babble,b,0.63,8,266,3,283,,,,
test,A4,Clean,all,0.63,4282,32,179,259,19.0,13.0,179.0,0.0
test,A4,Clean,nb,0.63,3933,13,0,168,,,,
test,A4,Clean,b,0.63,349,19,179,91,,,,
test,A4,Music,all,0.63,1909,664,54,2372,146.0,518.0,38.0,16.0
test,A4,Music,nb,0.63,1789,518,16,2158,,,,
test,A4,Music,b,0.63,120,146,38,214,,,,
test,A4,Noise,all,0.63,8,165,13,4374,90.0,75.0,3.0,10.0
test,A4,Noise,nb,0.63,5,75,10,4281,,,,
test,A4,Noise,b,0.63,3,90,3,93,,,,
test,A4,Asm,all,0.64,41,1516,0,3483,610.0,906.0,0.0,0.0
test,A4,Asm,nb,0.64,40,906,0,2910,,,,
test,A4,Asm,b,0.64,1,610,0,573,,,,
test,A4,Babble,all,0.64,166,1511,1,2627,266.0,1245.0,1.0,0.0
test,A4,Babble,nb,0.64,158,1245,0,2342,,,,
test,A4,Babble,b,0.64,8,266,1,285,,,,
test,A4,Clean,all,0.64,4279,35,173,265,21.0,14.0,173.0,0.0
test,A4,Clean,nb,0.64,3932,14,0,168,,,,
test,A4,Clean,b,0.64,347,21,173,97,,,,
test,A4,Music,all,0.64,1890,683,51,2375,148.0,535.0,36.0,15.0
test,A4,Music,nb,0.64,1772,535,15,2159,,,,
test,A4,Music,b,0.64,118,148,36,216,,,,
test,A4,Noise,all,0.64,8,165,13,4374,90.0,75.0,3.0,10.0
test,A4,Noise,nb,0.64,5,75,10,4281,,,,
test,A4,Noise,b,0.64,3,90,3,93,,,,
test,A4,Asm,all,0.65,39,1518,0,3483,610.0,908.0,0.0,0.0
test,A4,Asm,nb,0.65,38,908,0,2910,,,,
test,A4,Asm,b,0.65,1,610,0,573,,,,
test,A4,Babble,all,0.65,162,1515,1,2627,266.0,1249.0,1.0,0.0
test,A4,Babble,nb,0.65,154,1249,0,2342,,,,
test,A4,Babble,b,0.65,8,266,1,285,,,,
test,A4,Clean,all,0.65,4278,36,165,273,21.0,15.0,165.0,0.0
test,A4,Clean,nb,0.65,3931,15,0,168,,,,
test,A4,Clean,b,0.65,347,21,165,105,,,,
test,A4,Music,all,0.65,1871,702,48,2378,148.0,554.0,34.0,14.0
test,A4,Music,nb,0.65,1753,554,14,2160,,,,
test,A4,Music,b,0.65,118,148,34,218,,,,
test,A4,Noise,all,0.65,7,166,12,4375,90.0,76.0,3.0,9.0
test,A4,Noise,nb,0.65,4,76,9,4282,,,,
test,A4,Noise,b,0.65,3,90,3,93,,,,
test,A4,Asm,all,0.66,37,1520,0,3483,610.0,910.0,0.0,0.0
test,A4,Asm,nb,0.66,36,910,0,2910,,,,
test,A4,Asm,b,0.66,1,610,0,573,,,,
test,A4,Babble,all,0.66,151,1526,1,2627,266.0,1260.0,1.0,0.0
test,A4,Babble,nb,0.66,143,1260,0,2342,,,,
test,A4,Babble,b,0.66,8,266,1,285,,,,
test,A4,Clean,all,0.66,4276,38,163,275,21.0,17.0,163.0,0.0
test,A4,Clean,nb,0.66,3929,17,0,168,,,,
test,A4,Clean,b,0.66,347,21,163,107,,,,
test,A4,Music,all,0.66,1840,733,46,2380,152.0,581.0,33.0,13.0
test,A4,Music,nb,0.66,1726,581,13,2161,,,,
test,A4,Music,b,0.66,114,152,33,219,,,,
test,A4,Noise,all,0.66,6,167,11,4376,90.0,77.0,2.0,9.0
test,A4,Noise,nb,0.66,3,77,9,4282,,,,
test,A4,Noise,b,0.66,3,90,2,94,,,,
test,A4,Asm,all,0.67,34,1523,0,3483,610.0,913.0,0.0,0.0
test,A4,Asm,nb,0.67,33,913,0,2910,,,,
test,A4,Asm,b,0.67,1,610,0,573,,,,
test,A4,Babble,all,0.67,147,1530,1,2627,266.0,1264.0,1.0,0.0
test,A4,Babble,nb,0.67,139,1264,0,2342,,,,
test,A4,Babble,b,0.67,8,266,1,285,,,,
test,A4,Clean,all,0.67,4276,38,158,280,21.0,17.0,158.0,0.0
test,A4,Clean,nb,0.67,3929,17,0,168,,,,
test,A4,Clean,b,0.67,347,21,158,112,,,,
test,A4,Music,all,0.67,1819,754,43,2383,156.0,598.0,30.0,13.0
test,A4,Music,nb,0.67,1709,598,13,2161,,,,
test,A4,Music,b,0.67,110,156,30,222,,,,
test,A4,Noise,all,0.67,6,167,9,4378,90.0,77.0,2.0,7.0
test,A4,Noise,nb,0.67,3,77,7,4284,,,,
test,A4,Noise,b,0.67,3,90,2,94,,,,
test,A4,Asm,all,0.68,33,1524,0,3483,610.0,914.0,0.0,0.0
test,A4,Asm,nb,0.68,32,914,0,2910,,,,
test,A4,Asm,b,0.68,1,610,0,573,,,,
test,A4,Babble,all,0.68,143,1534,1,2627,266.0,1268.0,1.0,0.0
test,A4,Babble,nb,0.68,135,1268,0,2342,,,,
test,A4,Babble,b,0.68,8,266,1,285,,,,
test,A4,Clean,all,0.68,4276,38,155,283,21.0,17.0,155.0,0.0
test,A4,Clean,nb,0.68,3929,17,0,168,,,,
test,A4,Clean,b,0.68,347,21,155,115,,,,
test,A4,Music,all,0.68,1799,774,43,2383,159.0,615.0,30.0,13.0
test,A4,Music,nb,0.68,1692,615,13,2161,,,,
test,A4,Music,b,0.68,107,159,30,222,,,,
test,A4,Noise,all,0.68,6,167,8,4379,90.0,77.0,2.0,6.0
test,A4,Noise,nb,0.68,3,77,6,4285,,,,
test,A4,Noise,b,0.68,3,90,2,94,,,,
test,A4,Asm,all,0.69,30,1527,0,3483,610.0,917.0,0.0,0.0
test,A4,Asm,nb,0.69,29,917,0,2910,,,,
test,A4,Asm,b,0.69,1,610,0,573,,,,
test,A4,Babble,all,0.69,139,1538,1,2627,267.0,1271.0,1.0,0.0
test,A4,Babble,nb,0.69,132,1271,0,2342,,,,
test,A4,Babble,b,0.69,7,267,1,285,,,,
test,A4,Clean,all,0.69,4272,42,152,286,24.0,18.0,152.0,0.0
test,A4,Clean,nb,0.69,3928,18,0,168,,,,
test,A4,Clean,b,0.69,344,24,152,118,,,,
test,A4,Music,all,0.69,1773,800,42,2384,162.0,638.0,29.0,13.0
test,A4,Music,nb,0.69,1669,638,13,2161,,,,
test,A4,Music,b,0.69,104,162,29,223,,,,
test,A4,Noise,all,0.69,6,167,7,4380,90.0,77.0,2.0,5.0
test,A4,Noise,nb,0.69,3,77,5,4286,,,,
test,A4,Noise,b,0.69,3,90,2,94,,,,
test,A4,Asm,all,0.7,28,1529,0,3483,610.0,919.0,0.0,0.0
test,A4,Asm,nb,0.7,27,919,0,2910,,,,
test,A4,Asm,b,0.7,1,610,0,573,,,,
test,A4,Babble,all,0.7,135,1542,1,2627,267.0,1275.0,1.0,0.0
test,A4,Babble,nb,0.7,128,1275,0,2342,,,,
test,A4,Babble,b,0.7,7,267,1,285,,,,
test,A4,Clean,all,0.7,4268,46,151,287,26.0,20.0,151.0,0.0
test,A4,Clean,nb,0.7,3926,20,0,168,,,,
test,A4,Clean,b,0.7,342,26,151,119,,,,
test,A4,Music,all,0.7,1751,822,42,2384,164.0,658.0,29.0,13.0
test,A4,Music,nb,0.7,1649,658,13,2161,,,,
test,A4,Music,b,0.7,102,164,29,223,,,,
test,A4,Noise,all,0.7,6,167,7,4380,90.0,77.0,2.0,5.0
test,A4,Noise,nb,0.7,3,77,5,4286,,,,
test,A4,Noise,b,0.7,3,90,2,94,,,,
test,A4,Asm,all,0.71,27,1530,0,3483,610.0,920.0,0.0,0.0
test,A4,Asm,nb,0.71,26,920,0,2910,,,,
test,A4,Asm,b,0.71,1,610,0,573,,,,
test,A4,Babble,all,0.71,131,1546,1,2627,267.0,1279.0,1.0,0.0
test,A4,Babble,nb,0.71,124,1279,0,2342,,,,
test,A4,Babble,b,0.71,7,267,1,285,,,,
test,A4,Clean,all,0.71,4264,50,150,288,30.0,20.0,150.0,0.0
test,A4,Clean,nb,0.71,3926,20,0,168,,,,
test,A4,Clean,b,0.71,338,30,150,120,,,,
test,A4,Music,all,0.71,1725,848,38,2388,166.0,682.0,26.0,12.0
test,A4,Music,nb,0.71,1625,682,12,2162,,,,
test,A4,Music,b,0.71,100,166,26,226,,,,
test,A4,Noise,all,0.71,5,168,6,4381,91.0,77.0,2.0,4.0
test,A4,Noise,nb,0.71,3,77,4,4287,,,,
test,A4,Noise,b,0.71,2,91,2,94,,,,
test,A4,Asm,all,0.72,24,1533,0,3483,610.0,923.0,0.0,0.0
test,A4,Asm,nb,0.72,23,923,0,2910,,,,
test,A4,Asm,b,0.72,1,610,0,573,,,,
test,A4,Babble,all,0.72,129,1548,1,2627,267.0,1281.0,1.0,0.0
test,A4,Babble,nb,0.72,122,1281,0,2342,,,,
test,A4,Babble,b,0.72,7,267,1,285,,,,
test,A4,Clean,all,0.72,4263,51,148,290,31.0,20.0,148.0,0.0
test,A4,Clean,nb,0.72,3926,20,0,168,,,,
test,A4,Clean,b,0.72,337,31,148,122,,,,
test,A4,Music,all,0.72,1698,875,35,2391,169.0,706.0,23.0,12.0
test,A4,Music,nb,0.72,1601,706,12,2162,,,,
test,A4,Music,b,0.72,97,169,23,229,,,,
test,A4,Noise,all,0.72,5,168,6,4381,91.0,77.0,2.0,4.0
test,A4,Noise,nb,0.72,3,77,4,4287,,,,
test,A4,Noise,b,0.72,2,91,2,94,,,,
test,A4,Asm,all,0.73,24,1533,0,3483,610.0,923.0,0.0,0.0
test,A4,Asm,nb,0.73,23,923,0,2910,,,,
test,A4,Asm,b,0.73,1,610,0,573,,,,
test,A4,Babble,all,0.73,123,1554,1,2627,268.0,1286.0,1.0,0.0
test,A4,Babble,nb,0.73,117,1286,0,2342,,,,
test,A4,Babble,b,0.73,6,268,1,285,,,,
test,A4,Clean,all,0.73,4262,52,146,292,31.0,21.0,146.0,0.0
test,A4,Clean,nb,0.73,3925,21,0,168,,,,
test,A4,Clean,b,0.73,337,31,146,124,,,,
test,A4,Music,all,0.73,1677,896,33,2393,170.0,726.0,22.0,11.0
test,A4,Music,nb,0.73,1581,726,11,2163,,,,
test,A4,Music,b,0.73,96,170,22,230,,,,
test,A4,Noise,all,0.73,5,168,6,4381,91.0,77.0,2.0,4.0
test,A4,Noise,nb,0.73,3,77,4,4287,,,,
test,A4,Noise,b,0.73,2,91,2,94,,,,
test,A4,Asm,all,0.74,24,1533,0,3483,610.0,923.0,0.0,0.0
test,A4,Asm,nb,0.74,23,923,0,2910,,,,
test,A4,Asm,b,0.74,1,610,0,573,,,,
test,A4,Babble,all,0.74,119,1558,1,2627,269.0,1289.0,1.0,0.0
test,A4,Babble,nb,0.74,114,1289,0,2342,,,,
test,A4,Babble,b,0.74,5,269,1,285,,,,
test,A4,Clean,all,0.74,4262,52,142,296,31.0,21.0,142.0,0.0
test,A4,Clean,nb,0.74,3925,21,0,168,,,,
test,A4,Clean,b,0.74,337,31,142,128,,,,
test,A4,Music,all,0.74,1658,915,29,2397,175.0,740.0,19.0,10.0
test,A4,Music,nb,0.74,1567,740,10,2164,,,,
test,A4,Music,b,0.74,91,175,19,233,,,,
test,A4,Noise,all,0.74,4,169,6,4381,91.0,78.0,2.0,4.0
test,A4,Noise,nb,0.74,2,78,4,4287,,,,
test,A4,Noise,b,0.74,2,91,2,94,,,,
test,A4,Asm,all,0.75,21,1536,0,3483,611.0,925.0,0.0,0.0
test,A4,Asm,nb,0.75,21,925,0,2910,,,,
test,A4,Asm,b,0.75,0,611,0,573,,,,
test,A4,Babble,all,0.75,115,1562,1,2627,269.0,1293.0,1.0,0.0
test,A4,Babble,nb,0.75,110,1293,0,2342,,,,
test,A4,Babble,b,0.75,5,269,1,285,,,,
test,A4,Clean,all,0.75,4257,57,140,298,34.0,23.0,140.0,0.0
test,A4,Clean,nb,0.75,3923,23,0,168,,,,
test,A4,Clean,b,0.75,334,34,140,130,,,,
test,A4,Music,all,0.75,1629,944,27,2399,179.0,765.0,18.0,9.0
test,A4,Music,nb,0.75,1542,765,9,2165,,,,
test,A4,Music,b,0.75,87,179,18,234,,,,
test,A4,Noise,all,0.75,4,169,6,4381,91.0,78.0,2.0,4.0
test,A4,Noise,nb,0.75,2,78,4,4287,,,,
test,A4,Noise,b,0.75,2,91,2,94,,,,
test,A4,Asm,all,0.76,18,1539,0,3483,611.0,928.0,0.0,0.0
test,A4,Asm,nb,0.76,18,928,0,2910,,,,
test,A4,Asm,b,0.76,0,611,0,573,,,,
test,A4,Babble,all,0.76,106,1571,1,2627,270.0,1301.0,1.0,0.0
test,A4,Babble,nb,0.76,102,1301,0,2342,,,,
test,A4,Babble,b,0.76,4,270,1,285,,,,
test,A4,Clean,all,0.76,4253,61,136,302,38.0,23.0,136.0,0.0
test,A4,Clean,nb,0.76,3923,23,0,168,,,,
test,A4,Clean,b,0.76,330,38,136,134,,,,
test,A4,Music,all,0.76,1591,982,25,2401,184.0,798.0,17.0,8.0
test,A4,Music,nb,0.76,1509,798,8,2166,,,,
test,A4,Music,b,0.76,82,184,17,235,,,,
test,A4,Noise,all,0.76,4,169,4,4383,91.0,78.0,2.0,2.0
test,A4,Noise,nb,0.76,2,78,2,4289,,,,
test,A4,Noise,b,0.76,2,91,2,94,,,,
test,A4,Asm,all,0.77,17,1540,0,3483,611.0,929.0,0.0,0.0
test,A4,Asm,nb,0.77,17,929,0,2910,,,,
test,A4,Asm,b,0.77,0,611,0,573,,,,
test,A4,Babble,all,0.77,102,1575,1,2627,270.0,1305.0,1.0,0.0
test,A4,Babble,nb,0.77,98,1305,0,2342,,,,
test,A4,Babble,b,0.77,4,270,1,285,,,,
test,A4,Clean,all,0.77,4250,64,133,305,40.0,24.0,133.0,0.0
test,A4,Clean,nb,0.77,3922,24,0,168,,,,
test,A4,Clean,b,0.77,328,40,133,137,,,,
test,A4,Music,all,0.77,1565,1008,21,2405,186.0,822.0,15.0,6.0
test,A4,Music,nb,0.77,1485,822,6,2168,,,,
test,A4,Music,b,0.77,80,186,15,237,,,,
test,A4,Noise,all,0.77,4,169,4,4383,91.0,78.0,2.0,2.0
test,A4,Noise,nb,0.77,2,78,2,4289,,,,
test,A4,Noise,b,0.77,2,91,2,94,,,,
test,A4,Asm,all,0.78,16,1541,0,3483,611.0,930.0,0.0,0.0
test,A4,Asm,nb,0.78,16,930,0,2910,,,,
test,A4,Asm,b,0.78,0,611,0,573,,,,
test,A4,Babble,all,0.78,97,1580,1,2627,271.0,1309.0,1.0,0.0
test,A4,Babble,nb,0.78,94,1309,0,2342,,,,
test,A4,Babble,b,0.78,3,271,1,285,,,,
test,A4,Clean,all,0.78,4245,69,126,312,43.0,26.0,126.0,0.0
test,A4,Clean,nb,0.78,3920,26,0,168,,,,
test,A4,Clean,b,0.78,325,43,126,144,,,,
test,A4,Music,all,0.78,1533,1040,20,2406,190.0,850.0,14.0,6.0
test,A4,Music,nb,0.78,1457,850,6,2168,,,,
test,A4,Music,b,0.78,76,190,14,238,,,,
test,A4,Noise,all,0.78,4,169,4,4383,91.0,78.0,2.0,2.0
test,A4,Noise,nb,0.78,2,78,2,4289,,,,
test,A4,Noise,b,0.78,2,91,2,94,,,,
test,A4,Asm,all,0.79,15,1542,0,3483,611.0,931.0,0.0,0.0
test,A4,Asm,nb,0.79,15,931,0,2910,,,,
test,A4,Asm,b,0.79,0,611,0,573,,,,
test,A4,Babble,all,0.79,84,1593,1,2627,272.0,1321.0,1.0,0.0
test,A4,Babble,nb,0.79,82,1321,0,2342,,,,
test,A4,Babble,b,0.79,2,272,1,285,,,,
test,A4,Clean,all,0.79,4243,71,123,315,43.0,28.0,123.0,0.0
test,A4,Clean,nb,0.79,3918,28,0,168,,,,
test,A4,Clean,b,0.79,325,43,123,147,,,,
test,A4,Music,all,0.79,1495,1078,16,2410,192.0,886.0,11.0,5.0
test,A4,Music,nb,0.79,1421,886,5,2169,,,,
test,A4,Music,b,0.79,74,192,11,241,,,,
test,A4,Noise,all,0.79,2,171,2,4385,93.0,78.0,1.0,1.0
test,A4,Noise,nb,0.79,2,78,1,4290,,,,
test,A4,Noise,b,0.79,0,93,1,95,,,,
test,A4,Asm,all,0.8,14,1543,0,3483,611.0,932.0,0.0,0.0
test,A4,Asm,nb,0.8,14,932,0,2910,,,,
test,A4,Asm,b,0.8,0,611,0,573,,,,
test,A4,Babble,all,0.8,80,1597,1,2627,272.0,1325.0,1.0,0.0
test,A4,Babble,nb,0.8,78,1325,0,2342,,,,
test,A4,Babble,b,0.8,2,272,1,285,,,,
test,A4,Clean,all,0.8,4240,74,120,318,45.0,29.0,120.0,0.0
test,A4,Clean,nb,0.8,3917,29,0,168,,,,
test,A4,Clean,b,0.8,323,45,120,150,,,,
test,A4,Music,all,0.8,1463,1110,15,2411,194.0,916.0,10.0,5.0
test,A4,Music,nb,0.8,1391,916,5,2169,,,,
test,A4,Music,b,0.8,72,194,10,242,,,,
test,A4,Noise,all,0.8,2,171,2,4385,93.0,78.0,1.0,1.0
test,A4,Noise,nb,0.8,2,78,1,4290,,,,
test,A4,Noise,b,0.8,0,93,1,95,,,,
test,A4,Asm,all,0.81,14,1543,0,3483,611.0,932.0,0.0,0.0
test,A4,Asm,nb,0.81,14,932,0,2910,,,,
test,A4,Asm,b,0.81,0,611,0,573,,,,
test,A4,Babble,all,0.81,74,1603,0,2628,272.0,1331.0,0.0,0.0
test,A4,Babble,nb,0.81,72,1331,0,2342,,,,
test,A4,Babble,b,0.81,2,272,0,286,,,,
test,A4,Clean,all,0.81,4233,81,117,321,50.0,31.0,117.0,0.0
test,A4,Clean,nb,0.81,3915,31,0,168,,,,
test,A4,Clean,b,0.81,318,50,117,153,,,,
test,A4,Music,all,0.81,1423,1150,15,2411,195.0,955.0,10.0,5.0
test,A4,Music,nb,0.81,1352,955,5,2169,,,,
test,A4,Music,b,0.81,71,195,10,242,,,,
test,A4,Noise,all,0.81,1,172,2,4385,93.0,79.0,1.0,1.0
test,A4,Noise,nb,0.81,1,79,1,4290,,,,
test,A4,Noise,b,0.81,0,93,1,95,,,,
test,A4,Asm,all,0.82,13,1544,0,3483,611.0,933.0,0.0,0.0
test,A4,Asm,nb,0.82,13,933,0,2910,,,,
test,A4,Asm,b,0.82,0,611,0,573,,,,
test,A4,Babble,all,0.82,71,1606,0,2628,272.0,1334.0,0.0,0.0
test,A4,Babble,nb,0.82,69,1334,0,2342,,,,
test,A4,Babble,b,0.82,2,272,0,286,,,,
test,A4,Clean,all,0.82,4228,86,114,324,53.0,33.0,114.0,0.0
test,A4,Clean,nb,0.82,3913,33,0,168,,,,
test,A4,Clean,b,0.82,315,53,114,156,,,,
test,A4,Music,all,0.82,1381,1192,13,2413,197.0,995.0,9.0,4.0
test,A4,Music,nb,0.82,1312,995,4,2170,,,,
test,A4,Music,b,0.82,69,197,9,243,,,,
test,A4,Noise,all,0.82,1,172,1,4386,93.0,79.0,0.0,1.0
test,A4,Noise,nb,0.82,1,79,1,4290,,,,
test,A4,Noise,b,0.82,0,93,0,96,,,,
test,A4,Asm,all,0.83,13,1544,0,3483,611.0,933.0,0.0,0.0
test,A4,Asm,nb,0.83,13,933,0,2910,,,,
test,A4,Asm,b,0.83,0,611,0,573,,,,
test,A4,Babble,all,0.83,69,1608,0,2628,272.0,1336.0,0.0,0.0
test,A4,Babble,nb,0.83,67,1336,0,2342,,,,
test,A4,Babble,b,0.83,2,272,0,286,,,,
test,A4,Clean,all,0.83,4218,96,111,327,55.0,41.0,111.0,0.0
test,A4,Clean,nb,0.83,3905,41,0,168,,,,
test,A4,Clean,b,0.83,313,55,111,159,,,,
test,A4,Music,all,0.83,1358,1215,12,2414,201.0,1014.0,8.0,4.0
test,A4,Music,nb,0.83,1293,1014,4,2170,,,,
test,A4,Music,b,0.83,65,201,8,244,,,,
test,A4,Noise,all,0.83,1,172,1,4386,93.0,79.0,0.0,1.0
test,A4,Noise,nb,0.83,1,79,1,4290,,,,
test,A4,Noise,b,0.83,0,93,0,96,,,,
test,A4,Asm,all,0.84,10,1547,0,3483,611.0,936.0,0.0,0.0
test,A4,Asm,nb,0.84,10,936,0,2910,,,,
test,A4,Asm,b,0.84,0,611,0,573,,,,
test,A4,Babble,all,0.84,63,1614,0,2628,272.0,1342.0,0.0,0.0
test,A4,Babble,nb,0.84,61,1342,0,2342,,,,
test,A4,Babble,b,0.84,2,272,0,286,,,,
test,A4,Clean,all,0.84,4211,103,101,337,58.0,45.0,101.0,0.0
test,A4,Clean,nb,0.84,3901,45,0,168,,,,
test,A4,Clean,b,0.84,310,58,101,169,,,,
test,A4,Music,all,0.84,1323,1250,12,2414,206.0,1044.0,8.0,4.0
test,A4,Music,nb,0.84,1263,1044,4,2170,,,,
test,A4,Music,b,0.84,60,206,8,244,,,,
test,A4,Noise,all,0.84,1,172,1,4386,93.0,79.0,0.0,1.0
test,A4,Noise,nb,0.84,1,79,1,4290,,,,
test,A4,Noise,b,0.84,0,93,0,96,,,,
test,A4,Asm,all,0.85,9,1548,0,3483,611.0,937.0,0.0,0.0
test,A4,Asm,nb,0.85,9,937,0,2910,,,,
test,A4,Asm,b,0.85,0,611,0,573,,,,
test,A4,Babble,all,0.85,59,1618,0,2628,272.0,1346.0,0.0,0.0
test,A4,Babble,nb,0.85,57,1346,0,2342,,,,
test,A4,Babble,b,0.85,2,272,0,286,,,,
test,A4,Clean,all,0.85,4202,112,94,344,60.0,52.0,94.0,0.0
test,A4,Clean,nb,0.85,3894,52,0,168,,,,
test,A4,Clean,b,0.85,308,60,94,176,,,,
test,A4,Music,all,0.85,1278,1295,12,2414,210.0,1085.0,8.0,4.0
test,A4,Music,nb,0.85,1222,1085,4,2170,,,,
test,A4,Music,b,0.85,56,210,8,244,,,,
test,A4,Noise,all,0.85,1,172,1,4386,93.0,79.0,0.0,1.0
test,A4,Noise,nb,0.85,1,79,1,4290,,,,
test,A4,Noise,b,0.85,0,93,0,96,,,,
test,A4,Asm,all,0.86,8,1549,0,3483,611.0,938.0,0.0,0.0
test,A4,Asm,nb,0.86,8,938,0,2910,,,,
test,A4,Asm,b,0.86,0,611,0,573,,,,
test,A4,Babble,all,0.86,54,1623,0,2628,272.0,1351.0,0.0,0.0
test,A4,Babble,nb,0.86,52,1351,0,2342,,,,
test,A4,Babble,b,0.86,2,272,0,286,,,,
test,A4,Clean,all,0.86,4198,116,92,346,62.0,54.0,92.0,0.0
test,A4,Clean,nb,0.86,3892,54,0,168,,,,
test,A4,Clean,b,0.86,306,62,92,178,,,,
test,A4,Music,all,0.86,1222,1351,10,2416,212.0,1139.0,7.0,3.0
test,A4,Music,nb,0.86,1168,1139,3,2171,,,,
test,A4,Music,b,0.86,54,212,7,245,,,,
test,A4,Noise,all,0.86,1,172,1,4386,93.0,79.0,0.0,1.0
test,A4,Noise,nb,0.86,1,79,1,4290,,,,
test,A4,Noise,b,0.86,0,93,0,96,,,,
test,A4,Asm,all,0.87,4,1553,0,3483,611.0,942.0,0.0,0.0
test,A4,Asm,nb,0.87,4,942,0,2910,,,,
test,A4,Asm,b,0.87,0,611,0,573,,,,
test,A4,Babble,all,0.87,51,1626,0,2628,272.0,1354.0,0.0,0.0
test,A4,Babble,nb,0.87,49,1354,0,2342,,,,
test,A4,Babble,b,0.87,2,272,0,286,,,,
test,A4,Clean,all,0.87,4188,126,89,349,65.0,61.0,89.0,0.0
test,A4,Clean,nb,0.87,3885,61,0,168,,,,
test,A4,Clean,b,0.87,303,65,89,181,,,,
test,A4,Music,all,0.87,1177,1396,8,2418,216.0,1180.0,5.0,3.0
test,A4,Music,nb,0.87,1127,1180,3,2171,,,,
test,A4,Music,b,0.87,50,216,5,247,,,,
test,A4,Noise,all,0.87,1,172,1,4386,93.0,79.0,0.0,1.0
test,A4,Noise,nb,0.87,1,79,1,4290,,,,
test,A4,Noise,b,0.87,0,93,0,96,,,,
test,A4,Asm,all,0.88,4,1553,0,3483,611.0,942.0,0.0,0.0
test,A4,Asm,nb,0.88,4,942,0,2910,,,,
test,A4,Asm,b,0.88,0,611,0,573,,,,
test,A4,Babble,all,0.88,47,1630,0,2628,272.0,1358.0,0.0,0.0
test,A4,Babble,nb,0.88,45,1358,0,2342,,,,
test,A4,Babble,b,0.88,2,272,0,286,,,,
test,A4,Clean,all,0.88,4177,137,86,352,70.0,67.0,86.0,0.0
test,A4,Clean,nb,0.88,3879,67,0,168,,,,
test,A4,Clean,b,0.88,298,70,86,184,,,,
test,A4,Music,all,0.88,1129,1444,4,2422,219.0,1225.0,2.0,2.0
test,A4,Music,nb,0.88,1082,1225,2,2172,,,,
test,A4,Music,b,0.88,47,219,2,250,,,,
test,A4,Noise,all,0.88,0,173,1,4386,93.0,80.0,0.0,1.0
test,A4,Noise,nb,0.88,0,80,1,4290,,,,
test,A4,Noise,b,0.88,0,93,0,96,,,,
test,A4,Asm,all,0.89,4,1553,0,3483,611.0,942.0,0.0,0.0
test,A4,Asm,nb,0.89,4,942,0,2910,,,,
test,A4,Asm,b,0.89,0,611,0,573,,,,
test,A4,Babble,all,0.89,39,1638,0,2628,273.0,1365.0,0.0,0.0
test,A4,Babble,nb,0.89,38,1365,0,2342,,,,
test,A4,Babble,b,0.89,1,273,0,286,,,,
test,A4,Clean,all,0.89,4168,146,85,353,73.0,73.0,85.0,0.0
test,A4,Clean,nb,0.89,3873,73,0,168,,,,
test,A4,Clean,b,0.89,295,73,85,185,,,,
test,A4,Music,all,0.89,1071,1502,3,2423,227.0,1275.0,2.0,1.0
test,A4,Music,nb,0.89,1032,1275,1,2173,,,,
test,A4,Music,b,0.89,39,227,2,250,,,,
test,A4,Noise,all,0.89,0,173,1,4386,93.0,80.0,0.0,1.0
test,A4,Noise,nb,0.89,0,80,1,4290,,,,
test,A4,Noise,b,0.89,0,93,0,96,,,,
test,A4,Asm,all,0.9,4,1553,0,3483,611.0,942.0,0.0,0.0
test,A4,Asm,nb,0.9,4,942,0,2910,,,,
test,A4,Asm,b,0.9,0,611,0,573,,,,
test,A4,Babble,all,0.9,36,1641,0,2628,273.0,1368.0,0.0,0.0
test,A4,Babble,nb,0.9,35,1368,0,2342,,,,
test,A4,Babble,b,0.9,1,273,0,286,,,,
test,A4,Clean,all,0.9,4162,152,84,354,75.0,77.0,84.0,0.0
test,A4,Clean,nb,0.9,3869,77,0,168,,,,
test,A4,Clean,b,0.9,293,75,84,186,,,,
test,A4,Music,all,0.9,1029,1544,2,2424,229.0,1315.0,2.0,0.0
test,A4,Music,nb,0.9,992,1315,0,2174,,,,
test,A4,Music,b,0.9,37,229,2,250,,,,
test,A4,Noise,all,0.9,0,173,1,4386,93.0,80.0,0.0,1.0
test,A4,Noise,nb,0.9,0,80,1,4290,,,,
test,A4,Noise,b,0.9,0,93,0,96,,,,
test,A4,Asm,all,0.91,2,1555,0,3483,611.0,944.0,0.0,0.0
test,A4,Asm,nb,0.91,2,944,0,2910,,,,
test,A4,Asm,b,0.91,0,611,0,573,,,,
test,A4,Babble,all,0.91,31,1646,0,2628,274.0,1372.0,0.0,0.0
test,A4,Babble,nb,0.91,31,1372,0,2342,,,,
test,A4,Babble,b,0.91,0,274,0,286,,,,
test,A4,Clean,all,0.91,4152,162,79,359,79.0,83.0,79.0,0.0
test,A4,Clean,nb,0.91,3863,83,0,168,,,,
test,A4,Clean,b,0.91,289,79,79,191,,,,
test,A4,Music,all,0.91,976,1597,1,2425,231.0,1366.0,1.0,0.0
test,A4,Music,nb,0.91,941,1366,0,2174,,,,
test,A4,Music,b,0.91,35,231,1,251,,,,
test,A4,Noise,all,0.91,0,173,1,4386,93.0,80.0,0.0,1.0
test,A4,Noise,nb,0.91,0,80,1,4290,,,,
test,A4,Noise,b,0.91,0,93,0,96,,,,
test,A4,Asm,all,0.92,1,1556,0,3483,611.0,945.0,0.0,0.0
test,A4,Asm,nb,0.92,1,945,0,2910,,,,
test,A4,Asm,b,0.92,0,611,0,573,,,,
test,A4,Babble,all,0.92,28,1649,0,2628,274.0,1375.0,0.0,0.0
test,A4,Babble,nb,0.92,28,1375,0,2342,,,,
test,A4,Babble,b,0.92,0,274,0,286,,,,
test,A4,Clean,all,0.92,4137,177,73,365,84.0,93.0,73.0,0.0
test,A4,Clean,nb,0.92,3853,93,0,168,,,,
test,A4,Clean,b,0.92,284,84,73,197,,,,
test,A4,Music,all,0.92,911,1662,1,2425,234.0,1428.0,1.0,0.0
test,A4,Music,nb,0.92,879,1428,0,2174,,,,
test,A4,Music,b,0.92,32,234,1,251,,,,
test,A4,Noise,all,0.92,0,173,1,4386,93.0,80.0,0.0,1.0
test,A4,Noise,nb,0.92,0,80,1,4290,,,,
test,A4,Noise,b,0.92,0,93,0,96,,,,
test,A4,Asm,all,0.93,1,1556,0,3483,611.0,945.0,0.0,0.0
test,A4,Asm,nb,0.93,1,945,0,2910,,,,
test,A4,Asm,b,0.93,0,611,0,573,,,,
test,A4,Babble,all,0.93,20,1657,0,2628,274.0,1383.0,0.0,0.0
test,A4,Babble,nb,0.93,20,1383,0,2342,,,,
test,A4,Babble,b,0.93,0,274,0,286,,,,
test,A4,Clean,all,0.93,4115,199,66,372,93.0,106.0,66.0,0.0
test,A4,Clean,nb,0.93,3840,106,0,168,,,,
test,A4,Clean,b,0.93,275,93,66,204,,,,
test,A4,Music,all,0.93,835,1738,0,2426,238.0,1500.0,0.0,0.0
test,A4,Music,nb,0.93,807,1500,0,2174,,,,
test,A4,Music,b,0.93,28,238,0,252,,,,
test,A4,Noise,all,0.93,0,173,1,4386,93.0,80.0,0.0,1.0
test,A4,Noise,nb,0.93,0,80,1,4290,,,,
test,A4,Noise,b,0.93,0,93,0,96,,,,
test,A4,Asm,all,0.94,1,1556,0,3483,611.0,945.0,0.0,0.0
test,A4,Asm,nb,0.94,1,945,0,2910,,,,
test,A4,Asm,b,0.94,0,611,0,573,,,,
test,A4,Babble,all,0.94,16,1661,0,2628,274.0,1387.0,0.0,0.0
test,A4,Babble,nb,0.94,16,1387,0,2342,,,,
test,A4,Babble,b,0.94,0,274,0,286,,,,
test,A4,Clean,all,0.94,4092,222,64,374,100.0,122.0,64.0,0.0
test,A4,Clean,nb,0.94,3824,122,0,168,,,,
test,A4,Clean,b,0.94,268,100,64,206,,,,
test,A4,Music,all,0.94,755,1818,0,2426,241.0,1577.0,0.0,0.0
test,A4,Music,nb,0.94,730,1577,0,2174,,,,
test,A4,Music,b,0.94,25,241,0,252,,,,
test,A4,Noise,all,0.94,0,173,0,4387,93.0,80.0,0.0,0.0
test,A4,Noise,nb,0.94,0,80,0,4291,,,,
test,A4,Noise,b,0.94,0,93,0,96,,,,
test,A4,Asm,all,0.95,0,1557,0,3483,611.0,946.0,0.0,0.0
test,A4,Asm,nb,0.95,0,946,0,2910,,,,
test,A4,Asm,b,0.95,0,611,0,573,,,,
test,A4,Babble,all,0.95,13,1664,0,2628,274.0,1390.0,0.0,0.0
test,A4,Babble,nb,0.95,13,1390,0,2342,,,,
test,A4,Babble,b,0.95,0,274,0,286,,,,
test,A4,Clean,all,0.95,4065,249,62,376,107.0,142.0,62.0,0.0
test,A4,Clean,nb,0.95,3804,142,0,168,,,,
test,A4,Clean,b,0.95,261,107,62,208,,,,
test,A4,Music,all,0.95,662,1911,0,2426,249.0,1662.0,0.0,0.0
test,A4,Music,nb,0.95,645,1662,0,2174,,,,
test,A4,Music,b,0.95,17,249,0,252,,,,
test,A4,Noise,all,0.95,0,173,0,4387,93.0,80.0,0.0,0.0
test,A4,Noise,nb,0.95,0,80,0,4291,,,,
test,A4,Noise,b,0.95,0,93,0,96,,,,
