file,center,score
Music_D_uLM5i0Z4c,0.48,0.016585
Music_D_uLM5i0Z4c,0.5599999999999999,0.090339
Music_D_uLM5i0Z4c,0.64,0.099662
Music_D_uLM5i0Z4c,0.72,0.634923
Music_D_uLM5i0Z4c,0.8,0.092798
Music_D_uLM5i0Z4c,0.88,0.044204
Music_D_uLM5i0Z4c,0.96,0.055602
Music_D_uLM5i0Z4c,1.04,0.05925
Music_D_uLM5i0Z4c,1.12,0.022392
Music_D_uLM5i0Z4c,1.2,0.001032
Music_D_uLM5i0Z4c,1.28,0.001756
Music_D_uLM5i0Z4c,1.3599999999999999,0.000894
Music_D_uLM5i0Z4c,1.44,0.002853
Music_D_uLM5i0Z4c,1.52,0.002312
Music_D_uLM5i0Z4c,1.6,0.006692
Music_D_uLM5i0Z4c,1.68,0.045134
Music_D_uLM5i0Z4c,1.76,0.702804
Music_D_uLM5i0Z4c,1.84,0.106237
Music_D_uLM5i0Z4c,1.92,0.251267
Music_D_uLM5i0Z4c,2.0,0.129713
Music_D_uLM5i0Z4c,2.08,0.162026
Music_D_uLM5i0Z4c,2.16,0.229061
Music_D_uLM5i0Z4c,2.24,0.094386
Music_D_uLM5i0Z4c,2.3200000000000003,0.137495
Music_D_uLM5i0Z4c,2.4,0.128384
Music_D_uLM5i0Z4c,2.48,0.167152
Music_D_uLM5i0Z4c,2.56,0.097894
Music_D_uLM5i0Z4c,2.64,0.198411
Music_D_uLM5i0Z4c,2.72,0.068528
Music_D_uLM5i0Z4c,2.8,0.094269
Music_D_uLM5i0Z4c,2.88,0.659068
Music_D_uLM5i0Z4c,2.96,0.146876
Music_D_uLM5i0Z4c,3.04,0.202347
Music_D_uLM5i0Z4c,3.12,0.113529
Music_D_uLM5i0Z4c,3.2,0.052066
Music_D_uLM5i0Z4c,3.28,0.075981
Music_D_uLM5i0Z4c,3.36,0.057427
Music_D_uLM5i0Z4c,3.44,0.04201
Music_D_uLM5i0Z4c,3.52,0.066249
Music_D_uLM5i0Z4c,3.6,0.076855
Music_D_uLM5i0Z4c,3.68,0.053444
Music_D_uLM5i0Z4c,3.76,0.064952
Music_D_uLM5i0Z4c,3.84,0.116585
Music_D_uLM5i0Z4c,3.92,0.047418
Music_D_uLM5i0Z4c,4.0,0.013306
Music_D_uLM5i0Z4c,4.08,0.028539
Music_D_uLM5i0Z4c,4.16,0.012945
Music_D_uLM5i0Z4c,4.24,0.034724
Music_D_uLM5i0Z4c,4.32,0.026744
Music_D_uLM5i0Z4c,4.4,0.019145
Music_D_uLM5i0Z4c,4.48,0.005047
Music_D_uLM5i0Z4c,4.5600000000000005,0.011178
Music_D_uLM5i0Z4c,4.640000000000001,0.032145
Music_D_uLM5i0Z4c,4.720000000000001,0.006063
Music_D_uLM5i0Z4c,4.800000000000001,0.039427
Music_D_uLM5i0Z4c,4.880000000000001,0.033199
Music_D_uLM5i0Z4c,4.960000000000001,0.042475
Music_D_uLM5i0Z4c,5.039999999999999,0.059745
Music_D_uLM5i0Z4c,5.119999999999999,0.058793
Music_D_uLM5i0Z4c,5.199999999999999,0.091162
Music_D_uLM5i0Z4c,5.279999999999999,0.057987
Music_D_uLM5i0Z4c,5.359999999999999,0.334937
Music_D_uLM5i0Z4c,5.4399999999999995,0.084253
Music_D_uLM5i0Z4c,5.52,0.079102
Music_D_uLM5i0Z4c,5.6,0.047855
Music_D_uLM5i0Z4c,5.68,0.050842
Music_D_uLM5i0Z4c,5.76,0.08742
Music_D_uLM5i0Z4c,5.84,0.064537
Music_D_uLM5i0Z4c,5.92,0.081736
Music_D_uLM5i0Z4c,6.0,0.040693
Music_D_uLM5i0Z4c,6.08,0.033233
Music_D_uLM5i0Z4c,6.16,0.021127
Music_D_uLM5i0Z4c,6.24,0.010544
Music_D_uLM5i0Z4c,6.32,0.032715
Music_D_uLM5i0Z4c,6.4,0.019176
Music_D_uLM5i0Z4c,6.48,0.042332
Music_D_uLM5i0Z4c,6.5600000000000005,0.033999
Music_D_uLM5i0Z4c,6.640000000000001,0.045807
Music_D_uLM5i0Z4c,6.720000000000001,0.09384
Music_D_uLM5i0Z4c,6.800000000000001,0.04263
Music_D_uLM5i0Z4c,6.880000000000001,0.120523
Music_D_uLM5i0Z4c,6.960000000000001,0.03267
Music_D_uLM5i0Z4c,7.039999999999999,0.05525
Music_D_uLM5i0Z4c,7.119999999999999,0.067172
Music_D_uLM5i0Z4c,7.199999999999999,0.043293
Music_D_uLM5i0Z4c,7.279999999999999,0.016542
Music_D_uLM5i0Z4c,7.359999999999999,0.228101
Music_D_uLM5i0Z4c,7.4399999999999995,0.142749
Music_D_uLM5i0Z4c,7.52,0.145147
Music_D_uLM5i0Z4c,7.6,0.027044
Music_D_uLM5i0Z4c,7.68,0.157727
Music_D_uLM5i0Z4c,7.76,0.073091
Music_D_uLM5i0Z4c,7.84,0.290655
Music_D_uLM5i0Z4c,7.92,0.374718
Music_D_uLM5i0Z4c,8.0,0.377955
Music_D_uLM5i0Z4c,8.08,0.417616
Music_D_uLM5i0Z4c,8.16,0.278798
Music_D_uLM5i0Z4c,8.24,0.666476
Music_D_uLM5i0Z4c,8.32,0.219828
Music_D_uLM5i0Z4c,8.4,0.673458
Music_D_uLM5i0Z4c,8.48,0.797077
Music_D_uLM5i0Z4c,8.56,0.821705
Music_D_uLM5i0Z4c,8.64,0.523588
Music_D_uLM5i0Z4c,8.72,0.627291
Music_D_uLM5i0Z4c,8.8,0.415146
Music_D_uLM5i0Z4c,8.88,0.697169
Music_D_uLM5i0Z4c,8.96,0.148778
Music_D_uLM5i0Z4c,9.040000000000001,0.29134
Music_D_uLM5i0Z4c,9.120000000000001,0.112785
Music_D_uLM5i0Z4c,9.200000000000001,0.026488
Music_D_uLM5i0Z4c,9.280000000000001,0.026286
Music_D_uLM5i0Z4c,9.360000000000001,0.019898
Music_D_uLM5i0Z4c,9.440000000000001,0.031496
Music_D_uLM5i0Z4c,9.52,0.033915
Music_D_uLM5i0Z4c,9.6,0.042812
Music_D_uLM5i0Z4c,9.68,0.031198
Music_D_uLM5i0Z4c,9.76,0.033841
Music_D_uLM5i0Z4c,9.84,0.015912
Music_D_uLM5i0Z4c,9.92,0.013261
Music_D_uLM5i0Z4c,10.0,0.014519
Music_D_uLM5i0Z4c,10.08,0.006118
Music_D_uLM5i0Z4c,10.16,0.041625
Music_D_uLM5i0Z4c,10.24,0.044083
Music_D_uLM5i0Z4c,10.32,0.011077
Music_D_uLM5i0Z4c,10.4,0.018687
Music_D_uLM5i0Z4c,10.48,0.025366
Music_D_uLM5i0Z4c,10.56,0.052464
Music_D_uLM5i0Z4c,10.64,0.075429
Music_D_uLM5i0Z4c,10.72,0.069302
Music_D_uLM5i0Z4c,10.8,0.046899
Music_D_uLM5i0Z4c,10.88,0.083776
Music_D_uLM5i0Z4c,10.96,0.050852
Music_D_uLM5i0Z4c,11.040000000000001,0.377701
Music_D_uLM5i0Z4c,11.120000000000001,0.133202
Music_D_uLM5i0Z4c,11.200000000000001,0.076493
Music_D_uLM5i0Z4c,11.280000000000001,0.024901
Music_D_uLM5i0Z4c,11.360000000000001,0.080323
Music_D_uLM5i0Z4c,11.440000000000001,0.015794
Music_D_uLM5i0Z4c,11.52,0.007743
Music_D_uLM5i0Z4c,11.6,0.002999
Music_D_uLM5i0Z4c,11.68,0.008305
Music_D_uLM5i0Z4c,11.76,0.003019
Music_D_uLM5i0Z4c,11.84,0.006402
Music_D_uLM5i0Z4c,11.92,0.013229
Music_D_uLM5i0Z4c,12.0,0.003775
Music_D_uLM5i0Z4c,12.08,0.00999
Music_D_uLM5i0Z4c,12.16,0.024735
Music_D_uLM5i0Z4c,12.24,0.055108
Music_D_uLM5i0Z4c,12.32,0.081066
Music_D_uLM5i0Z4c,12.4,0.043163
Music_D_uLM5i0Z4c,12.48,0.044334
Music_D_uLM5i0Z4c,12.56,0.288627
Music_D_uLM5i0Z4c,12.64,0.15361
Music_D_uLM5i0Z4c,12.72,0.278139
Music_D_uLM5i0Z4c,12.8,0.062665
Music_D_uLM5i0Z4c,12.88,0.191061
Music_D_uLM5i0Z4c,12.96,0.172405
Music_D_uLM5i0Z4c,13.040000000000001,0.122172
Music_D_uLM5i0Z4c,13.120000000000001,0.121845
Music_D_uLM5i0Z4c,13.200000000000001,0.420177
Music_D_uLM5i0Z4c,13.280000000000001,0.063836
Music_D_uLM5i0Z4c,13.360000000000001,0.107483
Music_D_uLM5i0Z4c,13.440000000000001,0.069951
Music_D_uLM5i0Z4c,13.52,0.193405
Music_D_uLM5i0Z4c,13.6,0.086236
Music_D_uLM5i0Z4c,13.68,0.092341
Music_D_uLM5i0Z4c,13.76,0.06847
Music_D_uLM5i0Z4c,13.84,0.094701
Music_D_uLM5i0Z4c,13.92,0.041077
Music_D_uLM5i0Z4c,14.0,0.273028
Music_D_uLM5i0Z4c,14.08,0.297871
Music_D_uLM5i0Z4c,14.16,0.056291
Music_D_uLM5i0Z4c,14.24,0.223105
Music_D_uLM5i0Z4c,14.32,0.132654
Music_D_uLM5i0Z4c,14.4,0.387827
Music_D_uLM5i0Z4c,14.48,0.112184
Music_D_uLM5i0Z4c,14.56,0.326996
Music_D_uLM5i0Z4c,14.64,0.492518
Music_D_uLM5i0Z4c,14.72,0.303488
Music_D_uLM5i0Z4c,14.8,0.518068
Music_D_uLM5i0Z4c,14.88,0.551695
Music_D_uLM5i0Z4c,14.96,0.167985
Music_D_uLM5i0Z4c,15.040000000000001,0.157957
Music_D_uLM5i0Z4c,15.120000000000001,0.089479
Music_D_uLM5i0Z4c,15.200000000000001,0.292677
Music_D_uLM5i0Z4c,15.280000000000001,0.16708
Music_D_uLM5i0Z4c,15.360000000000001,0.226147
Music_D_uLM5i0Z4c,15.440000000000001,0.486494
Music_D_uLM5i0Z4c,15.52,0.365154
Music_D_uLM5i0Z4c,15.6,0.088788
Music_D_uLM5i0Z4c,15.68,0.017477
Music_D_uLM5i0Z4c,15.76,0.065777
Music_D_uLM5i0Z4c,15.84,0.017124
Music_D_uLM5i0Z4c,15.92,0.025581
Music_D_uLM5i0Z4c,16.0,0.004135
Music_D_uLM5i0Z4c,16.08,0.006141
Music_D_uLM5i0Z4c,16.16,0.017617
Music_D_uLM5i0Z4c,16.24,0.028289
Music_D_uLM5i0Z4c,16.32,0.016478
Music_D_uLM5i0Z4c,16.4,0.026151
Music_D_uLM5i0Z4c,16.48,0.013833
Music_D_uLM5i0Z4c,16.56,0.023976
Music_D_uLM5i0Z4c,16.64,0.082415
Music_D_uLM5i0Z4c,16.72,0.019637
Music_D_uLM5i0Z4c,16.8,0.0268
Music_D_uLM5i0Z4c,16.88,0.036085
Music_D_uLM5i0Z4c,16.96,0.060003
Music_D_uLM5i0Z4c,17.04,0.211034
Music_D_uLM5i0Z4c,17.12,0.065409
Music_D_uLM5i0Z4c,17.2,0.152872
Music_D_uLM5i0Z4c,17.28,0.084803
Music_D_uLM5i0Z4c,17.36,0.133596
Music_D_uLM5i0Z4c,17.44,0.130659
Music_D_uLM5i0Z4c,17.52,0.264953
Music_D_uLM5i0Z4c,17.6,0.152911
Music_D_uLM5i0Z4c,17.68,0.059903
Music_D_uLM5i0Z4c,17.76,0.068997
Music_D_uLM5i0Z4c,17.84,0.09199
Music_D_uLM5i0Z4c,17.92,0.128534
Music_D_uLM5i0Z4c,18.0,0.038083
Music_D_uLM5i0Z4c,18.080000000000002,0.134737
Music_D_uLM5i0Z4c,18.16,0.054532
Music_D_uLM5i0Z4c,18.240000000000002,0.182424
Music_D_uLM5i0Z4c,18.32,0.13528
Music_D_uLM5i0Z4c,18.400000000000002,0.382594
Music_D_uLM5i0Z4c,18.48,0.238429
Music_D_uLM5i0Z4c,18.56,0.281693
Music_D_uLM5i0Z4c,18.64,0.151151
Music_D_uLM5i0Z4c,18.72,0.065505
Music_D_uLM5i0Z4c,18.8,0.062422
Music_D_uLM5i0Z4c,18.88,0.030931
Music_D_uLM5i0Z4c,18.96,0.076003
Music_D_uLM5i0Z4c,19.04,0.059142
Music_D_uLM5i0Z4c,19.12,0.044553
Music_D_uLM5i0Z4c,19.2,0.129963
Music_D_uLM5i0Z4c,19.28,0.077895
Music_D_uLM5i0Z4c,19.36,0.089998
Music_D_uLM5i0Z4c,19.44,0.032493
Music_D_uLM5i0Z4c,19.52,0.049969
Music_D_uLM5i0Z4c,19.6,0.071608
Music_D_uLM5i0Z4c,19.68,0.087681
Music_D_uLM5i0Z4c,19.76,0.038637
Music_D_uLM5i0Z4c,19.84,0.097488
Music_D_uLM5i0Z4c,19.92,0.085559
Music_D_uLM5i0Z4c,20.0,0.136663
Music_D_uLM5i0Z4c,20.080000000000002,0.048968
Music_D_uLM5i0Z4c,20.16,0.020206
Music_D_uLM5i0Z4c,20.240000000000002,0.042283
Music_D_uLM5i0Z4c,20.32,0.028598
Music_D_uLM5i0Z4c,20.400000000000002,0.016285
Music_D_uLM5i0Z4c,20.48,0.009344
Music_D_uLM5i0Z4c,20.56,0.023443
Music_D_uLM5i0Z4c,20.64,0.011528
Music_D_uLM5i0Z4c,20.72,0.084248
Music_D_uLM5i0Z4c,20.8,0.045113
Music_D_uLM5i0Z4c,20.88,0.061394
Music_D_uLM5i0Z4c,20.96,0.029932
Music_D_uLM5i0Z4c,21.04,0.035434
Music_D_uLM5i0Z4c,21.12,0.050307
Music_D_uLM5i0Z4c,21.2,0.052807
Music_D_uLM5i0Z4c,21.28,0.031788
Music_D_uLM5i0Z4c,21.36,0.11939
Music_D_uLM5i0Z4c,21.44,0.03691
Music_D_uLM5i0Z4c,21.52,0.032441
Music_D_uLM5i0Z4c,21.6,0.011571
Music_D_uLM5i0Z4c,21.68,0.018612
Music_D_uLM5i0Z4c,21.76,0.061506
Music_D_uLM5i0Z4c,21.84,0.035492
Music_D_uLM5i0Z4c,21.92,0.080297
Music_D_uLM5i0Z4c,22.0,0.062538
Music_D_uLM5i0Z4c,22.080000000000002,0.032616
Music_D_uLM5i0Z4c,22.16,0.037884
Music_D_uLM5i0Z4c,22.240000000000002,0.04711
Music_D_uLM5i0Z4c,22.32,0.041244
Music_D_uLM5i0Z4c,22.400000000000002,0.119024
Music_D_uLM5i0Z4c,22.48,0.10824
Music_D_uLM5i0Z4c,22.56,0.20813
Music_D_uLM5i0Z4c,22.64,0.112239
Music_D_uLM5i0Z4c,22.72,0.032215
Music_D_uLM5i0Z4c,22.8,0.058088
Music_D_uLM5i0Z4c,22.88,0.107063
Music_D_uLM5i0Z4c,22.96,0.131496
Music_D_uLM5i0Z4c,23.04,0.116095
Music_D_uLM5i0Z4c,23.12,0.252644
Music_D_uLM5i0Z4c,23.2,0.437087
Music_D_uLM5i0Z4c,23.28,0.38476
Music_D_uLM5i0Z4c,23.36,0.153514
Music_D_uLM5i0Z4c,23.44,0.202731
Music_D_uLM5i0Z4c,23.52,0.222056
Music_D_uLM5i0Z4c,23.6,0.105215
Music_D_uLM5i0Z4c,23.68,0.098462
Music_D_uLM5i0Z4c,23.76,0.082467
Music_D_uLM5i0Z4c,23.84,0.113219
Music_D_uLM5i0Z4c,23.92,0.075208
Music_D_uLM5i0Z4c,24.0,0.077609
Music_D_uLM5i0Z4c,24.080000000000002,0.070683
Music_D_uLM5i0Z4c,24.16,0.076112
Music_D_uLM5i0Z4c,24.240000000000002,0.031548
Music_D_uLM5i0Z4c,24.32,0.041106
Music_D_uLM5i0Z4c,24.400000000000002,0.053313
Music_D_uLM5i0Z4c,24.48,0.030417
Music_D_uLM5i0Z4c,24.56,0.081781
Music_D_uLM5i0Z4c,24.64,0.03415
Music_D_uLM5i0Z4c,24.72,0.00512
Music_D_uLM5i0Z4c,24.8,0.011672
Music_D_uLM5i0Z4c,24.88,0.013737
Music_D_uLM5i0Z4c,24.96,0.003925
Music_D_uLM5i0Z4c,25.04,0.006034
Music_D_uLM5i0Z4c,25.12,0.002623
Music_D_uLM5i0Z4c,25.2,0.003619
Music_D_uLM5i0Z4c,25.28,0.018817
Music_D_uLM5i0Z4c,25.36,0.062582
Music_D_uLM5i0Z4c,25.44,0.01984
Music_D_uLM5i0Z4c,25.52,0.122134
Music_D_uLM5i0Z4c,25.6,0.037228
Music_D_uLM5i0Z4c,25.68,0.072206
Music_D_uLM5i0Z4c,25.76,0.043643
Music_D_uLM5i0Z4c,25.84,0.034178
Music_D_uLM5i0Z4c,25.92,0.045999
Music_D_uLM5i0Z4c,26.0,0.060743
Music_D_uLM5i0Z4c,26.080000000000002,0.1483
Music_D_uLM5i0Z4c,26.16,0.050365
Music_D_uLM5i0Z4c,26.240000000000002,0.063283
Music_D_uLM5i0Z4c,26.32,0.039726
Music_D_uLM5i0Z4c,26.400000000000002,0.007009
Music_D_uLM5i0Z4c,26.48,0.058216
Music_D_uLM5i0Z4c,26.56,0.022315
Music_D_uLM5i0Z4c,26.64,0.026611
Music_D_uLM5i0Z4c,26.72,0.005624
Music_D_uLM5i0Z4c,26.8,0.004703
Music_D_uLM5i0Z4c,26.88,0.004567
Music_D_uLM5i0Z4c,26.96,0.009757
Music_D_uLM5i0Z4c,27.04,0.025527
Music_D_uLM5i0Z4c,27.12,0.040141
Music_D_uLM5i0Z4c,27.2,0.03644
Music_D_uLM5i0Z4c,27.28,0.048238
Music_D_uLM5i0Z4c,27.36,0.080711
Music_D_uLM5i0Z4c,27.44,0.11298
Music_D_uLM5i0Z4c,27.52,0.118838
Music_D_uLM5i0Z4c,27.6,0.247827
Music_D_uLM5i0Z4c,27.68,0.167223
Music_D_uLM5i0Z4c,27.76,0.195633
Music_D_uLM5i0Z4c,27.84,0.047782
Music_D_uLM5i0Z4c,27.92,0.043498
Music_D_uLM5i0Z4c,28.0,0.006875
Music_D_uLM5i0Z4c,28.080000000000002,0.030887
Music_D_uLM5i0Z4c,28.16,0.004382
Music_D_uLM5i0Z4c,28.240000000000002,0.008948
Music_D_uLM5i0Z4c,28.32,0.009091
Music_D_uLM5i0Z4c,28.400000000000002,0.037617
Music_D_uLM5i0Z4c,28.48,0.032423
Music_D_uLM5i0Z4c,28.56,0.104853
Music_D_uLM5i0Z4c,28.64,0.07004
Music_D_uLM5i0Z4c,28.72,0.043089
Music_D_uLM5i0Z4c,28.8,0.326011
Music_D_uLM5i0Z4c,28.88,0.335635
Music_D_uLM5i0Z4c,28.96,0.224251
Music_D_uLM5i0Z4c,29.04,0.026268
Music_D_uLM5i0Z4c,29.12,0.053242
Music_D_uLM5i0Z4c,29.2,0.045019
Music_D_uLM5i0Z4c,29.28,0.15706
Music_D_uLM5i0Z4c,29.36,0.720032
Music_D_uLM5i0Z4c,29.44,0.070833
Music_D_uLM5i0Z4c,29.52,0.068149
Music_D_uLM5i0Z4c,29.6,0.336173
Music_D_uLM5i0Z4c,29.68,0.612545
Music_D_uLM5i0Z4c,29.76,0.166082
Music_D_uLM5i0Z4c,29.84,0.110905
Music_D_uLM5i0Z4c,29.92,0.041606
Music_D_uLM5i0Z4c,30.0,0.042392
Music_D_uLM5i0Z4c,30.080000000000002,0.035579
Music_D_uLM5i0Z4c,30.16,0.094486
Music_D_uLM5i0Z4c,30.240000000000002,0.087323
Music_D_uLM5i0Z4c,30.32,0.031042
Music_D_uLM5i0Z4c,30.400000000000002,0.22934
Music_D_uLM5i0Z4c,30.48,0.117964
Music_D_uLM5i0Z4c,30.56,0.359733
Music_D_uLM5i0Z4c,30.64,0.169037
Music_D_uLM5i0Z4c,30.72,0.381172
Music_D_uLM5i0Z4c,30.8,0.252591
Music_D_uLM5i0Z4c,30.88,0.104138
Music_D_uLM5i0Z4c,30.96,0.074136
Music_D_uLM5i0Z4c,31.04,0.047955
Music_D_uLM5i0Z4c,31.12,0.038571
Music_D_uLM5i0Z4c,31.2,0.003658
Music_D_uLM5i0Z4c,31.28,0.015073
Music_D_uLM5i0Z4c,31.36,0.016845
Music_D_uLM5i0Z4c,31.44,0.008912
Music_D_uLM5i0Z4c,31.52,0.015711
Music_D_uLM5i0Z4c,31.6,0.027031
Music_D_uLM5i0Z4c,31.68,0.045753
Music_D_uLM5i0Z4c,31.76,0.085452
Music_D_uLM5i0Z4c,31.84,0.016941
Music_D_uLM5i0Z4c,31.92,0.05745
Music_D_uLM5i0Z4c,32.0,0.053294
Music_D_uLM5i0Z4c,32.08,0.079373
Music_D_uLM5i0Z4c,32.16,0.268194
Music_D_uLM5i0Z4c,32.24,0.063707
Music_D_uLM5i0Z4c,32.32,0.315956
Music_D_uLM5i0Z4c,32.4,0.045687
Music_D_uLM5i0Z4c,32.48,0.048697
Music_D_uLM5i0Z4c,32.559999999999995,0.043468
Music_D_uLM5i0Z4c,32.63999999999999,0.184568
Music_D_uLM5i0Z4c,32.72,0.027869
Music_D_uLM5i0Z4c,32.8,0.005606
Music_D_uLM5i0Z4c,32.879999999999995,0.045053
Music_D_uLM5i0Z4c,32.959999999999994,0.100324
Music_D_uLM5i0Z4c,33.04,0.028372
Music_D_uLM5i0Z4c,33.12,0.004896
Music_D_uLM5i0Z4c,33.199999999999996,0.02635
Music_D_uLM5i0Z4c,33.279999999999994,0.333105
Music_D_uLM5i0Z4c,33.36,0.008064
Music_D_uLM5i0Z4c,33.44,0.022666
Music_D_uLM5i0Z4c,33.519999999999996,0.006031
Music_D_uLM5i0Z4c,33.599999999999994,0.060681
Music_D_uLM5i0Z4c,33.68,0.463941
Music_D_uLM5i0Z4c,33.76,0.719917
Music_D_uLM5i0Z4c,33.839999999999996,0.100795
Music_D_uLM5i0Z4c,33.919999999999995,0.041182
Music_D_uLM5i0Z4c,34.0,0.005803
Music_D_uLM5i0Z4c,34.08,0.011577
Music_D_uLM5i0Z4c,34.16,0.01234
Music_D_uLM5i0Z4c,34.239999999999995,0.030695
Music_D_uLM5i0Z4c,34.32,0.014414
Music_D_uLM5i0Z4c,34.4,0.004842
Music_D_uLM5i0Z4c,34.48,0.005882
Music_D_uLM5i0Z4c,34.559999999999995,0.006261
Music_D_uLM5i0Z4c,34.63999999999999,0.044165
Music_D_uLM5i0Z4c,34.72,0.239383
Music_D_uLM5i0Z4c,34.8,0.094821
Music_D_uLM5i0Z4c,34.879999999999995,0.051653
Music_D_uLM5i0Z4c,34.959999999999994,0.21455
Music_D_uLM5i0Z4c,35.04,0.036258
Music_D_uLM5i0Z4c,35.12,0.511154
Music_D_uLM5i0Z4c,35.199999999999996,0.04349
Music_D_uLM5i0Z4c,35.279999999999994,0.757142
Music_D_uLM5i0Z4c,35.36,0.303261
Music_D_uLM5i0Z4c,35.44,0.30546
Music_D_uLM5i0Z4c,35.519999999999996,0.480774
Music_D_uLM5i0Z4c,35.599999999999994,0.329573
Music_D_uLM5i0Z4c,35.68,0.100153
Music_D_uLM5i0Z4c,35.76,0.260322
Music_D_uLM5i0Z4c,35.839999999999996,0.098087
Music_D_uLM5i0Z4c,35.919999999999995,0.261673
Music_D_uLM5i0Z4c,36.0,0.098764
Music_D_uLM5i0Z4c,36.08,0.074378
Music_D_uLM5i0Z4c,36.16,0.054809
Music_D_uLM5i0Z4c,36.239999999999995,0.053755
Music_D_uLM5i0Z4c,36.32,0.052576
Music_D_uLM5i0Z4c,36.4,0.029315
Music_D_uLM5i0Z4c,36.48,0.026763
Music_D_uLM5i0Z4c,36.559999999999995,0.121548
Music_D_uLM5i0Z4c,36.63999999999999,0.141149
Music_D_uLM5i0Z4c,36.72,0.077331
Music_D_uLM5i0Z4c,36.8,0.15698
Music_D_uLM5i0Z4c,36.879999999999995,0.028192
Music_D_uLM5i0Z4c,36.959999999999994,0.090706
Music_D_uLM5i0Z4c,37.04,0.05255
Music_D_uLM5i0Z4c,37.12,0.027151
Music_D_uLM5i0Z4c,37.199999999999996,0.066249
Music_D_uLM5i0Z4c,37.279999999999994,0.052393
Music_D_uLM5i0Z4c,37.36,0.031606
Music_D_uLM5i0Z4c,37.44,0.001826
Music_D_uLM5i0Z4c,37.519999999999996,0.002301
Music_D_uLM5i0Z4c,37.599999999999994,0.009754
Music_D_uLM5i0Z4c,37.68,0.032493
Music_D_uLM5i0Z4c,37.76,0.080037
Music_D_uLM5i0Z4c,37.839999999999996,0.032237
Music_D_uLM5i0Z4c,37.919999999999995,0.047756
Music_D_uLM5i0Z4c,38.0,0.043868
Music_D_uLM5i0Z4c,38.08,0.011897
Music_D_uLM5i0Z4c,38.16,0.022404
Music_D_uLM5i0Z4c,38.239999999999995,0.014482
Music_D_uLM5i0Z4c,38.32,0.377309
Music_D_uLM5i0Z4c,38.4,0.105467
Music_D_uLM5i0Z4c,38.48,0.041703
Music_D_uLM5i0Z4c,38.559999999999995,0.07353
Music_D_uLM5i0Z4c,38.63999999999999,0.131544
Music_D_uLM5i0Z4c,38.72,0.033132
Music_D_uLM5i0Z4c,38.8,0.024819
Music_D_uLM5i0Z4c,38.879999999999995,0.095886
Music_D_uLM5i0Z4c,38.959999999999994,0.133848
Music_D_uLM5i0Z4c,39.04,0.040835
Music_D_uLM5i0Z4c,39.12,0.007039
Music_D_uLM5i0Z4c,39.199999999999996,0.019454
Music_D_uLM5i0Z4c,39.279999999999994,0.013359
Music_D_uLM5i0Z4c,39.36,0.008882
Music_D_uLM5i0Z4c,39.44,0.032428
Music_D_uLM5i0Z4c,39.519999999999996,0.032757
Music_D_uLM5i0Z4c,39.599999999999994,0.031845
Music_D_uLM5i0Z4c,39.68,0.141453
Music_D_uLM5i0Z4c,39.76,0.21803
Music_D_uLM5i0Z4c,39.839999999999996,0.243968
Music_D_uLM5i0Z4c,39.919999999999995,0.577825
Music_D_uLM5i0Z4c,40.0,0.086463
Music_D_uLM5i0Z4c,40.08,0.236402
Music_D_uLM5i0Z4c,40.16,0.009403
Music_D_uLM5i0Z4c,40.239999999999995,0.003255
Music_D_uLM5i0Z4c,40.32,0.004317
Music_D_uLM5i0Z4c,40.4,0.005691
Music_D_uLM5i0Z4c,40.48,0.006328
Music_D_uLM5i0Z4c,40.559999999999995,0.00255
Music_D_uLM5i0Z4c,40.63999999999999,0.009652
Music_D_uLM5i0Z4c,40.72,0.018065
Music_D_uLM5i0Z4c,40.8,0.030516
Music_D_uLM5i0Z4c,40.879999999999995,0.114356
Music_D_uLM5i0Z4c,40.959999999999994,0.07167
Music_D_uLM5i0Z4c,41.04,0.386718
Music_D_uLM5i0Z4c,41.12,0.503348
Music_D_uLM5i0Z4c,41.199999999999996,0.062098
Music_D_uLM5i0Z4c,41.279999999999994,0.259169
Music_D_uLM5i0Z4c,41.36,0.015361
Music_D_uLM5i0Z4c,41.44,0.05328
Music_D_uLM5i0Z4c,41.519999999999996,0.150083
Music_D_uLM5i0Z4c,41.599999999999994,0.128337
Music_D_uLM5i0Z4c,41.68,0.11929
Music_D_uLM5i0Z4c,41.76,0.071016
Music_D_uLM5i0Z4c,41.839999999999996,0.026598
Music_D_uLM5i0Z4c,41.919999999999995,0.325569
Music_D_uLM5i0Z4c,42.0,0.047377
Music_D_uLM5i0Z4c,42.08,0.173883
Music_D_uLM5i0Z4c,42.16,0.045446
Music_D_uLM5i0Z4c,42.239999999999995,0.021528
Music_D_uLM5i0Z4c,42.32,0.00577
Music_D_uLM5i0Z4c,42.4,0.011713
Music_D_uLM5i0Z4c,42.48,0.132315
Music_D_uLM5i0Z4c,42.559999999999995,0.042286
Music_D_uLM5i0Z4c,42.63999999999999,0.034165
Music_D_uLM5i0Z4c,42.72,0.143664
Music_D_uLM5i0Z4c,42.8,0.434083
Music_D_uLM5i0Z4c,42.879999999999995,0.107159
Music_D_uLM5i0Z4c,42.959999999999994,0.305248
Music_D_uLM5i0Z4c,43.04,0.194777
Music_D_uLM5i0Z4c,43.12,0.194038
Music_D_uLM5i0Z4c,43.199999999999996,0.08206
Music_D_uLM5i0Z4c,43.279999999999994,0.027883
Music_D_uLM5i0Z4c,43.36,0.018383
Music_D_uLM5i0Z4c,43.44,0.001335
Music_D_uLM5i0Z4c,43.519999999999996,0.002124
Music_D_uLM5i0Z4c,43.599999999999994,0.012405
Music_D_uLM5i0Z4c,43.68,0.004353
Music_D_uLM5i0Z4c,43.76,0.023272
Music_D_uLM5i0Z4c,43.839999999999996,0.002834
Music_D_uLM5i0Z4c,43.919999999999995,0.012607
Music_D_uLM5i0Z4c,44.0,0.027911
Music_D_uLM5i0Z4c,44.08,0.064718
Music_D_uLM5i0Z4c,44.16,0.011652
Music_D_uLM5i0Z4c,44.239999999999995,0.017167
Music_D_uLM5i0Z4c,44.32,0.010588
Music_D_uLM5i0Z4c,44.4,0.032083
Music_D_uLM5i0Z4c,44.48,0.089903
Music_D_uLM5i0Z4c,44.559999999999995,0.039999
Music_D_uLM5i0Z4c,44.63999999999999,0.3559
Music_D_uLM5i0Z4c,44.72,0.13339
Music_D_uLM5i0Z4c,44.8,0.246634
Music_D_uLM5i0Z4c,44.879999999999995,0.394333
Music_D_uLM5i0Z4c,44.959999999999994,0.269106
Music_D_uLM5i0Z4c,45.04,0.068161
Music_D_uLM5i0Z4c,45.12,0.014475
Music_D_uLM5i0Z4c,45.199999999999996,0.03464
Music_D_uLM5i0Z4c,45.279999999999994,0.034918
Music_D_uLM5i0Z4c,45.36,0.010966
Music_D_uLM5i0Z4c,45.44,0.013696
Music_D_uLM5i0Z4c,45.519999999999996,0.039831
Music_D_uLM5i0Z4c,45.599999999999994,0.155028
Music_D_uLM5i0Z4c,45.68,0.022496
Music_D_uLM5i0Z4c,45.76,0.143778
Music_D_uLM5i0Z4c,45.839999999999996,0.070319
Music_D_uLM5i0Z4c,45.919999999999995,0.570229
Music_D_uLM5i0Z4c,46.0,0.124795
Music_D_uLM5i0Z4c,46.08,0.214202
Music_D_uLM5i0Z4c,46.16,0.1501
Music_D_uLM5i0Z4c,46.239999999999995,0.356419
Music_D_uLM5i0Z4c,46.32,0.113948
Music_D_uLM5i0Z4c,46.4,0.185569
Music_D_uLM5i0Z4c,46.48,0.032992
Music_D_uLM5i0Z4c,46.559999999999995,0.025596
Music_D_uLM5i0Z4c,46.63999999999999,0.004858
Music_D_uLM5i0Z4c,46.72,0.015012
Music_D_uLM5i0Z4c,46.8,0.018503
Music_D_uLM5i0Z4c,46.879999999999995,0.010895
Music_D_uLM5i0Z4c,46.959999999999994,0.019134
Music_D_uLM5i0Z4c,47.04,0.036071
Music_D_uLM5i0Z4c,47.12,0.036034
Music_D_uLM5i0Z4c,47.199999999999996,0.034831
Music_D_uLM5i0Z4c,47.279999999999994,0.020153
Music_D_uLM5i0Z4c,47.36,0.046762
Music_D_uLM5i0Z4c,47.44,0.283676
Music_D_uLM5i0Z4c,47.519999999999996,0.108345
Music_D_uLM5i0Z4c,47.599999999999994,0.190727
Music_D_uLM5i0Z4c,47.68,0.102309
Music_D_uLM5i0Z4c,47.76,0.123661
Music_D_uLM5i0Z4c,47.839999999999996,0.092002
Music_D_uLM5i0Z4c,47.919999999999995,0.077114
Music_D_uLM5i0Z4c,48.0,0.046987
Music_D_uLM5i0Z4c,48.08,0.100459
Music_D_uLM5i0Z4c,48.16,0.016082
Music_D_uLM5i0Z4c,48.239999999999995,0.166455
Music_D_uLM5i0Z4c,48.32,0.041249
Music_D_uLM5i0Z4c,48.4,0.030673
Music_D_uLM5i0Z4c,48.48,0.025947
Music_D_uLM5i0Z4c,48.559999999999995,0.044681
Music_D_uLM5i0Z4c,48.63999999999999,0.048894
Music_D_uLM5i0Z4c,48.72,0.084147
Music_D_uLM5i0Z4c,48.8,0.082054
Music_D_uLM5i0Z4c,48.879999999999995,0.104341
Music_D_uLM5i0Z4c,48.959999999999994,0.046121
Music_D_uLM5i0Z4c,49.04,0.050334
Music_D_uLM5i0Z4c,49.12,0.067078
Music_D_uLM5i0Z4c,49.199999999999996,0.072724
Music_D_uLM5i0Z4c,49.279999999999994,0.053837
Music_D_uLM5i0Z4c,49.36,0.055729
Music_D_uLM5i0Z4c,49.44,0.016031
Music_D_uLM5i0Z4c,49.519999999999996,0.043183
Music_D_uLM5i0Z4c,49.599999999999994,0.030261
Music_D_uLM5i0Z4c,49.68,0.025517
Music_D_uLM5i0Z4c,49.76,0.003619
Music_D_uLM5i0Z4c,49.839999999999996,0.00393
Music_D_uLM5i0Z4c,49.919999999999995,0.010372
Music_D_uLM5i0Z4c,50.0,0.038297
Music_D_uLM5i0Z4c,50.08,0.079624
Music_D_uLM5i0Z4c,50.16,0.019118
Music_D_uLM5i0Z4c,50.239999999999995,0.065918
Music_D_uLM5i0Z4c,50.32,0.024289
Music_D_uLM5i0Z4c,50.4,0.021428
Music_D_uLM5i0Z4c,50.48,0.016893
Music_D_uLM5i0Z4c,50.559999999999995,0.004297
Music_D_uLM5i0Z4c,50.63999999999999,0.00543
Music_D_uLM5i0Z4c,50.72,0.006263
Music_D_uLM5i0Z4c,50.8,0.008839
Music_D_uLM5i0Z4c,50.879999999999995,0.002457
Music_D_uLM5i0Z4c,50.959999999999994,0.010273
Music_D_uLM5i0Z4c,51.04,0.008892
Music_D_uLM5i0Z4c,51.12,0.013482
Music_D_uLM5i0Z4c,51.199999999999996,0.004062
Music_D_uLM5i0Z4c,51.279999999999994,0.020858
Music_D_uLM5i0Z4c,51.36,0.015541
Music_D_uLM5i0Z4c,51.44,0.166516
Music_D_uLM5i0Z4c,51.519999999999996,0.117173
Music_D_uLM5i0Z4c,51.599999999999994,0.250208
Music_D_uLM5i0Z4c,51.68,0.268348
Music_D_uLM5i0Z4c,51.76,0.724179
Music_D_uLM5i0Z4c,51.839999999999996,0.021155
Music_D_uLM5i0Z4c,51.919999999999995,0.022092
Music_D_uLM5i0Z4c,52.0,0.032358
Music_D_uLM5i0Z4c,52.08,0.181904
Music_D_uLM5i0Z4c,52.16,0.035192
Music_D_uLM5i0Z4c,52.239999999999995,0.015346
Music_D_uLM5i0Z4c,52.32,0.034366
Music_D_uLM5i0Z4c,52.4,0.158209
Music_D_uLM5i0Z4c,52.48,0.024815
Music_D_uLM5i0Z4c,52.559999999999995,0.085833
Music_D_uLM5i0Z4c,52.63999999999999,0.011006
Music_D_uLM5i0Z4c,52.72,0.00628
Music_D_uLM5i0Z4c,52.8,0.005442
Music_D_uLM5i0Z4c,52.879999999999995,0.004234
Music_D_uLM5i0Z4c,52.959999999999994,0.00202
Music_D_uLM5i0Z4c,53.04,0.007254
Music_D_uLM5i0Z4c,53.12,0.028935
Music_D_uLM5i0Z4c,53.199999999999996,0.017479
Music_D_uLM5i0Z4c,53.279999999999994,0.048298
Music_D_uLM5i0Z4c,53.36,0.01156
Music_D_uLM5i0Z4c,53.44,0.011814
Music_D_uLM5i0Z4c,53.519999999999996,0.003566
Music_D_uLM5i0Z4c,53.599999999999994,0.016451
Music_D_uLM5i0Z4c,53.68,0.013291
Music_D_uLM5i0Z4c,53.76,0.027887
Music_D_uLM5i0Z4c,53.839999999999996,0.032256
Music_D_uLM5i0Z4c,53.919999999999995,0.049097
Music_D_uLM5i0Z4c,54.0,0.056237
Music_D_uLM5i0Z4c,54.08,0.01498
Music_D_uLM5i0Z4c,54.16,0.080944
Music_D_uLM5i0Z4c,54.239999999999995,0.021139
Music_D_uLM5i0Z4c,54.32,0.016478
Music_D_uLM5i0Z4c,54.4,0.013072
Music_D_uLM5i0Z4c,54.48,0.014133
Music_D_uLM5i0Z4c,54.559999999999995,0.046187
Music_D_uLM5i0Z4c,54.63999999999999,0.009936
Music_D_uLM5i0Z4c,54.72,0.298001
Music_D_uLM5i0Z4c,54.8,0.022759
Music_D_uLM5i0Z4c,54.879999999999995,0.026194
Music_D_uLM5i0Z4c,54.959999999999994,0.019426
Music_D_uLM5i0Z4c,55.04,0.016079
Music_D_uLM5i0Z4c,55.12,0.147523
Music_D_uLM5i0Z4c,55.199999999999996,0.006669
Music_D_uLM5i0Z4c,55.279999999999994,0.088651
Music_D_uLM5i0Z4c,55.36,0.049202
Music_D_uLM5i0Z4c,55.44,0.093435
Music_D_uLM5i0Z4c,55.519999999999996,0.037874
Music_D_uLM5i0Z4c,55.599999999999994,0.02324
Music_D_uLM5i0Z4c,55.68,0.020424
Music_D_uLM5i0Z4c,55.76,0.030692
Music_D_uLM5i0Z4c,55.839999999999996,0.012134
Music_D_uLM5i0Z4c,55.919999999999995,0.013836
Music_D_uLM5i0Z4c,56.0,0.003319
Music_D_uLM5i0Z4c,56.08,0.007283
Music_D_uLM5i0Z4c,56.16,0.001174
Music_D_uLM5i0Z4c,56.239999999999995,0.000618
Music_D_uLM5i0Z4c,56.32,0.006678
Music_D_uLM5i0Z4c,56.4,0.011983
Music_D_uLM5i0Z4c,56.48,0.007659
Music_D_uLM5i0Z4c,56.559999999999995,0.015085
Music_D_uLM5i0Z4c,56.63999999999999,0.005463
Music_D_uLM5i0Z4c,56.72,0.013008
Music_D_uLM5i0Z4c,56.8,0.017231
Music_D_uLM5i0Z4c,56.879999999999995,0.036431
Music_D_uLM5i0Z4c,56.959999999999994,0.063391
Music_D_uLM5i0Z4c,57.04,0.261124
Music_D_uLM5i0Z4c,57.12,0.059113
Music_D_uLM5i0Z4c,57.199999999999996,0.131163
Music_D_uLM5i0Z4c,57.279999999999994,0.037143
Music_D_uLM5i0Z4c,57.36,0.028266
Music_D_uLM5i0Z4c,57.44,0.036359
Music_D_uLM5i0Z4c,57.519999999999996,0.013153
Music_D_uLM5i0Z4c,57.599999999999994,0.069039
Music_D_uLM5i0Z4c,57.68,0.021979
Music_D_uLM5i0Z4c,57.76,0.112619
Music_D_uLM5i0Z4c,57.839999999999996,0.023484
Music_D_uLM5i0Z4c,57.919999999999995,0.068554
Music_D_uLM5i0Z4c,58.0,0.015078
Music_D_uLM5i0Z4c,58.08,0.006321
Music_D_uLM5i0Z4c,58.16,0.004739
Music_D_uLM5i0Z4c,58.239999999999995,0.182235
Music_D_uLM5i0Z4c,58.32,0.142675
Music_D_uLM5i0Z4c,58.4,0.241099
Music_D_uLM5i0Z4c,58.48,0.165698
Music_D_uLM5i0Z4c,58.559999999999995,0.505753
Music_D_uLM5i0Z4c,58.63999999999999,0.147198
Music_D_uLM5i0Z4c,58.72,0.048268
Music_D_uLM5i0Z4c,58.8,0.051476
Music_D_uLM5i0Z4c,58.879999999999995,0.072772
Music_D_uLM5i0Z4c,58.959999999999994,0.089504
Music_D_uLM5i0Z4c,59.04,0.059044
Music_D_uLM5i0Z4c,59.12,0.013284
Music_D_uLM5i0Z4c,59.199999999999996,0.003653
Music_D_uLM5i0Z4c,59.279999999999994,0.004867
Music_D_uLM5i0Z4c,59.36,0.007655
Music_D_uLM5i0Z4c,59.44,0.018495
Music_D_uLM5i0Z4c,59.519999999999996,0.005439
Music_D_uLM5i0Z4c,59.599999999999994,0.00532
Music_D_uLM5i0Z4c,59.68,0.116104
Music_D_uLM5i0Z4c,59.76,0.03047
Music_D_uLM5i0Z4c,59.839999999999996,0.040179
Music_D_uLM5i0Z4c,59.919999999999995,0.034517
Music_D_uLM5i0Z4c,60.0,0.038174
Music_D_uLM5i0Z4c,60.08,0.015786
Music_D_uLM5i0Z4c,60.16,0.222314
Music_D_uLM5i0Z4c,60.239999999999995,0.004021
Music_D_uLM5i0Z4c,60.32,0.0177
Music_D_uLM5i0Z4c,60.4,0.016937
Music_D_uLM5i0Z4c,60.48,0.057335
Music_D_uLM5i0Z4c,60.559999999999995,0.007649
Music_D_uLM5i0Z4c,60.63999999999999,0.035501
Music_D_uLM5i0Z4c,60.72,0.005969
Music_D_uLM5i0Z4c,60.8,0.009081
Music_D_uLM5i0Z4c,60.879999999999995,0.0094
Music_D_uLM5i0Z4c,60.959999999999994,0.007639
Music_D_uLM5i0Z4c,61.04,0.002293
Music_D_uLM5i0Z4c,61.12,0.015043
Music_D_uLM5i0Z4c,61.199999999999996,0.014427
Music_D_uLM5i0Z4c,61.279999999999994,0.016374
Music_D_uLM5i0Z4c,61.36,0.211229
Music_D_uLM5i0Z4c,61.44,0.143492
Music_D_uLM5i0Z4c,61.519999999999996,0.034863
Music_D_uLM5i0Z4c,61.599999999999994,0.340091
Music_D_uLM5i0Z4c,61.68,0.182381
Music_D_uLM5i0Z4c,61.76,0.164466
Music_D_uLM5i0Z4c,61.839999999999996,0.116433
Music_D_uLM5i0Z4c,61.919999999999995,0.169955
Music_D_uLM5i0Z4c,62.0,0.158534
Music_D_uLM5i0Z4c,62.08,0.05758
Music_D_uLM5i0Z4c,62.16,0.09815
Music_D_uLM5i0Z4c,62.239999999999995,0.019745
Music_D_uLM5i0Z4c,62.32,0.003385
Music_D_uLM5i0Z4c,62.4,0.000686
Music_D_uLM5i0Z4c,62.48,0.01145
Music_D_uLM5i0Z4c,62.559999999999995,0.002878
Music_D_uLM5i0Z4c,62.63999999999999,0.00171
Music_D_uLM5i0Z4c,62.72,0.002709
Music_D_uLM5i0Z4c,62.8,0.008161
Music_D_uLM5i0Z4c,62.879999999999995,0.00831
Music_D_uLM5i0Z4c,62.959999999999994,0.03295
Music_D_uLM5i0Z4c,63.04,0.009382
Music_D_uLM5i0Z4c,63.12,0.123161
Music_D_uLM5i0Z4c,63.199999999999996,0.049062
Music_D_uLM5i0Z4c,63.279999999999994,0.222634
Music_D_uLM5i0Z4c,63.36,0.029212
Music_D_uLM5i0Z4c,63.44,0.029938
Music_D_uLM5i0Z4c,63.519999999999996,0.021567
Music_D_uLM5i0Z4c,63.599999999999994,0.15715
Music_D_uLM5i0Z4c,63.68,0.016908
Music_D_uLM5i0Z4c,63.76,0.020255
Music_D_uLM5i0Z4c,63.839999999999996,0.051514
Music_D_uLM5i0Z4c,63.919999999999995,0.010971
Music_D_uLM5i0Z4c,64.0,0.074511
Music_D_uLM5i0Z4c,64.08,0.019251
Music_D_uLM5i0Z4c,64.16,0.032254
Music_D_uLM5i0Z4c,64.24,0.075357
Music_D_uLM5i0Z4c,64.32000000000001,0.071299
Music_D_uLM5i0Z4c,64.4,0.098095
Music_D_uLM5i0Z4c,64.48,0.041444
Music_D_uLM5i0Z4c,64.56,0.045553
Music_D_uLM5i0Z4c,64.64,0.042631
Music_D_uLM5i0Z4c,64.72,0.058303
Music_D_uLM5i0Z4c,64.8,0.048051
Music_D_uLM5i0Z4c,64.88000000000001,0.026011
Music_D_uLM5i0Z4c,64.96000000000001,0.025662
Music_D_uLM5i0Z4c,65.04,0.069199
Music_D_uLM5i0Z4c,65.12,0.030281
Music_D_uLM5i0Z4c,65.2,0.029035
Music_D_uLM5i0Z4c,65.28,0.018364
Music_D_uLM5i0Z4c,65.36,0.039632
Music_D_uLM5i0Z4c,65.44,0.111837
Music_D_uLM5i0Z4c,65.52000000000001,0.113913
Music_D_uLM5i0Z4c,65.60000000000001,0.047076
Music_D_uLM5i0Z4c,65.68,0.356317
Music_D_uLM5i0Z4c,65.76,0.046211
Music_D_uLM5i0Z4c,65.84,0.021448
Music_D_uLM5i0Z4c,65.92,0.006225
Music_D_uLM5i0Z4c,66.0,0.020806
Music_D_uLM5i0Z4c,66.08,0.02201
Music_D_uLM5i0Z4c,66.16000000000001,0.042128
Music_D_uLM5i0Z4c,66.24000000000001,0.054036
Music_D_uLM5i0Z4c,66.32000000000001,0.069534
Music_D_uLM5i0Z4c,66.4,0.054129
Music_D_uLM5i0Z4c,66.48,0.014224
Music_D_uLM5i0Z4c,66.56,0.045383
Music_D_uLM5i0Z4c,66.64,0.06829
Music_D_uLM5i0Z4c,66.72,0.029269
Music_D_uLM5i0Z4c,66.8,0.029474
Music_D_uLM5i0Z4c,66.88000000000001,0.010881
Music_D_uLM5i0Z4c,66.96000000000001,0.012233
Music_D_uLM5i0Z4c,67.04,0.059903
Music_D_uLM5i0Z4c,67.12,0.058684
Music_D_uLM5i0Z4c,67.2,0.021807
Music_D_uLM5i0Z4c,67.28,0.063096
Music_D_uLM5i0Z4c,67.36,0.067358
Music_D_uLM5i0Z4c,67.44,0.307265
Music_D_uLM5i0Z4c,67.52000000000001,0.422479
Music_D_uLM5i0Z4c,67.60000000000001,0.769517
Music_D_uLM5i0Z4c,67.68,0.359017
Music_D_uLM5i0Z4c,67.76,0.620275
Music_D_uLM5i0Z4c,67.84,0.175968
Music_D_uLM5i0Z4c,67.92,0.022119
Music_D_uLM5i0Z4c,68.0,0.109524
Music_D_uLM5i0Z4c,68.08,0.023922
Music_D_uLM5i0Z4c,68.16000000000001,0.069554
Music_D_uLM5i0Z4c,68.24000000000001,0.026969
Music_D_uLM5i0Z4c,68.32000000000001,0.022781
Music_D_uLM5i0Z4c,68.4,0.021513
Music_D_uLM5i0Z4c,68.48,0.029475
Music_D_uLM5i0Z4c,68.56,0.007812
Music_D_uLM5i0Z4c,68.64,0.066564
Music_D_uLM5i0Z4c,68.72,0.021297
Music_D_uLM5i0Z4c,68.8,0.023291
Music_D_uLM5i0Z4c,68.88000000000001,0.048197
Music_D_uLM5i0Z4c,68.96000000000001,0.16836
Music_D_uLM5i0Z4c,69.04,0.146566
Music_D_uLM5i0Z4c,69.12,0.183994
Music_D_uLM5i0Z4c,69.2,0.096747
Music_D_uLM5i0Z4c,69.28,0.12208
Music_D_uLM5i0Z4c,69.36,0.114181
Music_D_uLM5i0Z4c,69.44,0.407576
Music_D_uLM5i0Z4c,69.52000000000001,0.158666
Music_D_uLM5i0Z4c,69.60000000000001,0.73968
Music_D_uLM5i0Z4c,69.68,0.176795
Music_D_uLM5i0Z4c,69.76,0.442189
Music_D_uLM5i0Z4c,69.84,0.22399
Music_D_uLM5i0Z4c,69.92,0.187105
Music_D_uLM5i0Z4c,70.0,0.663018
Music_D_uLM5i0Z4c,70.08,0.110781
Music_D_uLM5i0Z4c,70.16000000000001,0.390918
Music_D_uLM5i0Z4c,70.24000000000001,0.200976
Music_D_uLM5i0Z4c,70.32000000000001,0.160691
Music_D_uLM5i0Z4c,70.4,0.081268
Music_D_uLM5i0Z4c,70.48,0.777601
Music_D_uLM5i0Z4c,70.56,0.234942
Music_D_uLM5i0Z4c,70.64,0.261041
Music_D_uLM5i0Z4c,70.72,0.292969
Music_D_uLM5i0Z4c,70.8,0.326679
Music_D_uLM5i0Z4c,70.88000000000001,0.101433
Music_D_uLM5i0Z4c,70.96000000000001,0.05021
Music_D_uLM5i0Z4c,71.04,0.038888
Music_D_uLM5i0Z4c,71.12,0.007471
Music_D_uLM5i0Z4c,71.2,0.019605
Music_D_uLM5i0Z4c,71.28,0.000586
Music_D_uLM5i0Z4c,71.36,0.015128
Music_D_uLM5i0Z4c,71.44,0.006725
Music_D_uLM5i0Z4c,71.52000000000001,0.007875
Music_D_uLM5i0Z4c,71.60000000000001,0.014174
Music_D_uLM5i0Z4c,71.68,0.010666
Music_D_uLM5i0Z4c,71.76,0.10103
Music_D_uLM5i0Z4c,71.84,0.053128
Music_D_uLM5i0Z4c,71.92,0.492616
Music_D_uLM5i0Z4c,72.0,0.219014
Music_D_uLM5i0Z4c,72.08,0.142726
Music_D_uLM5i0Z4c,72.16000000000001,0.517107
Music_D_uLM5i0Z4c,72.24000000000001,0.182867
Music_D_uLM5i0Z4c,72.32000000000001,0.081619
Music_D_uLM5i0Z4c,72.4,0.085094
Music_D_uLM5i0Z4c,72.48,0.173779
Music_D_uLM5i0Z4c,72.56,0.00908
Music_D_uLM5i0Z4c,72.64,0.00479
Music_D_uLM5i0Z4c,72.72,0.024021
Music_D_uLM5i0Z4c,72.8,0.01459
Music_D_uLM5i0Z4c,72.88000000000001,0.017008
Music_D_uLM5i0Z4c,72.96000000000001,0.004948
Music_D_uLM5i0Z4c,73.04,0.004134
Music_D_uLM5i0Z4c,73.12,0.00697
Music_D_uLM5i0Z4c,73.2,0.010182
Music_D_uLM5i0Z4c,73.28,0.010679
Music_D_uLM5i0Z4c,73.36,0.018148
Music_D_uLM5i0Z4c,73.44,0.058952
Music_D_uLM5i0Z4c,73.52000000000001,0.02568
Music_D_uLM5i0Z4c,73.60000000000001,0.017608
Music_D_uLM5i0Z4c,73.68,0.034841
Music_D_uLM5i0Z4c,73.76,0.16943
Music_D_uLM5i0Z4c,73.84,0.242321
Music_D_uLM5i0Z4c,73.92,0.252108
Music_D_uLM5i0Z4c,74.0,0.174864
Music_D_uLM5i0Z4c,74.08,0.198125
Music_D_uLM5i0Z4c,74.16000000000001,0.059067
Music_D_uLM5i0Z4c,74.24000000000001,0.020602
Music_D_uLM5i0Z4c,74.32000000000001,0.033072
Music_D_uLM5i0Z4c,74.4,0.047408
Music_D_uLM5i0Z4c,74.48,0.092329
Music_D_uLM5i0Z4c,74.56,0.05338
Music_D_uLM5i0Z4c,74.64,0.0199
Music_D_uLM5i0Z4c,74.72,0.294627
Music_D_uLM5i0Z4c,74.8,0.033483
Music_D_uLM5i0Z4c,74.88000000000001,0.144785
Music_D_uLM5i0Z4c,74.96000000000001,0.058375
Music_D_uLM5i0Z4c,75.04,0.064909
Music_D_uLM5i0Z4c,75.12,0.2345
Music_D_uLM5i0Z4c,75.2,0.290235
Music_D_uLM5i0Z4c,75.28,0.223378
Music_D_uLM5i0Z4c,75.36,0.087667
Music_D_uLM5i0Z4c,75.44,0.257409
Music_D_uLM5i0Z4c,75.52000000000001,0.170085
Music_D_uLM5i0Z4c,75.60000000000001,0.246512
Music_D_uLM5i0Z4c,75.68,0.070964
Music_D_uLM5i0Z4c,75.76,0.353507
Music_D_uLM5i0Z4c,75.84,0.375445
Music_D_uLM5i0Z4c,75.92,0.700808
Music_D_uLM5i0Z4c,76.0,0.101199
Music_D_uLM5i0Z4c,76.08,0.08563
Music_D_uLM5i0Z4c,76.16000000000001,0.036476
Music_D_uLM5i0Z4c,76.24000000000001,0.07109
Music_D_uLM5i0Z4c,76.32000000000001,0.121887
Music_D_uLM5i0Z4c,76.4,0.061397
Music_D_uLM5i0Z4c,76.48,0.032493
Music_D_uLM5i0Z4c,76.56,0.180583
Music_D_uLM5i0Z4c,76.64,0.496054
Music_D_uLM5i0Z4c,76.72,0.253658
Music_D_uLM5i0Z4c,76.8,0.12786
Music_D_uLM5i0Z4c,76.88000000000001,0.067594
Music_D_uLM5i0Z4c,76.96000000000001,0.379849
Music_D_uLM5i0Z4c,77.04,0.307537
Music_D_uLM5i0Z4c,77.12,0.049834
Music_D_uLM5i0Z4c,77.2,0.509456
Music_D_uLM5i0Z4c,77.28,0.13967
Music_D_uLM5i0Z4c,77.36,0.083762
Music_D_uLM5i0Z4c,77.44,0.029282
Music_D_uLM5i0Z4c,77.52000000000001,0.026616
Music_D_uLM5i0Z4c,77.60000000000001,0.007307
Music_D_uLM5i0Z4c,77.68,0.00654
Music_D_uLM5i0Z4c,77.76,0.007737
Music_D_uLM5i0Z4c,77.84,0.101283
Music_D_uLM5i0Z4c,77.92,0.046257
Music_D_uLM5i0Z4c,78.0,0.133773
Music_D_uLM5i0Z4c,78.08,0.064581
Music_D_uLM5i0Z4c,78.16000000000001,0.225883
Music_D_uLM5i0Z4c,78.24000000000001,0.118128
Music_D_uLM5i0Z4c,78.32000000000001,0.053918
Music_D_uLM5i0Z4c,78.4,0.069782
Music_D_uLM5i0Z4c,78.48,0.032133
Music_D_uLM5i0Z4c,78.56,0.154727
Music_D_uLM5i0Z4c,78.64,0.104548
Music_D_uLM5i0Z4c,78.72,0.034054
Music_D_uLM5i0Z4c,78.8,0.0997
Music_D_uLM5i0Z4c,78.88000000000001,0.0374
Music_D_uLM5i0Z4c,78.96000000000001,0.050762
Music_D_uLM5i0Z4c,79.04,0.061085
Music_D_uLM5i0Z4c,79.12,0.018204
Music_D_uLM5i0Z4c,79.2,0.013305
Music_D_uLM5i0Z4c,79.28,0.030942
Music_D_uLM5i0Z4c,79.36,0.013717
Music_D_uLM5i0Z4c,79.44,0.029866
Music_D_uLM5i0Z4c,79.52000000000001,0.01205
Music_D_uLM5i0Z4c,79.60000000000001,0.016487
Music_D_uLM5i0Z4c,79.68,0.026329
Music_D_uLM5i0Z4c,79.76,0.323006
Music_D_uLM5i0Z4c,79.84,0.193727
Music_D_uLM5i0Z4c,79.92,0.415325
Music_D_uLM5i0Z4c,80.0,0.660305
Music_D_uLM5i0Z4c,80.08,0.477988
Music_D_uLM5i0Z4c,80.16000000000001,0.116445
Music_D_uLM5i0Z4c,80.24000000000001,0.050755
Music_D_uLM5i0Z4c,80.32000000000001,0.04075
Music_D_uLM5i0Z4c,80.4,0.003675
Music_D_uLM5i0Z4c,80.48,0.02765
Music_D_uLM5i0Z4c,80.56,0.05807
Music_D_uLM5i0Z4c,80.64,0.006311
Music_D_uLM5i0Z4c,80.72,0.022623
Music_D_uLM5i0Z4c,80.8,0.072198
Music_D_uLM5i0Z4c,80.88000000000001,0.143825
Music_D_uLM5i0Z4c,80.96000000000001,0.121425
Music_D_uLM5i0Z4c,81.04,0.084938
Music_D_uLM5i0Z4c,81.12,0.045179
Music_D_uLM5i0Z4c,81.2,0.15107
Music_D_uLM5i0Z4c,81.28,0.304374
Music_D_uLM5i0Z4c,81.36,0.629819
Music_D_uLM5i0Z4c,81.44,0.704185
Music_D_uLM5i0Z4c,81.52000000000001,0.04838
Music_D_uLM5i0Z4c,81.60000000000001,0.015544
Music_D_uLM5i0Z4c,81.68,0.113555
Music_D_uLM5i0Z4c,81.76,0.106652
Music_D_uLM5i0Z4c,81.84,0.022749
Music_D_uLM5i0Z4c,81.92,0.263984
Music_D_uLM5i0Z4c,82.0,0.015167
Music_D_uLM5i0Z4c,82.08,0.325565
Music_D_uLM5i0Z4c,82.16000000000001,0.026811
Music_D_uLM5i0Z4c,82.24000000000001,0.026881
Music_D_uLM5i0Z4c,82.32000000000001,0.00491
Music_D_uLM5i0Z4c,82.4,0.041398
Music_D_uLM5i0Z4c,82.48,0.06663
Music_D_uLM5i0Z4c,82.56,0.022615
Music_D_uLM5i0Z4c,82.64,0.006254
Music_D_uLM5i0Z4c,82.72,0.034441
Music_D_uLM5i0Z4c,82.8,0.027901
Music_D_uLM5i0Z4c,82.88000000000001,0.069971
Music_D_uLM5i0Z4c,82.96000000000001,0.04911
Music_D_uLM5i0Z4c,83.04,0.038442
Music_D_uLM5i0Z4c,83.12,0.112312
Music_D_uLM5i0Z4c,83.2,0.026754
Music_D_uLM5i0Z4c,83.28,0.110983
Music_D_uLM5i0Z4c,83.36,0.098872
Music_D_uLM5i0Z4c,83.44,0.041303
Music_D_uLM5i0Z4c,83.52000000000001,0.03055
Music_D_uLM5i0Z4c,83.60000000000001,0.019345
Music_D_uLM5i0Z4c,83.68,0.025134
Music_D_uLM5i0Z4c,83.76,0.015615
Music_D_uLM5i0Z4c,83.84,0.026482
Music_D_uLM5i0Z4c,83.92,0.023493
Music_D_uLM5i0Z4c,84.0,0.058759
Music_D_uLM5i0Z4c,84.08,0.109523
Music_D_uLM5i0Z4c,84.16000000000001,0.016665
Music_D_uLM5i0Z4c,84.24000000000001,0.052459
Music_D_uLM5i0Z4c,84.32000000000001,0.025365
Music_D_uLM5i0Z4c,84.4,0.045943
Music_D_uLM5i0Z4c,84.48,0.021273
Music_D_uLM5i0Z4c,84.56,0.028187
Music_D_uLM5i0Z4c,84.64,0.013252
Music_D_uLM5i0Z4c,84.72,0.017915
Music_D_uLM5i0Z4c,84.8,0.018523
Music_D_uLM5i0Z4c,84.88000000000001,0.040015
Music_D_uLM5i0Z4c,84.96000000000001,0.050625
Music_D_uLM5i0Z4c,85.04,0.052979
Music_D_uLM5i0Z4c,85.12,0.04197
Music_D_uLM5i0Z4c,85.2,0.022669
Music_D_uLM5i0Z4c,85.28,0.022517
Music_D_uLM5i0Z4c,85.36,0.045212
Music_D_uLM5i0Z4c,85.44,0.007423
Music_D_uLM5i0Z4c,85.52000000000001,0.012773
Music_D_uLM5i0Z4c,85.60000000000001,0.099078
Music_D_uLM5i0Z4c,85.68,0.071849
Music_D_uLM5i0Z4c,85.76,0.007764
Music_D_uLM5i0Z4c,85.84,0.05699
Music_D_uLM5i0Z4c,85.92,0.091937
Music_D_uLM5i0Z4c,86.0,0.185398
Music_D_uLM5i0Z4c,86.08,0.114207
Music_D_uLM5i0Z4c,86.16000000000001,0.473944
Music_D_uLM5i0Z4c,86.24000000000001,0.184539
Music_D_uLM5i0Z4c,86.32000000000001,0.347807
Music_D_uLM5i0Z4c,86.4,0.143664
Music_D_uLM5i0Z4c,86.48,0.063008
Music_D_uLM5i0Z4c,86.56,0.005832
Music_D_uLM5i0Z4c,86.64,0.005648
Music_D_uLM5i0Z4c,86.72,0.011444
Music_D_uLM5i0Z4c,86.8,0.005119
Music_D_uLM5i0Z4c,86.88000000000001,0.020328
Music_D_uLM5i0Z4c,86.96000000000001,0.004837
Music_D_uLM5i0Z4c,87.04,0.009601
Music_D_uLM5i0Z4c,87.12,0.009461
Music_D_uLM5i0Z4c,87.2,0.007647
Music_D_uLM5i0Z4c,87.28,0.016847
Music_D_uLM5i0Z4c,87.36,0.02067
Music_D_uLM5i0Z4c,87.44,0.008676
Music_D_uLM5i0Z4c,87.52000000000001,0.021396
Music_D_uLM5i0Z4c,87.60000000000001,0.002676
Music_D_uLM5i0Z4c,87.68,0.049755
Music_D_uLM5i0Z4c,87.76,0.011975
Music_D_uLM5i0Z4c,87.84,0.010668
Music_D_uLM5i0Z4c,87.92,0.009019
Music_D_uLM5i0Z4c,88.0,0.022414
Music_D_uLM5i0Z4c,88.08,0.017766
Music_D_uLM5i0Z4c,88.16000000000001,0.025684
Music_D_uLM5i0Z4c,88.24000000000001,0.0117
Music_D_uLM5i0Z4c,88.32000000000001,0.013577
Music_D_uLM5i0Z4c,88.4,0.007113
Music_D_uLM5i0Z4c,88.48,0.024457
Music_D_uLM5i0Z4c,88.56,0.027973
Music_D_uLM5i0Z4c,88.64,0.034474
Music_D_uLM5i0Z4c,88.72,0.009443
Music_D_uLM5i0Z4c,88.8,0.005829
Music_D_uLM5i0Z4c,88.88000000000001,0.00828
Music_D_uLM5i0Z4c,88.96000000000001,0.127907
Music_D_uLM5i0Z4c,89.04,0.072032
Music_D_uLM5i0Z4c,89.12,0.068227
Music_D_uLM5i0Z4c,89.2,0.056409
Music_D_uLM5i0Z4c,89.28,0.147954
Music_D_uLM5i0Z4c,89.36,0.01656
Music_D_uLM5i0Z4c,89.44,0.020202
Music_D_uLM5i0Z4c,89.52000000000001,0.005757
Music_D_uLM5i0Z4c,89.60000000000001,0.008158
Music_D_uLM5i0Z4c,89.68,0.001608
Music_D_uLM5i0Z4c,89.76,0.00246
Music_D_uLM5i0Z4c,89.84,0.00094
Music_D_uLM5i0Z4c,89.92,0.007326
Music_D_uLM5i0Z4c,90.0,0.013888
Music_D_uLM5i0Z4c,90.08,0.045763
Music_D_uLM5i0Z4c,90.16000000000001,0.031446
Music_D_uLM5i0Z4c,90.24000000000001,0.040042
Music_D_uLM5i0Z4c,90.32000000000001,0.013009
Music_D_uLM5i0Z4c,90.4,0.082134
Music_D_uLM5i0Z4c,90.48,0.009921
Music_D_uLM5i0Z4c,90.56,0.008061
Music_D_uLM5i0Z4c,90.64,0.01752
Music_D_uLM5i0Z4c,90.72,0.022887
Music_D_uLM5i0Z4c,90.8,0.156108
Music_D_uLM5i0Z4c,90.88000000000001,0.69451
Music_D_uLM5i0Z4c,90.96000000000001,0.528579
Music_D_uLM5i0Z4c,91.04,0.296232
Music_D_uLM5i0Z4c,91.12,0.624813
Music_D_uLM5i0Z4c,91.2,0.11879
Music_D_uLM5i0Z4c,91.28,0.243212
Music_D_uLM5i0Z4c,91.36,0.158139
Music_D_uLM5i0Z4c,91.44,0.021682
Music_D_uLM5i0Z4c,91.52000000000001,0.014592
Music_D_uLM5i0Z4c,91.60000000000001,0.031458
Music_D_uLM5i0Z4c,91.68,0.007583
Music_D_uLM5i0Z4c,91.76,0.21953
Music_D_uLM5i0Z4c,91.84,0.135385
Music_D_uLM5i0Z4c,91.92,0.584377
Music_D_uLM5i0Z4c,92.0,0.210184
Music_D_uLM5i0Z4c,92.08,0.440983
Music_D_uLM5i0Z4c,92.16000000000001,0.24623
Music_D_uLM5i0Z4c,92.24000000000001,0.680856
Music_D_uLM5i0Z4c,92.32000000000001,0.499007
Music_D_uLM5i0Z4c,92.4,0.084161
Music_D_uLM5i0Z4c,92.48,0.087789
Music_D_uLM5i0Z4c,92.56,0.121492
Music_D_uLM5i0Z4c,92.64,0.009306
Music_D_uLM5i0Z4c,92.72,0.007617
Music_D_uLM5i0Z4c,92.8,0.009644
Music_D_uLM5i0Z4c,92.88000000000001,0.018859
Music_D_uLM5i0Z4c,92.96000000000001,0.03869
Music_D_uLM5i0Z4c,93.04,0.02233
Music_D_uLM5i0Z4c,93.12,0.020548
Music_D_uLM5i0Z4c,93.2,0.242817
Music_D_uLM5i0Z4c,93.28,0.079422
Music_D_uLM5i0Z4c,93.36,0.043926
Music_D_uLM5i0Z4c,93.44,0.019302
Music_D_uLM5i0Z4c,93.52000000000001,0.053168
Music_D_uLM5i0Z4c,93.60000000000001,0.07124
Music_D_uLM5i0Z4c,93.68,0.137372
Music_D_uLM5i0Z4c,93.76,0.08654
Music_D_uLM5i0Z4c,93.84,0.174499
Music_D_uLM5i0Z4c,93.92,0.045894
Music_D_uLM5i0Z4c,94.0,0.103828
Music_D_uLM5i0Z4c,94.08,0.088844
Music_D_uLM5i0Z4c,94.16000000000001,0.0817
Music_D_uLM5i0Z4c,94.24000000000001,0.094265
Music_D_uLM5i0Z4c,94.32000000000001,0.041175
Music_D_uLM5i0Z4c,94.4,0.265552
Music_D_uLM5i0Z4c,94.48,0.082445
Music_D_uLM5i0Z4c,94.56,0.052506
Music_D_uLM5i0Z4c,94.64,0.0471
Music_D_uLM5i0Z4c,94.72,0.022161
Music_D_uLM5i0Z4c,94.8,0.21961
Music_D_uLM5i0Z4c,94.88000000000001,0.007098
Music_D_uLM5i0Z4c,94.96000000000001,0.043044
Music_D_uLM5i0Z4c,95.04,0.009195
Music_D_uLM5i0Z4c,95.12,0.299233
Music_D_uLM5i0Z4c,95.2,0.049466
Music_D_uLM5i0Z4c,95.28,0.15049
Music_D_uLM5i0Z4c,95.36,0.046694
Music_D_uLM5i0Z4c,95.44,0.024208
Music_D_uLM5i0Z4c,95.52000000000001,0.026349
Music_D_uLM5i0Z4c,95.60000000000001,0.02479
Music_D_uLM5i0Z4c,95.68,0.018825
Music_D_uLM5i0Z4c,95.76,0.018986
Music_D_uLM5i0Z4c,95.84,0.002949
Music_D_uLM5i0Z4c,95.92,0.011306
Music_D_uLM5i0Z4c,96.0,0.006386
Music_D_uLM5i0Z4c,96.08,0.018428
Music_D_uLM5i0Z4c,96.16000000000001,0.017378
Music_D_uLM5i0Z4c,96.24000000000001,0.170965
Music_D_uLM5i0Z4c,96.32000000000001,0.03378
Music_D_uLM5i0Z4c,96.4,0.125587
Music_D_uLM5i0Z4c,96.48,0.143736
Music_D_uLM5i0Z4c,96.56,0.046281
Music_D_uLM5i0Z4c,96.64,0.205135
Music_D_uLM5i0Z4c,96.72,0.297644
Music_D_uLM5i0Z4c,96.8,0.145445
Music_D_uLM5i0Z4c,96.88000000000001,0.233523
Music_D_uLM5i0Z4c,96.96000000000001,0.35102
Music_D_uLM5i0Z4c,97.04,0.123817
Music_D_uLM5i0Z4c,97.12,0.055992
Music_D_uLM5i0Z4c,97.2,0.136533
Music_D_uLM5i0Z4c,97.28,0.107991
Music_D_uLM5i0Z4c,97.36,0.102639
Music_D_uLM5i0Z4c,97.44,0.060731
Music_D_uLM5i0Z4c,97.52000000000001,0.02751
Music_D_uLM5i0Z4c,97.60000000000001,0.052944
Music_D_uLM5i0Z4c,97.68,0.015134
Music_D_uLM5i0Z4c,97.76,0.047929
Music_D_uLM5i0Z4c,97.84,0.088965
Music_D_uLM5i0Z4c,97.92,0.059557
Music_D_uLM5i0Z4c,98.0,0.18772
Music_D_uLM5i0Z4c,98.08,0.156015
Music_D_uLM5i0Z4c,98.16000000000001,0.021714
Music_D_uLM5i0Z4c,98.24000000000001,0.025672
Music_D_uLM5i0Z4c,98.32000000000001,0.224845
Music_D_uLM5i0Z4c,98.4,0.393726
Music_D_uLM5i0Z4c,98.48,0.083176
Music_D_uLM5i0Z4c,98.56,0.175359
Music_D_uLM5i0Z4c,98.64,0.050867
Music_D_uLM5i0Z4c,98.72,0.054669
Music_D_uLM5i0Z4c,98.8,0.008686
Music_D_uLM5i0Z4c,98.88000000000001,0.006697
Music_D_uLM5i0Z4c,98.96000000000001,0.010012
Music_D_uLM5i0Z4c,99.04,0.007306
Music_D_uLM5i0Z4c,99.12,0.003377
Music_D_uLM5i0Z4c,99.2,0.028945
Music_D_uLM5i0Z4c,99.28,0.040966
Music_D_uLM5i0Z4c,99.36,0.016335
Music_D_uLM5i0Z4c,99.44,0.031988
Music_D_uLM5i0Z4c,99.52000000000001,0.07087
Music_D_uLM5i0Z4c,99.60000000000001,0.032191
Music_D_uLM5i0Z4c,99.68,0.022529
Music_D_uLM5i0Z4c,99.76,0.021107
Music_D_uLM5i0Z4c,99.84,0.013655
Music_D_uLM5i0Z4c,99.92,0.01768
Music_D_uLM5i0Z4c,100.0,0.128747
Music_D_uLM5i0Z4c,100.08,0.068593
Music_D_uLM5i0Z4c,100.16000000000001,0.097944
Music_D_uLM5i0Z4c,100.24000000000001,0.041154
Music_D_uLM5i0Z4c,100.32000000000001,0.086039
Music_D_uLM5i0Z4c,100.4,0.021521
Music_D_uLM5i0Z4c,100.48,0.0115
Music_D_uLM5i0Z4c,100.56,0.042063
Music_D_uLM5i0Z4c,100.64,0.016661
Music_D_uLM5i0Z4c,100.72,0.067026
Music_D_uLM5i0Z4c,100.8,0.014212
Music_D_uLM5i0Z4c,100.88000000000001,0.041175
Music_D_uLM5i0Z4c,100.96000000000001,0.233226
Music_D_uLM5i0Z4c,101.04,0.092902
Music_D_uLM5i0Z4c,101.12,0.192621
Music_D_uLM5i0Z4c,101.2,0.088083
Music_D_uLM5i0Z4c,101.28,0.301823
Music_D_uLM5i0Z4c,101.36,0.224291
Music_D_uLM5i0Z4c,101.44,0.848689
Music_D_uLM5i0Z4c,101.52000000000001,0.063695
Music_D_uLM5i0Z4c,101.60000000000001,0.113512
Music_D_uLM5i0Z4c,101.68,0.007589
Music_D_uLM5i0Z4c,101.76,0.029685
Music_D_uLM5i0Z4c,101.84,0.01707
Music_D_uLM5i0Z4c,101.92,0.015989
Music_D_uLM5i0Z4c,102.0,0.017473
Music_D_uLM5i0Z4c,102.08,0.018844
Music_D_uLM5i0Z4c,102.16000000000001,0.006288
Music_D_uLM5i0Z4c,102.24000000000001,0.008969
Music_D_uLM5i0Z4c,102.32000000000001,0.028787
Music_D_uLM5i0Z4c,102.4,0.103628
Music_D_uLM5i0Z4c,102.48,0.114059
Music_D_uLM5i0Z4c,102.56,0.033932
Music_D_uLM5i0Z4c,102.64,0.056576
Music_D_uLM5i0Z4c,102.72,0.175247
Music_D_uLM5i0Z4c,102.8,0.034594
Music_D_uLM5i0Z4c,102.88000000000001,0.052151
Music_D_uLM5i0Z4c,102.96000000000001,0.096558
Music_D_uLM5i0Z4c,103.04,0.121476
Music_D_uLM5i0Z4c,103.12,0.064366
Music_D_uLM5i0Z4c,103.2,0.566619
Music_D_uLM5i0Z4c,103.28,0.23942
Music_D_uLM5i0Z4c,103.36,0.187916
Music_D_uLM5i0Z4c,103.44,0.466983
Music_D_uLM5i0Z4c,103.52000000000001,0.045369
Music_D_uLM5i0Z4c,103.60000000000001,0.115711
Music_D_uLM5i0Z4c,103.68,0.087776
Music_D_uLM5i0Z4c,103.76,0.043311
Music_D_uLM5i0Z4c,103.84,0.010527
Music_D_uLM5i0Z4c,103.92,0.035293
Music_D_uLM5i0Z4c,104.0,0.043209
Music_D_uLM5i0Z4c,104.08,0.068816
Music_D_uLM5i0Z4c,104.16000000000001,0.066609
Music_D_uLM5i0Z4c,104.24000000000001,0.218261
Music_D_uLM5i0Z4c,104.32000000000001,0.136959
Music_D_uLM5i0Z4c,104.4,0.197078
Music_D_uLM5i0Z4c,104.48,0.044825
Music_D_uLM5i0Z4c,104.56,0.348428
Music_D_uLM5i0Z4c,104.64,0.064019
Music_D_uLM5i0Z4c,104.72,0.136359
Music_D_uLM5i0Z4c,104.8,0.013114
Music_D_uLM5i0Z4c,104.88000000000001,0.025166
Music_D_uLM5i0Z4c,104.96000000000001,0.003289
Music_D_uLM5i0Z4c,105.04,0.003
Music_D_uLM5i0Z4c,105.12,0.006585
Music_D_uLM5i0Z4c,105.2,0.004741
Music_D_uLM5i0Z4c,105.28,0.010191
Music_D_uLM5i0Z4c,105.36,0.034428
Music_D_uLM5i0Z4c,105.44,0.017865
Music_D_uLM5i0Z4c,105.52000000000001,0.041744
Music_D_uLM5i0Z4c,105.60000000000001,0.166132
Music_D_uLM5i0Z4c,105.68,0.043941
Music_D_uLM5i0Z4c,105.76,0.214188
Music_D_uLM5i0Z4c,105.84,0.051471
Music_D_uLM5i0Z4c,105.92,0.087712
Music_D_uLM5i0Z4c,106.0,0.096426
Music_D_uLM5i0Z4c,106.08,0.052194
Music_D_uLM5i0Z4c,106.16000000000001,0.188947
Music_D_uLM5i0Z4c,106.24000000000001,0.077977
Music_D_uLM5i0Z4c,106.32000000000001,0.527578
Music_D_uLM5i0Z4c,106.4,0.299841
Music_D_uLM5i0Z4c,106.48,0.148841
Music_D_uLM5i0Z4c,106.56,0.04586
Music_D_uLM5i0Z4c,106.64,0.008807
Music_D_uLM5i0Z4c,106.72,0.010734
Music_D_uLM5i0Z4c,106.8,0.005128
Music_D_uLM5i0Z4c,106.88000000000001,0.010321
Music_D_uLM5i0Z4c,106.96000000000001,0.002246
Music_D_uLM5i0Z4c,107.04,0.025271
Music_D_uLM5i0Z4c,107.12,0.084796
Music_D_uLM5i0Z4c,107.2,0.019071
Music_D_uLM5i0Z4c,107.28,0.037209
Music_D_uLM5i0Z4c,107.36,0.006904
Music_D_uLM5i0Z4c,107.44,0.175929
Music_D_uLM5i0Z4c,107.52000000000001,0.139374
Music_D_uLM5i0Z4c,107.60000000000001,0.550307
Music_D_uLM5i0Z4c,107.68,0.104232
Music_D_uLM5i0Z4c,107.76,0.066093
Music_D_uLM5i0Z4c,107.84,0.009353
Music_D_uLM5i0Z4c,107.92,0.061918
Music_D_uLM5i0Z4c,108.0,0.004369
Music_D_uLM5i0Z4c,108.08,0.019185
Music_D_uLM5i0Z4c,108.16000000000001,0.01942
Music_D_uLM5i0Z4c,108.24000000000001,0.018366
Music_D_uLM5i0Z4c,108.32000000000001,0.027168
Music_D_uLM5i0Z4c,108.4,0.017371
Music_D_uLM5i0Z4c,108.48,0.066966
Music_D_uLM5i0Z4c,108.56,0.059629
Music_D_uLM5i0Z4c,108.64,0.057999
Music_D_uLM5i0Z4c,108.72,0.016803
Music_D_uLM5i0Z4c,108.8,0.048123
Music_D_uLM5i0Z4c,108.88000000000001,0.042734
Music_D_uLM5i0Z4c,108.96000000000001,0.115028
Music_D_uLM5i0Z4c,109.04,0.029039
Music_D_uLM5i0Z4c,109.12,0.072251
Music_D_uLM5i0Z4c,109.2,0.010768
Music_D_uLM5i0Z4c,109.28,0.031343
Music_D_uLM5i0Z4c,109.36,0.04456
Music_D_uLM5i0Z4c,109.44,0.01856
Music_D_uLM5i0Z4c,109.52000000000001,0.06204
Music_D_uLM5i0Z4c,109.60000000000001,0.279683
Music_D_uLM5i0Z4c,109.68,0.49331
Music_D_uLM5i0Z4c,109.76,0.460745
Music_D_uLM5i0Z4c,109.84,0.209998
Music_D_uLM5i0Z4c,109.92,0.025832
Music_D_uLM5i0Z4c,110.0,0.037995
Music_D_uLM5i0Z4c,110.08,0.016498
Music_D_uLM5i0Z4c,110.16000000000001,0.016166
Music_D_uLM5i0Z4c,110.24000000000001,0.0166
Music_D_uLM5i0Z4c,110.32000000000001,0.009776
Music_D_uLM5i0Z4c,110.4,0.040974
Music_D_uLM5i0Z4c,110.48,0.010609
Music_D_uLM5i0Z4c,110.56,0.065666
Music_D_uLM5i0Z4c,110.64,0.163197
Music_D_uLM5i0Z4c,110.72,0.233345
Music_D_uLM5i0Z4c,110.8,0.249778
Music_D_uLM5i0Z4c,110.88000000000001,0.094825
Music_D_uLM5i0Z4c,110.96000000000001,0.012893
Music_D_uLM5i0Z4c,111.04,0.026477
Music_D_uLM5i0Z4c,111.12,0.116692
Music_D_uLM5i0Z4c,111.2,0.034766
Music_D_uLM5i0Z4c,111.28,0.017467
Music_D_uLM5i0Z4c,111.36,0.062857
Music_D_uLM5i0Z4c,111.44,0.018102
Music_D_uLM5i0Z4c,111.52000000000001,0.135889
Music_D_uLM5i0Z4c,111.60000000000001,0.095936
Music_D_uLM5i0Z4c,111.68,0.053889
Music_D_uLM5i0Z4c,111.76,0.100292
Music_D_uLM5i0Z4c,111.84,0.032187
Music_D_uLM5i0Z4c,111.92,0.058743
Music_D_uLM5i0Z4c,112.0,0.017065
Music_D_uLM5i0Z4c,112.08,0.034534
Music_D_uLM5i0Z4c,112.16000000000001,0.01021
Music_D_uLM5i0Z4c,112.24000000000001,0.007355
Music_D_uLM5i0Z4c,112.32000000000001,0.005647
Music_D_uLM5i0Z4c,112.4,0.011448
Music_D_uLM5i0Z4c,112.48,0.014488
Music_D_uLM5i0Z4c,112.56,0.004222
Music_D_uLM5i0Z4c,112.64,0.003436
Music_D_uLM5i0Z4c,112.72,0.000898
Music_D_uLM5i0Z4c,112.8,0.001153
Music_D_uLM5i0Z4c,112.88000000000001,0.005417
Music_D_uLM5i0Z4c,112.96000000000001,0.009587
Music_D_uLM5i0Z4c,113.04,0.011111
Music_D_uLM5i0Z4c,113.12,0.053535
Music_D_uLM5i0Z4c,113.2,0.571642
Music_D_uLM5i0Z4c,113.28,0.05781
Music_D_uLM5i0Z4c,113.36,0.080496
Music_D_uLM5i0Z4c,113.44,0.093219
Music_D_uLM5i0Z4c,113.52000000000001,0.296013
Music_D_uLM5i0Z4c,113.60000000000001,0.250907
Music_D_uLM5i0Z4c,113.68,0.218695
Music_D_uLM5i0Z4c,113.76,0.586232
Music_D_uLM5i0Z4c,113.84,0.35459
Music_D_uLM5i0Z4c,113.92,0.267578
Music_D_uLM5i0Z4c,114.0,0.098968
Music_D_uLM5i0Z4c,114.08,0.01609
Music_D_uLM5i0Z4c,114.16000000000001,0.01436
Music_D_uLM5i0Z4c,114.24000000000001,0.002184
Music_D_uLM5i0Z4c,114.32000000000001,0.001379
Music_D_uLM5i0Z4c,114.4,0.001644
Music_D_uLM5i0Z4c,114.48,0.003022
Music_D_uLM5i0Z4c,114.56,0.006382
Music_D_uLM5i0Z4c,114.64,0.019672
Music_D_uLM5i0Z4c,114.72,0.00486
Music_D_uLM5i0Z4c,114.8,0.032969
Music_D_uLM5i0Z4c,114.88000000000001,0.025112
Music_D_uLM5i0Z4c,114.96000000000001,0.047179
Music_D_uLM5i0Z4c,115.04,0.049529
Music_D_uLM5i0Z4c,115.12,0.070646
Music_D_uLM5i0Z4c,115.2,0.022003
Music_D_uLM5i0Z4c,115.28,0.048174
Music_D_uLM5i0Z4c,115.36,0.115643
Music_D_uLM5i0Z4c,115.44,0.665952
Music_D_uLM5i0Z4c,115.52000000000001,0.666424
Music_D_uLM5i0Z4c,115.60000000000001,0.057518
Music_D_uLM5i0Z4c,115.68,0.07715
Music_D_uLM5i0Z4c,115.76,0.052348
Music_D_uLM5i0Z4c,115.84,0.085525
Music_D_uLM5i0Z4c,115.92,0.039975
Music_D_uLM5i0Z4c,116.0,0.028263
Music_D_uLM5i0Z4c,116.08,0.025484
Music_D_uLM5i0Z4c,116.16000000000001,0.012003
Music_D_uLM5i0Z4c,116.24000000000001,0.039884
Music_D_uLM5i0Z4c,116.32000000000001,0.00972
Music_D_uLM5i0Z4c,116.4,0.014842
Music_D_uLM5i0Z4c,116.48,0.020032
Music_D_uLM5i0Z4c,116.56,0.008129
Music_D_uLM5i0Z4c,116.64,0.017384
Music_D_uLM5i0Z4c,116.72,0.016802
Music_D_uLM5i0Z4c,116.8,0.075114
Music_D_uLM5i0Z4c,116.88000000000001,0.038736
Music_D_uLM5i0Z4c,116.96000000000001,0.088509
Music_D_uLM5i0Z4c,117.04,0.044992
Music_D_uLM5i0Z4c,117.12,0.042606
Music_D_uLM5i0Z4c,117.2,0.020658
Music_D_uLM5i0Z4c,117.28,0.000886
Music_D_uLM5i0Z4c,117.36,0.014422
Music_D_uLM5i0Z4c,117.44,0.003361
Music_D_uLM5i0Z4c,117.52000000000001,0.008391
Music_D_uLM5i0Z4c,117.60000000000001,0.002821
Music_D_uLM5i0Z4c,117.68,0.001364
Music_D_uLM5i0Z4c,117.76,0.007179
Music_D_uLM5i0Z4c,117.84,0.012643
Music_D_uLM5i0Z4c,117.92,0.015403
Music_D_uLM5i0Z4c,118.0,0.001909
Music_D_uLM5i0Z4c,118.08,0.003389
Music_D_uLM5i0Z4c,118.16000000000001,0.004522
Music_D_uLM5i0Z4c,118.24000000000001,0.020276
Music_D_uLM5i0Z4c,118.32000000000001,0.010341
Music_D_uLM5i0Z4c,118.4,0.009258
Music_D_uLM5i0Z4c,118.48,0.035517
Music_D_uLM5i0Z4c,118.56,0.055735
Music_D_uLM5i0Z4c,118.64,0.015083
Music_D_uLM5i0Z4c,118.72,0.067746
Music_D_uLM5i0Z4c,118.8,0.066863
Music_D_uLM5i0Z4c,118.88000000000001,0.054631
Music_D_uLM5i0Z4c,118.96000000000001,0.071982
Music_D_uLM5i0Z4c,119.04,0.019837
Music_D_uLM5i0Z4c,119.12,0.056701
Music_D_uLM5i0Z4c,119.2,0.057128
Music_D_uLM5i0Z4c,119.28,0.042149
Music_D_uLM5i0Z4c,119.36,0.0591
Music_D_uLM5i0Z4c,119.44,0.359455
Asm_3OfnqBTIGs4,0.48,0.000349
Asm_3OfnqBTIGs4,0.5599999999999999,0.000259
Asm_3OfnqBTIGs4,0.64,0.000808
Asm_3OfnqBTIGs4,0.72,0.001175
Asm_3OfnqBTIGs4,0.8,0.003501
Asm_3OfnqBTIGs4,0.88,0.004194
Asm_3OfnqBTIGs4,0.96,0.001332
Asm_3OfnqBTIGs4,1.04,8e-06
Asm_3OfnqBTIGs4,1.12,2e-06
Asm_3OfnqBTIGs4,1.2,0.0
Asm_3OfnqBTIGs4,1.28,0.0
Asm_3OfnqBTIGs4,1.3599999999999999,1e-06
Asm_3OfnqBTIGs4,1.44,0.0
Asm_3OfnqBTIGs4,1.52,2e-06
Asm_3OfnqBTIGs4,1.6,7e-06
Asm_3OfnqBTIGs4,1.68,0.0
Asm_3OfnqBTIGs4,1.76,0.0
Asm_3OfnqBTIGs4,1.84,0.0
Asm_3OfnqBTIGs4,1.92,0.0
Asm_3OfnqBTIGs4,2.0,4.8e-05
Asm_3OfnqBTIGs4,2.08,0.000786
Asm_3OfnqBTIGs4,2.16,0.000153
Asm_3OfnqBTIGs4,2.24,0.000245
Asm_3OfnqBTIGs4,2.3200000000000003,0.000232
Asm_3OfnqBTIGs4,2.4,0.000176
Asm_3OfnqBTIGs4,2.48,0.000145
Asm_3OfnqBTIGs4,2.56,0.0
Asm_3OfnqBTIGs4,2.64,0.000235
Asm_3OfnqBTIGs4,2.72,0.00621
Asm_3OfnqBTIGs4,2.8,0.010732
Asm_3OfnqBTIGs4,2.88,0.008145
Asm_3OfnqBTIGs4,2.96,0.005142
Asm_3OfnqBTIGs4,3.04,3.3e-05
Asm_3OfnqBTIGs4,3.12,0.001737
Asm_3OfnqBTIGs4,3.2,8e-05
Asm_3OfnqBTIGs4,3.28,2.6e-05
Asm_3OfnqBTIGs4,3.36,4.3e-05
Asm_3OfnqBTIGs4,3.44,5.2e-05
Asm_3OfnqBTIGs4,3.52,0.005626
Asm_3OfnqBTIGs4,3.6,0.013197
Asm_3OfnqBTIGs4,3.68,0.008012
Asm_3OfnqBTIGs4,3.76,0.002765
Asm_3OfnqBTIGs4,3.84,0.004133
Asm_3OfnqBTIGs4,3.92,0.001176
Asm_3OfnqBTIGs4,4.0,0.001923
Asm_3OfnqBTIGs4,4.08,0.000357
Asm_3OfnqBTIGs4,4.16,0.001364
Asm_3OfnqBTIGs4,4.24,0.002122
Asm_3OfnqBTIGs4,4.32,0.000423
Asm_3OfnqBTIGs4,4.4,0.00066
Asm_3OfnqBTIGs4,4.48,0.0
Asm_3OfnqBTIGs4,4.5600000000000005,0.0
Asm_3OfnqBTIGs4,4.640000000000001,0.0
Asm_3OfnqBTIGs4,4.720000000000001,0.0
Asm_3OfnqBTIGs4,4.800000000000001,0.0
Asm_3OfnqBTIGs4,4.880000000000001,0.0
Asm_3OfnqBTIGs4,4.960000000000001,0.0
Asm_3OfnqBTIGs4,5.039999999999999,0.0
Asm_3OfnqBTIGs4,5.119999999999999,0.001587
Asm_3OfnqBTIGs4,5.199999999999999,0.005575
Asm_3OfnqBTIGs4,5.279999999999999,0.019916
Asm_3OfnqBTIGs4,5.359999999999999,0.012903
Asm_3OfnqBTIGs4,5.4399999999999995,0.015832
Asm_3OfnqBTIGs4,5.52,0.015751
Asm_3OfnqBTIGs4,5.6,0.020949
Asm_3OfnqBTIGs4,5.68,0.041547
Asm_3OfnqBTIGs4,5.76,0.019272
Asm_3OfnqBTIGs4,5.84,0.011793
Asm_3OfnqBTIGs4,5.92,0.038024
Asm_3OfnqBTIGs4,6.0,0.042225
Asm_3OfnqBTIGs4,6.08,0.009882
Asm_3OfnqBTIGs4,6.16,0.012708
Asm_3OfnqBTIGs4,6.24,0.014152
Asm_3OfnqBTIGs4,6.32,0.00875
Asm_3OfnqBTIGs4,6.4,0.025473
Asm_3OfnqBTIGs4,6.48,0.009427
Asm_3OfnqBTIGs4,6.5600000000000005,0.014829
Asm_3OfnqBTIGs4,6.640000000000001,0.00667
Asm_3OfnqBTIGs4,6.720000000000001,0.017095
Asm_3OfnqBTIGs4,6.800000000000001,0.010379
Asm_3OfnqBTIGs4,6.880000000000001,0.011472
Asm_3OfnqBTIGs4,6.960000000000001,0.007647
Asm_3OfnqBTIGs4,7.039999999999999,0.001877
Asm_3OfnqBTIGs4,7.119999999999999,0.001179
Asm_3OfnqBTIGs4,7.199999999999999,0.001062
Asm_3OfnqBTIGs4,7.279999999999999,0.000552
Asm_3OfnqBTIGs4,7.359999999999999,0.000531
Asm_3OfnqBTIGs4,7.4399999999999995,0.000324
Asm_3OfnqBTIGs4,7.52,0.00196
Asm_3OfnqBTIGs4,7.6,0.006329
Asm_3OfnqBTIGs4,7.68,0.006898
Asm_3OfnqBTIGs4,7.76,0.012755
Asm_3OfnqBTIGs4,7.84,0.007693
Asm_3OfnqBTIGs4,7.92,0.032944
Asm_3OfnqBTIGs4,8.0,0.008346
Asm_3OfnqBTIGs4,8.08,0.032292
Asm_3OfnqBTIGs4,8.16,0.016726
Asm_3OfnqBTIGs4,8.24,0.028034
Asm_3OfnqBTIGs4,8.32,0.01461
Asm_3OfnqBTIGs4,8.4,0.01804
Asm_3OfnqBTIGs4,8.48,0.009281
Asm_3OfnqBTIGs4,8.56,0.016508
Asm_3OfnqBTIGs4,8.64,0.006125
Asm_3OfnqBTIGs4,8.72,0.008845
Asm_3OfnqBTIGs4,8.8,0.005911
Asm_3OfnqBTIGs4,8.88,0.0079
Asm_3OfnqBTIGs4,8.96,0.005512
Asm_3OfnqBTIGs4,9.040000000000001,0.008573
Asm_3OfnqBTIGs4,9.120000000000001,0.007045
Asm_3OfnqBTIGs4,9.200000000000001,0.024302
Asm_3OfnqBTIGs4,9.280000000000001,0.009323
Asm_3OfnqBTIGs4,9.360000000000001,0.005698
Asm_3OfnqBTIGs4,9.440000000000001,0.007244
Asm_3OfnqBTIGs4,9.52,0.003923
Asm_3OfnqBTIGs4,9.6,0.002165
Asm_3OfnqBTIGs4,9.68,0.000835
Asm_3OfnqBTIGs4,9.76,0.001018
Asm_3OfnqBTIGs4,9.84,0.000138
Asm_3OfnqBTIGs4,9.92,0.002638
Asm_3OfnqBTIGs4,10.0,0.001226
Asm_3OfnqBTIGs4,10.08,0.000297
Asm_3OfnqBTIGs4,10.16,0.008966
Asm_3OfnqBTIGs4,10.24,0.013459
Asm_3OfnqBTIGs4,10.32,0.016288
Asm_3OfnqBTIGs4,10.4,0.007436
Asm_3OfnqBTIGs4,10.48,0.017261
Asm_3OfnqBTIGs4,10.56,0.009782
Asm_3OfnqBTIGs4,10.64,0.011509
Asm_3OfnqBTIGs4,10.72,0.016768
Asm_3OfnqBTIGs4,10.8,0.013217
Asm_3OfnqBTIGs4,10.88,0.00793
Asm_3OfnqBTIGs4,10.96,0.029944
Asm_3OfnqBTIGs4,11.040000000000001,0.025579
Asm_3OfnqBTIGs4,11.120000000000001,0.014993
Asm_3OfnqBTIGs4,11.200000000000001,0.005966
Asm_3OfnqBTIGs4,11.280000000000001,0.00481
Asm_3OfnqBTIGs4,11.360000000000001,0.009294
Asm_3OfnqBTIGs4,11.440000000000001,0.006957
Asm_3OfnqBTIGs4,11.52,0.00798
Asm_3OfnqBTIGs4,11.6,0.00368
Asm_3OfnqBTIGs4,11.68,0.010709
Asm_3OfnqBTIGs4,11.76,0.002658
Asm_3OfnqBTIGs4,11.84,0.008001
Asm_3OfnqBTIGs4,11.92,0.007869
Asm_3OfnqBTIGs4,12.0,0.003145
Asm_3OfnqBTIGs4,12.08,0.009117
Asm_3OfnqBTIGs4,12.16,0.004324
Asm_3OfnqBTIGs4,12.24,0.003296
Asm_3OfnqBTIGs4,12.32,0.002597
Asm_3OfnqBTIGs4,12.4,0.010469
Asm_3OfnqBTIGs4,12.48,0.009759
Asm_3OfnqBTIGs4,12.56,0.006343
Asm_3OfnqBTIGs4,12.64,0.002838
Asm_3OfnqBTIGs4,12.72,0.001835
Asm_3OfnqBTIGs4,12.8,0.000923
Asm_3OfnqBTIGs4,12.88,0.000611
Asm_3OfnqBTIGs4,12.96,6e-06
Asm_3OfnqBTIGs4,13.040000000000001,4.4e-05
Asm_3OfnqBTIGs4,13.120000000000001,2e-05
Asm_3OfnqBTIGs4,13.200000000000001,0.000155
Asm_3OfnqBTIGs4,13.280000000000001,0.003433
Asm_3OfnqBTIGs4,13.360000000000001,0.007578
Asm_3OfnqBTIGs4,13.440000000000001,0.014023
Asm_3OfnqBTIGs4,13.52,0.025088
Asm_3OfnqBTIGs4,13.6,0.006349
Asm_3OfnqBTIGs4,13.68,0.004777
Asm_3OfnqBTIGs4,13.76,0.020062
Asm_3OfnqBTIGs4,13.84,0.035278
Asm_3OfnqBTIGs4,13.92,0.051957
Asm_3OfnqBTIGs4,14.0,0.036515
Asm_3OfnqBTIGs4,14.08,0.055208
Asm_3OfnqBTIGs4,14.16,0.056906
Asm_3OfnqBTIGs4,14.24,0.042012
Asm_3OfnqBTIGs4,14.32,0.011934
Asm_3OfnqBTIGs4,14.4,0.011192
Asm_3OfnqBTIGs4,14.48,0.020002
Asm_3OfnqBTIGs4,14.56,0.044893
Asm_3OfnqBTIGs4,14.64,0.031395
Asm_3OfnqBTIGs4,14.72,0.045536
Asm_3OfnqBTIGs4,14.8,0.021098
Asm_3OfnqBTIGs4,14.88,0.013844
Asm_3OfnqBTIGs4,14.96,0.013871
Asm_3OfnqBTIGs4,15.040000000000001,0.013313
Asm_3OfnqBTIGs4,15.120000000000001,0.010516
Asm_3OfnqBTIGs4,15.200000000000001,0.006554
Asm_3OfnqBTIGs4,15.280000000000001,0.012371
Asm_3OfnqBTIGs4,15.360000000000001,0.016854
Asm_3OfnqBTIGs4,15.440000000000001,0.007483
Asm_3OfnqBTIGs4,15.52,0.014633
Asm_3OfnqBTIGs4,15.6,0.04478
Asm_3OfnqBTIGs4,15.68,0.049719
Asm_3OfnqBTIGs4,15.76,0.037884
Asm_3OfnqBTIGs4,15.84,0.019758
Asm_3OfnqBTIGs4,15.92,0.018771
Asm_3OfnqBTIGs4,16.0,0.017166
Asm_3OfnqBTIGs4,16.08,0.00713
Asm_3OfnqBTIGs4,16.16,0.004323
Asm_3OfnqBTIGs4,16.24,0.006332
Asm_3OfnqBTIGs4,16.32,0.010808
Asm_3OfnqBTIGs4,16.4,0.003595
Asm_3OfnqBTIGs4,16.48,0.004951
Asm_3OfnqBTIGs4,16.56,0.005314
Asm_3OfnqBTIGs4,16.64,0.007719
Asm_3OfnqBTIGs4,16.72,0.002582
Asm_3OfnqBTIGs4,16.8,0.012139
Asm_3OfnqBTIGs4,16.88,0.004632
Asm_3OfnqBTIGs4,16.96,0.011416
Asm_3OfnqBTIGs4,17.04,0.007869
Asm_3OfnqBTIGs4,17.12,0.013164
Asm_3OfnqBTIGs4,17.2,0.013664
Asm_3OfnqBTIGs4,17.28,0.007026
Asm_3OfnqBTIGs4,17.36,0.015933
Asm_3OfnqBTIGs4,17.44,0.006856
Asm_3OfnqBTIGs4,17.52,0.005892
Asm_3OfnqBTIGs4,17.6,0.00727
Asm_3OfnqBTIGs4,17.68,0.005172
Asm_3OfnqBTIGs4,17.76,0.00612
Asm_3OfnqBTIGs4,17.84,0.01179
Asm_3OfnqBTIGs4,17.92,0.018466
Asm_3OfnqBTIGs4,18.0,0.010253
Asm_3OfnqBTIGs4,18.080000000000002,0.021421
Asm_3OfnqBTIGs4,18.16,0.012351
Asm_3OfnqBTIGs4,18.240000000000002,0.020028
Asm_3OfnqBTIGs4,18.32,0.021135
Asm_3OfnqBTIGs4,18.400000000000002,0.035553
Asm_3OfnqBTIGs4,18.48,0.01851
Asm_3OfnqBTIGs4,18.56,0.011815
Asm_3OfnqBTIGs4,18.64,0.022844
Asm_3OfnqBTIGs4,18.72,0.008303
Asm_3OfnqBTIGs4,18.8,0.005888
Asm_3OfnqBTIGs4,18.88,0.007053
Asm_3OfnqBTIGs4,18.96,0.003178
Asm_3OfnqBTIGs4,19.04,0.013789
Asm_3OfnqBTIGs4,19.12,0.012372
Asm_3OfnqBTIGs4,19.2,0.028529
Asm_3OfnqBTIGs4,19.28,0.016955
Asm_3OfnqBTIGs4,19.36,0.044011
Asm_3OfnqBTIGs4,19.44,0.02716
Asm_3OfnqBTIGs4,19.52,0.021999
Asm_3OfnqBTIGs4,19.6,0.009539
Asm_3OfnqBTIGs4,19.68,0.01938
Asm_3OfnqBTIGs4,19.76,0.01208
Asm_3OfnqBTIGs4,19.84,0.021749
Asm_3OfnqBTIGs4,19.92,0.009991
Asm_3OfnqBTIGs4,20.0,0.013127
Asm_3OfnqBTIGs4,20.080000000000002,0.022591
Asm_3OfnqBTIGs4,20.16,0.027504
Asm_3OfnqBTIGs4,20.240000000000002,0.014045
Asm_3OfnqBTIGs4,20.32,0.019943
Asm_3OfnqBTIGs4,20.400000000000002,0.010693
Asm_3OfnqBTIGs4,20.48,0.021925
Asm_3OfnqBTIGs4,20.56,0.06401
Asm_3OfnqBTIGs4,20.64,0.022612
Asm_3OfnqBTIGs4,20.72,0.03242
Asm_3OfnqBTIGs4,20.8,0.009475
Asm_3OfnqBTIGs4,20.88,0.010997
Asm_3OfnqBTIGs4,20.96,0.010283
Asm_3OfnqBTIGs4,21.04,0.007265
Asm_3OfnqBTIGs4,21.12,0.009655
Asm_3OfnqBTIGs4,21.2,0.018816
Asm_3OfnqBTIGs4,21.28,0.060109
Asm_3OfnqBTIGs4,21.36,0.026058
Asm_3OfnqBTIGs4,21.44,0.014305
Asm_3OfnqBTIGs4,21.52,0.009454
Asm_3OfnqBTIGs4,21.6,0.028184
Asm_3OfnqBTIGs4,21.68,0.014942
Asm_3OfnqBTIGs4,21.76,0.02214
Asm_3OfnqBTIGs4,21.84,0.010744
Asm_3OfnqBTIGs4,21.92,0.015752
Asm_3OfnqBTIGs4,22.0,0.008195
Asm_3OfnqBTIGs4,22.080000000000002,0.007828
Asm_3OfnqBTIGs4,22.16,0.004282
Asm_3OfnqBTIGs4,22.240000000000002,0.001129
Asm_3OfnqBTIGs4,22.32,0.001477
Asm_3OfnqBTIGs4,22.400000000000002,0.000593
Asm_3OfnqBTIGs4,22.48,0.000764
Asm_3OfnqBTIGs4,22.56,0.00339
Asm_3OfnqBTIGs4,22.64,0.006539
Asm_3OfnqBTIGs4,22.72,0.007025
Asm_3OfnqBTIGs4,22.8,0.024269
Asm_3OfnqBTIGs4,22.88,0.071973
Asm_3OfnqBTIGs4,22.96,0.10796
Asm_3OfnqBTIGs4,23.04,0.018229
Asm_3OfnqBTIGs4,23.12,0.000912
Asm_3OfnqBTIGs4,23.2,1e-06
Asm_3OfnqBTIGs4,23.28,0.0
Asm_3OfnqBTIGs4,23.36,0.0
Asm_3OfnqBTIGs4,23.44,0.0
Asm_3OfnqBTIGs4,23.52,0.0
Asm_3OfnqBTIGs4,23.6,0.0
Asm_3OfnqBTIGs4,23.68,0.000266
Asm_3OfnqBTIGs4,23.76,0.00221
Asm_3OfnqBTIGs4,23.84,0.003501
Asm_3OfnqBTIGs4,23.92,0.003703
Asm_3OfnqBTIGs4,24.0,0.004993
Asm_3OfnqBTIGs4,24.080000000000002,0.003966
Asm_3OfnqBTIGs4,24.16,0.014879
Asm_3OfnqBTIGs4,24.240000000000002,0.020675
Asm_3OfnqBTIGs4,24.32,0.010966
Asm_3OfnqBTIGs4,24.400000000000002,0.002953
Asm_3OfnqBTIGs4,24.48,0.001461
Asm_3OfnqBTIGs4,24.56,0.002268
Asm_3OfnqBTIGs4,24.64,0.002763
Asm_3OfnqBTIGs4,24.72,0.007825
Asm_3OfnqBTIGs4,24.8,0.005288
Asm_3OfnqBTIGs4,24.88,0.006077
Asm_3OfnqBTIGs4,24.96,0.005967
Asm_3OfnqBTIGs4,25.04,0.018019
Asm_3OfnqBTIGs4,25.12,0.010569
Asm_3OfnqBTIGs4,25.2,0.026356
Asm_3OfnqBTIGs4,25.28,0.023854
Asm_3OfnqBTIGs4,25.36,0.061822
Asm_3OfnqBTIGs4,25.44,0.065753
Asm_3OfnqBTIGs4,25.52,0.032195
Asm_3OfnqBTIGs4,25.6,0.022998
Asm_3OfnqBTIGs4,25.68,0.018356
Asm_3OfnqBTIGs4,25.76,0.010871
Asm_3OfnqBTIGs4,25.84,0.00575
Asm_3OfnqBTIGs4,25.92,0.007594
Asm_3OfnqBTIGs4,26.0,0.001954
Asm_3OfnqBTIGs4,26.080000000000002,0.002593
Asm_3OfnqBTIGs4,26.16,0.001769
Asm_3OfnqBTIGs4,26.240000000000002,0.003442
Asm_3OfnqBTIGs4,26.32,0.004303
Asm_3OfnqBTIGs4,26.400000000000002,0.007042
Asm_3OfnqBTIGs4,26.48,0.011668
Asm_3OfnqBTIGs4,26.56,0.021171
Asm_3OfnqBTIGs4,26.64,0.062875
Asm_3OfnqBTIGs4,26.72,0.046602
Asm_3OfnqBTIGs4,26.8,0.012178
Asm_3OfnqBTIGs4,26.88,0.000384
Asm_3OfnqBTIGs4,26.96,0.00084
Asm_3OfnqBTIGs4,27.04,0.15321
Asm_3OfnqBTIGs4,27.12,0.168556
Asm_3OfnqBTIGs4,27.2,0.117217
Asm_3OfnqBTIGs4,27.28,0.037749
Asm_3OfnqBTIGs4,27.36,0.169429
Asm_3OfnqBTIGs4,27.44,0.032519
Asm_3OfnqBTIGs4,27.52,0.116419
Asm_3OfnqBTIGs4,27.6,0.078862
Asm_3OfnqBTIGs4,27.68,0.065443
Asm_3OfnqBTIGs4,27.76,0.130153
Asm_3OfnqBTIGs4,27.84,0.459454
Asm_3OfnqBTIGs4,27.92,0.040368
Asm_3OfnqBTIGs4,28.0,0.024056
Asm_3OfnqBTIGs4,28.080000000000002,0.046825
Asm_3OfnqBTIGs4,28.16,0.039948
Asm_3OfnqBTIGs4,28.240000000000002,0.051653
Asm_3OfnqBTIGs4,28.32,0.047478
Asm_3OfnqBTIGs4,28.400000000000002,0.032284
Asm_3OfnqBTIGs4,28.48,0.033703
Asm_3OfnqBTIGs4,28.56,0.070297
Asm_3OfnqBTIGs4,28.64,0.035028
Asm_3OfnqBTIGs4,28.72,0.032568
Asm_3OfnqBTIGs4,28.8,0.009807
Asm_3OfnqBTIGs4,28.88,0.023236
Asm_3OfnqBTIGs4,28.96,0.041264
Asm_3OfnqBTIGs4,29.04,0.055521
Asm_3OfnqBTIGs4,29.12,0.030297
Asm_3OfnqBTIGs4,29.2,0.00289
Asm_3OfnqBTIGs4,29.28,2.5e-05
Asm_3OfnqBTIGs4,29.36,7.5e-05
Asm_3OfnqBTIGs4,29.44,3e-06
Asm_3OfnqBTIGs4,29.52,0.007397
Asm_3OfnqBTIGs4,29.6,0.019046
Asm_3OfnqBTIGs4,29.68,0.051718
Asm_3OfnqBTIGs4,29.76,0.038233
Asm_3OfnqBTIGs4,29.84,0.083001
Asm_3OfnqBTIGs4,29.92,0.032235
Asm_3OfnqBTIGs4,30.0,0.05944
Asm_3OfnqBTIGs4,30.080000000000002,0.114829
Asm_3OfnqBTIGs4,30.16,0.107777
Asm_3OfnqBTIGs4,30.240000000000002,0.126207
Asm_3OfnqBTIGs4,30.32,0.089803
Asm_3OfnqBTIGs4,30.400000000000002,0.134122
Asm_3OfnqBTIGs4,30.48,0.9793
Asm_3OfnqBTIGs4,30.56,0.962845
Asm_3OfnqBTIGs4,30.64,0.94062
Asm_3OfnqBTIGs4,30.72,0.874289
Asm_3OfnqBTIGs4,30.8,0.629839
Asm_3OfnqBTIGs4,30.88,0.471579
Asm_3OfnqBTIGs4,30.96,0.341993
Asm_3OfnqBTIGs4,31.04,0.956833
Asm_3OfnqBTIGs4,31.12,0.99917
Asm_3OfnqBTIGs4,31.2,0.934063
Asm_3OfnqBTIGs4,31.28,0.7815
Asm_3OfnqBTIGs4,31.36,0.810359
Asm_3OfnqBTIGs4,31.44,0.613973
Asm_3OfnqBTIGs4,31.52,0.951004
Asm_3OfnqBTIGs4,31.6,0.929141
Asm_3OfnqBTIGs4,31.68,0.681121
Asm_3OfnqBTIGs4,31.76,0.178734
Asm_3OfnqBTIGs4,31.84,0.274727
Asm_3OfnqBTIGs4,31.92,0.027704
Asm_3OfnqBTIGs4,32.0,0.653694
Asm_3OfnqBTIGs4,32.08,0.147085
Asm_3OfnqBTIGs4,32.16,0.756183
Asm_3OfnqBTIGs4,32.24,0.817359
Asm_3OfnqBTIGs4,32.32,0.071702
Asm_3OfnqBTIGs4,32.4,0.848184
Asm_3OfnqBTIGs4,32.48,0.815502
Asm_3OfnqBTIGs4,32.559999999999995,0.767029
Asm_3OfnqBTIGs4,32.63999999999999,0.286339
Asm_3OfnqBTIGs4,32.72,0.221302
Asm_3OfnqBTIGs4,32.8,0.204602
Asm_3OfnqBTIGs4,32.879999999999995,0.221997
Asm_3OfnqBTIGs4,32.959999999999994,0.115367
Asm_3OfnqBTIGs4,33.04,0.366778
Asm_3OfnqBTIGs4,33.12,0.835879
Asm_3OfnqBTIGs4,33.199999999999996,0.868299
Asm_3OfnqBTIGs4,33.279999999999994,0.981677
Asm_3OfnqBTIGs4,33.36,0.971679
Asm_3OfnqBTIGs4,33.44,0.9051
Asm_3OfnqBTIGs4,33.519999999999996,0.957806
Asm_3OfnqBTIGs4,33.599999999999994,0.974601
Asm_3OfnqBTIGs4,33.68,0.884667
Asm_3OfnqBTIGs4,33.76,0.457822
Asm_3OfnqBTIGs4,33.839999999999996,0.989745
Asm_3OfnqBTIGs4,33.919999999999995,0.878301
Asm_3OfnqBTIGs4,34.0,0.927386
Asm_3OfnqBTIGs4,34.08,0.943031
Asm_3OfnqBTIGs4,34.16,0.930688
Asm_3OfnqBTIGs4,34.239999999999995,0.989181
Asm_3OfnqBTIGs4,34.32,0.872329
Asm_3OfnqBTIGs4,34.4,0.790787
Asm_3OfnqBTIGs4,34.48,0.773849
Asm_3OfnqBTIGs4,34.559999999999995,0.986605
Asm_3OfnqBTIGs4,34.63999999999999,0.704244
Asm_3OfnqBTIGs4,34.72,0.288498
Asm_3OfnqBTIGs4,34.8,0.457319
Asm_3OfnqBTIGs4,34.879999999999995,0.679467
Asm_3OfnqBTIGs4,34.959999999999994,0.236051
Asm_3OfnqBTIGs4,35.04,0.845236
Asm_3OfnqBTIGs4,35.12,0.863493
Asm_3OfnqBTIGs4,35.199999999999996,0.078632
Asm_3OfnqBTIGs4,35.279999999999994,0.178147
Asm_3OfnqBTIGs4,35.36,0.130179
Asm_3OfnqBTIGs4,35.44,0.83339
Asm_3OfnqBTIGs4,35.519999999999996,0.134334
Asm_3OfnqBTIGs4,35.599999999999994,0.780923
Asm_3OfnqBTIGs4,35.68,0.083664
Asm_3OfnqBTIGs4,35.76,0.091288
Asm_3OfnqBTIGs4,35.839999999999996,0.188364
Asm_3OfnqBTIGs4,35.919999999999995,0.160045
Asm_3OfnqBTIGs4,36.0,0.914026
Asm_3OfnqBTIGs4,36.08,0.189512
Asm_3OfnqBTIGs4,36.16,0.204286
Asm_3OfnqBTIGs4,36.239999999999995,0.176857
Asm_3OfnqBTIGs4,36.32,0.025219
Asm_3OfnqBTIGs4,36.4,0.164507
Asm_3OfnqBTIGs4,36.48,0.2052
Asm_3OfnqBTIGs4,36.559999999999995,0.020069
Asm_3OfnqBTIGs4,36.63999999999999,0.003343
Asm_3OfnqBTIGs4,36.72,0.007539
Asm_3OfnqBTIGs4,36.8,0.005261
Asm_3OfnqBTIGs4,36.879999999999995,0.001741
Asm_3OfnqBTIGs4,36.959999999999994,0.002084
Asm_3OfnqBTIGs4,37.04,0.010748
Asm_3OfnqBTIGs4,37.12,0.023732
Asm_3OfnqBTIGs4,37.199999999999996,0.019751
Asm_3OfnqBTIGs4,37.279999999999994,0.017691
Asm_3OfnqBTIGs4,37.36,0.041576
Asm_3OfnqBTIGs4,37.44,0.133571
Asm_3OfnqBTIGs4,37.519999999999996,0.071406
Asm_3OfnqBTIGs4,37.599999999999994,0.459252
Asm_3OfnqBTIGs4,37.68,0.718521
Asm_3OfnqBTIGs4,37.76,0.675018
Asm_3OfnqBTIGs4,37.839999999999996,0.273504
Asm_3OfnqBTIGs4,37.919999999999995,0.929921
Asm_3OfnqBTIGs4,38.0,0.472373
Asm_3OfnqBTIGs4,38.08,0.936988
Asm_3OfnqBTIGs4,38.16,0.275936
Asm_3OfnqBTIGs4,38.239999999999995,0.738098
Asm_3OfnqBTIGs4,38.32,0.112961
Asm_3OfnqBTIGs4,38.4,0.483109
Asm_3OfnqBTIGs4,38.48,0.059128
Asm_3OfnqBTIGs4,38.559999999999995,0.023449
Asm_3OfnqBTIGs4,38.63999999999999,0.05984
Asm_3OfnqBTIGs4,38.72,0.02814
Asm_3OfnqBTIGs4,38.8,0.000685
Asm_3OfnqBTIGs4,38.879999999999995,0.001976
Asm_3OfnqBTIGs4,38.959999999999994,0.005686
Asm_3OfnqBTIGs4,39.04,0.016098
Asm_3OfnqBTIGs4,39.12,0.00744
Asm_3OfnqBTIGs4,39.199999999999996,0.010492
Asm_3OfnqBTIGs4,39.279999999999994,0.022296
Asm_3OfnqBTIGs4,39.36,0.016016
Asm_3OfnqBTIGs4,39.44,0.010918
Asm_3OfnqBTIGs4,39.519999999999996,0.004706
Asm_3OfnqBTIGs4,39.599999999999994,0.003038
Asm_3OfnqBTIGs4,39.68,0.00126
Asm_3OfnqBTIGs4,39.76,0.002437
Asm_3OfnqBTIGs4,39.839999999999996,0.003937
Asm_3OfnqBTIGs4,39.919999999999995,0.00216
Asm_3OfnqBTIGs4,40.0,0.009381
Asm_3OfnqBTIGs4,40.08,0.01269
Asm_3OfnqBTIGs4,40.16,0.019492
Asm_3OfnqBTIGs4,40.239999999999995,0.013823
Asm_3OfnqBTIGs4,40.32,0.025092
Asm_3OfnqBTIGs4,40.4,0.006602
Asm_3OfnqBTIGs4,40.48,0.005454
Asm_3OfnqBTIGs4,40.559999999999995,0.009874
Asm_3OfnqBTIGs4,40.63999999999999,0.010612
Asm_3OfnqBTIGs4,40.72,0.008539
Asm_3OfnqBTIGs4,40.8,0.007708
Asm_3OfnqBTIGs4,40.879999999999995,0.006122
Asm_3OfnqBTIGs4,40.959999999999994,0.004072
Asm_3OfnqBTIGs4,41.04,0.00577
Asm_3OfnqBTIGs4,41.12,0.002397
Asm_3OfnqBTIGs4,41.199999999999996,0.008089
Asm_3OfnqBTIGs4,41.279999999999994,0.015151
Asm_3OfnqBTIGs4,41.36,0.038684
Asm_3OfnqBTIGs4,41.44,0.009955
Asm_3OfnqBTIGs4,41.519999999999996,0.009291
Asm_3OfnqBTIGs4,41.599999999999994,0.010856
Asm_3OfnqBTIGs4,41.68,0.00541
Asm_3OfnqBTIGs4,41.76,0.00284
Asm_3OfnqBTIGs4,41.839999999999996,0.005988
Asm_3OfnqBTIGs4,41.919999999999995,0.004065
Asm_3OfnqBTIGs4,42.0,0.007207
Asm_3OfnqBTIGs4,42.08,0.012723
Asm_3OfnqBTIGs4,42.16,0.015354
Asm_3OfnqBTIGs4,42.239999999999995,0.027288
Asm_3OfnqBTIGs4,42.32,0.00705
Asm_3OfnqBTIGs4,42.4,0.039858
Asm_3OfnqBTIGs4,42.48,0.033692
Asm_3OfnqBTIGs4,42.559999999999995,0.019113
Asm_3OfnqBTIGs4,42.63999999999999,0.012164
Asm_3OfnqBTIGs4,42.72,0.002946
Asm_3OfnqBTIGs4,42.8,0.005721
Asm_3OfnqBTIGs4,42.879999999999995,0.001309
Asm_3OfnqBTIGs4,42.959999999999994,0.004244
Asm_3OfnqBTIGs4,43.04,0.002189
Asm_3OfnqBTIGs4,43.12,0.0
Asm_3OfnqBTIGs4,43.199999999999996,0.0
Asm_3OfnqBTIGs4,43.279999999999994,0.0
Asm_3OfnqBTIGs4,43.36,0.0
Asm_3OfnqBTIGs4,43.44,0.0
Asm_3OfnqBTIGs4,43.519999999999996,0.0
Asm_3OfnqBTIGs4,43.599999999999994,0.0
Asm_3OfnqBTIGs4,43.68,0.0
Asm_3OfnqBTIGs4,43.76,0.0
Asm_3OfnqBTIGs4,43.839999999999996,0.0
Asm_3OfnqBTIGs4,43.919999999999995,0.0
Asm_3OfnqBTIGs4,44.0,0.0
Asm_3OfnqBTIGs4,44.08,0.0
Asm_3OfnqBTIGs4,44.16,0.0
Asm_3OfnqBTIGs4,44.239999999999995,0.022849
Asm_3OfnqBTIGs4,44.32,0.044994
Asm_3OfnqBTIGs4,44.4,0.038134
Asm_3OfnqBTIGs4,44.48,0.021643
Asm_3OfnqBTIGs4,44.559999999999995,0.023899
Asm_3OfnqBTIGs4,44.63999999999999,0.017451
Asm_3OfnqBTIGs4,44.72,0.010993
Asm_3OfnqBTIGs4,44.8,0.010968
Asm_3OfnqBTIGs4,44.879999999999995,0.007105
Asm_3OfnqBTIGs4,44.959999999999994,0.013789
Asm_3OfnqBTIGs4,45.04,0.040321
Asm_3OfnqBTIGs4,45.12,0.022464
Asm_3OfnqBTIGs4,45.199999999999996,0.042098
Asm_3OfnqBTIGs4,45.279999999999994,0.02716
Asm_3OfnqBTIGs4,45.36,0.020636
Asm_3OfnqBTIGs4,45.44,0.026336
Asm_3OfnqBTIGs4,45.519999999999996,0.028256
Asm_3OfnqBTIGs4,45.599999999999994,0.021011
Asm_3OfnqBTIGs4,45.68,0.072993
Asm_3OfnqBTIGs4,45.76,0.008156
Asm_3OfnqBTIGs4,45.839999999999996,0.00579
Asm_3OfnqBTIGs4,45.919999999999995,0.011309
Asm_3OfnqBTIGs4,46.0,0.004174
Asm_3OfnqBTIGs4,46.08,0.01853
Asm_3OfnqBTIGs4,46.16,0.015971
Asm_3OfnqBTIGs4,46.239999999999995,0.003661
Asm_3OfnqBTIGs4,46.32,0.008094
Asm_3OfnqBTIGs4,46.4,0.001661
Asm_3OfnqBTIGs4,46.48,0.010186
Asm_3OfnqBTIGs4,46.559999999999995,0.003832
Asm_3OfnqBTIGs4,46.63999999999999,0.008917
Asm_3OfnqBTIGs4,46.72,0.019835
Asm_3OfnqBTIGs4,46.8,0.017575
Asm_3OfnqBTIGs4,46.879999999999995,0.023717
Asm_3OfnqBTIGs4,46.959999999999994,0.03139
Asm_3OfnqBTIGs4,47.04,0.046831
Asm_3OfnqBTIGs4,47.12,0.041153
Asm_3OfnqBTIGs4,47.199999999999996,0.106277
Asm_3OfnqBTIGs4,47.279999999999994,0.143043
Asm_3OfnqBTIGs4,47.36,0.282622
Asm_3OfnqBTIGs4,47.44,0.081919
Asm_3OfnqBTIGs4,47.519999999999996,0.013786
Asm_3OfnqBTIGs4,47.599999999999994,0.010252
Asm_3OfnqBTIGs4,47.68,0.013714
Asm_3OfnqBTIGs4,47.76,0.013351
Asm_3OfnqBTIGs4,47.839999999999996,0.013876
Asm_3OfnqBTIGs4,47.919999999999995,0.009889
Asm_3OfnqBTIGs4,48.0,0.006452
Asm_3OfnqBTIGs4,48.08,0.006684
Asm_3OfnqBTIGs4,48.16,0.006373
Asm_3OfnqBTIGs4,48.239999999999995,0.007788
Asm_3OfnqBTIGs4,48.32,0.010521
Asm_3OfnqBTIGs4,48.4,0.007414
Asm_3OfnqBTIGs4,48.48,0.008772
Asm_3OfnqBTIGs4,48.559999999999995,0.006668
Asm_3OfnqBTIGs4,48.63999999999999,0.006481
Asm_3OfnqBTIGs4,48.72,0.004612
Asm_3OfnqBTIGs4,48.8,0.003648
Asm_3OfnqBTIGs4,48.879999999999995,0.00499
Asm_3OfnqBTIGs4,48.959999999999994,0.013743
Asm_3OfnqBTIGs4,49.04,0.007536
Asm_3OfnqBTIGs4,49.12,0.015248
Asm_3OfnqBTIGs4,49.199999999999996,0.002863
Asm_3OfnqBTIGs4,49.279999999999994,0.007064
Asm_3OfnqBTIGs4,49.36,0.003764
Asm_3OfnqBTIGs4,49.44,0.006385
Asm_3OfnqBTIGs4,49.519999999999996,0.002291
Asm_3OfnqBTIGs4,49.599999999999994,0.008737
Asm_3OfnqBTIGs4,49.68,0.005992
Asm_3OfnqBTIGs4,49.76,0.005244
Asm_3OfnqBTIGs4,49.839999999999996,0.009353
Asm_3OfnqBTIGs4,49.919999999999995,0.005733
Asm_3OfnqBTIGs4,50.0,0.013922
Asm_3OfnqBTIGs4,50.08,0.008027
Asm_3OfnqBTIGs4,50.16,0.00639
Asm_3OfnqBTIGs4,50.239999999999995,0.006679
Asm_3OfnqBTIGs4,50.32,0.006543
Asm_3OfnqBTIGs4,50.4,0.00559
Asm_3OfnqBTIGs4,50.48,0.003868
Asm_3OfnqBTIGs4,50.559999999999995,0.018406
Asm_3OfnqBTIGs4,50.63999999999999,0.008694
Asm_3OfnqBTIGs4,50.72,0.007682
Asm_3OfnqBTIGs4,50.8,0.008409
Asm_3OfnqBTIGs4,50.879999999999995,0.017827
Asm_3OfnqBTIGs4,50.959999999999994,0.008951
Asm_3OfnqBTIGs4,51.04,0.00421
Asm_3OfnqBTIGs4,51.12,0.011746
Asm_3OfnqBTIGs4,51.199999999999996,0.003521
Asm_3OfnqBTIGs4,51.279999999999994,0.00252
Asm_3OfnqBTIGs4,51.36,0.004425
Asm_3OfnqBTIGs4,51.44,0.001904
Asm_3OfnqBTIGs4,51.519999999999996,0.000888
Asm_3OfnqBTIGs4,51.599999999999994,0.000105
Asm_3OfnqBTIGs4,51.68,1.6e-05
Asm_3OfnqBTIGs4,51.76,5e-06
Asm_3OfnqBTIGs4,51.839999999999996,4e-06
Asm_3OfnqBTIGs4,51.919999999999995,0.0
Asm_3OfnqBTIGs4,52.0,2e-06
Asm_3OfnqBTIGs4,52.08,7.6e-05
Asm_3OfnqBTIGs4,52.16,1e-06
Asm_3OfnqBTIGs4,52.239999999999995,0.0
Asm_3OfnqBTIGs4,52.32,0.0
Asm_3OfnqBTIGs4,52.4,0.0
Asm_3OfnqBTIGs4,52.48,0.0
Asm_3OfnqBTIGs4,52.559999999999995,0.0
Asm_3OfnqBTIGs4,52.63999999999999,0.0
Asm_3OfnqBTIGs4,52.72,0.0
Asm_3OfnqBTIGs4,52.8,0.0
Asm_3OfnqBTIGs4,52.879999999999995,0.0
Asm_3OfnqBTIGs4,52.959999999999994,0.0
Asm_3OfnqBTIGs4,53.04,0.010436
Asm_3OfnqBTIGs4,53.12,0.016565
Asm_3OfnqBTIGs4,53.199999999999996,0.062037
Asm_3OfnqBTIGs4,53.279999999999994,0.01942
Asm_3OfnqBTIGs4,53.36,0.033385
Asm_3OfnqBTIGs4,53.44,0.012577
Asm_3OfnqBTIGs4,53.519999999999996,0.021592
Asm_3OfnqBTIGs4,53.599999999999994,0.007882
Asm_3OfnqBTIGs4,53.68,0.015121
Asm_3OfnqBTIGs4,53.76,0.001414
Asm_3OfnqBTIGs4,53.839999999999996,0.001951
Asm_3OfnqBTIGs4,53.919999999999995,0.00143
Asm_3OfnqBTIGs4,54.0,0.00083
Asm_3OfnqBTIGs4,54.08,0.001652
Asm_3OfnqBTIGs4,54.16,0.002441
Asm_3OfnqBTIGs4,54.239999999999995,0.0056
Asm_3OfnqBTIGs4,54.32,0.002156
Asm_3OfnqBTIGs4,54.4,0.003178
Asm_3OfnqBTIGs4,54.48,0.00833
Asm_3OfnqBTIGs4,54.559999999999995,0.013664
Asm_3OfnqBTIGs4,54.63999999999999,0.034926
Asm_3OfnqBTIGs4,54.72,0.004389
Asm_3OfnqBTIGs4,54.8,0.032434
Asm_3OfnqBTIGs4,54.879999999999995,0.00511
Asm_3OfnqBTIGs4,54.959999999999994,0.053199
Asm_3OfnqBTIGs4,55.04,0.04714
Asm_3OfnqBTIGs4,55.12,0.161261
Asm_3OfnqBTIGs4,55.199999999999996,0.045044
Asm_3OfnqBTIGs4,55.279999999999994,0.025117
Asm_3OfnqBTIGs4,55.36,0.01603
Asm_3OfnqBTIGs4,55.44,0.029204
Asm_3OfnqBTIGs4,55.519999999999996,0.003911
Asm_3OfnqBTIGs4,55.599999999999994,0.000889
Asm_3OfnqBTIGs4,55.68,0.0
Asm_3OfnqBTIGs4,55.76,0.0
Asm_3OfnqBTIGs4,55.839999999999996,0.0
Asm_3OfnqBTIGs4,55.919999999999995,0.0
Asm_3OfnqBTIGs4,56.0,0.0
Asm_3OfnqBTIGs4,56.08,1e-06
Asm_3OfnqBTIGs4,56.16,0.0
Asm_3OfnqBTIGs4,56.239999999999995,0.0
Asm_3OfnqBTIGs4,56.32,0.0
Asm_3OfnqBTIGs4,56.4,0.0
Asm_3OfnqBTIGs4,56.48,0.0
Asm_3OfnqBTIGs4,56.559999999999995,0.0
Asm_3OfnqBTIGs4,56.63999999999999,8e-06
Asm_3OfnqBTIGs4,56.72,0.0
Asm_3OfnqBTIGs4,56.8,0.050287
Asm_3OfnqBTIGs4,56.879999999999995,0.031842
Asm_3OfnqBTIGs4,56.959999999999994,0.019367
Asm_3OfnqBTIGs4,57.04,0.021757
Asm_3OfnqBTIGs4,57.12,0.014994
Asm_3OfnqBTIGs4,57.199999999999996,0.012114
Asm_3OfnqBTIGs4,57.279999999999994,0.021164
Asm_3OfnqBTIGs4,57.36,0.011383
Asm_3OfnqBTIGs4,57.44,0.011685
Asm_3OfnqBTIGs4,57.519999999999996,0.00973
Asm_3OfnqBTIGs4,57.599999999999994,0.053533
Asm_3OfnqBTIGs4,57.68,0.004864
Asm_3OfnqBTIGs4,57.76,0.010672
Asm_3OfnqBTIGs4,57.839999999999996,0.006613
Asm_3OfnqBTIGs4,57.919999999999995,0.009369
Asm_3OfnqBTIGs4,58.0,0.003352
Asm_3OfnqBTIGs4,58.08,0.001599
Asm_3OfnqBTIGs4,58.16,0.00712
Asm_3OfnqBTIGs4,58.239999999999995,0.004441
Asm_3OfnqBTIGs4,58.32,0.004798
Asm_3OfnqBTIGs4,58.4,0.004223
Asm_3OfnqBTIGs4,58.48,0.010966
Asm_3OfnqBTIGs4,58.559999999999995,0.011492
Asm_3OfnqBTIGs4,58.63999999999999,0.00793
Asm_3OfnqBTIGs4,58.72,0.008861
Asm_3OfnqBTIGs4,58.8,0.012744
Asm_3OfnqBTIGs4,58.879999999999995,0.035947
Asm_3OfnqBTIGs4,58.959999999999994,0.017591
Asm_3OfnqBTIGs4,59.04,0.052929
Asm_3OfnqBTIGs4,59.12,0.032703
Asm_3OfnqBTIGs4,59.199999999999996,0.016703
Asm_3OfnqBTIGs4,59.279999999999994,0.022305
Asm_3OfnqBTIGs4,59.36,0.01448
Asm_3OfnqBTIGs4,59.44,0.020872
Asm_3OfnqBTIGs4,59.519999999999996,0.008073
Asm_3OfnqBTIGs4,59.599999999999994,0.012132
Asm_3OfnqBTIGs4,59.68,0.006207
Asm_3OfnqBTIGs4,59.76,0.009613
Asm_3OfnqBTIGs4,59.839999999999996,0.005623
Asm_3OfnqBTIGs4,59.919999999999995,0.004733
Asm_3OfnqBTIGs4,60.0,0.005654
Asm_3OfnqBTIGs4,60.08,0.006054
Asm_3OfnqBTIGs4,60.16,0.003255
Asm_3OfnqBTIGs4,60.239999999999995,0.011922
Asm_3OfnqBTIGs4,60.32,0.008397
Asm_3OfnqBTIGs4,60.4,0.010635
Asm_3OfnqBTIGs4,60.48,0.00908
Asm_3OfnqBTIGs4,60.559999999999995,0.005004
Asm_3OfnqBTIGs4,60.63999999999999,0.006426
Asm_3OfnqBTIGs4,60.72,0.007464
Asm_3OfnqBTIGs4,60.8,0.013074
Asm_3OfnqBTIGs4,60.879999999999995,0.006018
Asm_3OfnqBTIGs4,60.959999999999994,0.004823
Asm_3OfnqBTIGs4,61.04,0.00519
Asm_3OfnqBTIGs4,61.12,0.006792
Asm_3OfnqBTIGs4,61.199999999999996,0.006863
Asm_3OfnqBTIGs4,61.279999999999994,0.010278
Asm_3OfnqBTIGs4,61.36,0.021224
Asm_3OfnqBTIGs4,61.44,0.024098
Asm_3OfnqBTIGs4,61.519999999999996,0.011727
Asm_3OfnqBTIGs4,61.599999999999994,0.008779
Asm_3OfnqBTIGs4,61.68,0.006482
Asm_3OfnqBTIGs4,61.76,0.009334
Asm_3OfnqBTIGs4,61.839999999999996,0.015132
Asm_3OfnqBTIGs4,61.919999999999995,0.012481
Asm_3OfnqBTIGs4,62.0,0.011954
Asm_3OfnqBTIGs4,62.08,0.010669
Asm_3OfnqBTIGs4,62.16,0.013493
Asm_3OfnqBTIGs4,62.239999999999995,0.002412
Asm_3OfnqBTIGs4,62.32,0.009168
Asm_3OfnqBTIGs4,62.4,0.006333
Asm_3OfnqBTIGs4,62.48,0.008956
Asm_3OfnqBTIGs4,62.559999999999995,0.004301
Asm_3OfnqBTIGs4,62.63999999999999,0.006156
Asm_3OfnqBTIGs4,62.72,0.007352
Asm_3OfnqBTIGs4,62.8,0.006385
Asm_3OfnqBTIGs4,62.879999999999995,0.006697
Asm_3OfnqBTIGs4,62.959999999999994,0.005358
Asm_3OfnqBTIGs4,63.04,0.017631
Asm_3OfnqBTIGs4,63.12,0.004447
Asm_3OfnqBTIGs4,63.199999999999996,0.005632
Asm_3OfnqBTIGs4,63.279999999999994,0.020609
Asm_3OfnqBTIGs4,63.36,0.011751
Asm_3OfnqBTIGs4,63.44,0.015244
Asm_3OfnqBTIGs4,63.519999999999996,0.023333
Asm_3OfnqBTIGs4,63.599999999999994,0.022513
Asm_3OfnqBTIGs4,63.68,0.010034
Asm_3OfnqBTIGs4,63.76,0.012772
Asm_3OfnqBTIGs4,63.839999999999996,0.00803
Asm_3OfnqBTIGs4,63.919999999999995,0.0191
Asm_3OfnqBTIGs4,64.0,0.02283
Asm_3OfnqBTIGs4,64.08,0.014437
Asm_3OfnqBTIGs4,64.16,0.013293
Asm_3OfnqBTIGs4,64.24,0.014845
Asm_3OfnqBTIGs4,64.32000000000001,0.007655
Asm_3OfnqBTIGs4,64.4,0.020822
Asm_3OfnqBTIGs4,64.48,0.005431
Asm_3OfnqBTIGs4,64.56,0.008964
Asm_3OfnqBTIGs4,64.64,0.0141
Asm_3OfnqBTIGs4,64.72,0.006942
Asm_3OfnqBTIGs4,64.8,0.024857
Asm_3OfnqBTIGs4,64.88000000000001,0.019938
Asm_3OfnqBTIGs4,64.96000000000001,0.033038
Asm_3OfnqBTIGs4,65.04,0.023777
Asm_3OfnqBTIGs4,65.12,0.007876
Asm_3OfnqBTIGs4,65.2,0.020087
Asm_3OfnqBTIGs4,65.28,0.023098
Asm_3OfnqBTIGs4,65.36,0.050512
Asm_3OfnqBTIGs4,65.44,0.0188
Asm_3OfnqBTIGs4,65.52000000000001,0.050904
Asm_3OfnqBTIGs4,65.60000000000001,0.020057
Asm_3OfnqBTIGs4,65.68,0.010949
Asm_3OfnqBTIGs4,65.76,0.011933
Asm_3OfnqBTIGs4,65.84,0.003647
Asm_3OfnqBTIGs4,65.92,0.012183
Asm_3OfnqBTIGs4,66.0,0.005639
Asm_3OfnqBTIGs4,66.08,0.006656
Asm_3OfnqBTIGs4,66.16000000000001,0.006612
Asm_3OfnqBTIGs4,66.24000000000001,0.002726
Asm_3OfnqBTIGs4,66.32000000000001,0.002573
Asm_3OfnqBTIGs4,66.4,0.007222
Asm_3OfnqBTIGs4,66.48,0.01209
Asm_3OfnqBTIGs4,66.56,0.012808
Asm_3OfnqBTIGs4,66.64,0.021439
Asm_3OfnqBTIGs4,66.72,0.004746
Asm_3OfnqBTIGs4,66.8,0.021173
Asm_3OfnqBTIGs4,66.88000000000001,0.003422
Asm_3OfnqBTIGs4,66.96000000000001,0.005488
Asm_3OfnqBTIGs4,67.04,0.00491
Asm_3OfnqBTIGs4,67.12,0.005693
Asm_3OfnqBTIGs4,67.2,0.004574
Asm_3OfnqBTIGs4,67.28,0.004152
Asm_3OfnqBTIGs4,67.36,0.003439
Asm_3OfnqBTIGs4,67.44,0.001831
Asm_3OfnqBTIGs4,67.52000000000001,0.006353
Asm_3OfnqBTIGs4,67.60000000000001,0.004819
Asm_3OfnqBTIGs4,67.68,0.002649
Asm_3OfnqBTIGs4,67.76,0.006437
Asm_3OfnqBTIGs4,67.84,0.005829
Asm_3OfnqBTIGs4,67.92,0.005517
Asm_3OfnqBTIGs4,68.0,0.0031
Asm_3OfnqBTIGs4,68.08,0.00164
Asm_3OfnqBTIGs4,68.16000000000001,0.001432
Asm_3OfnqBTIGs4,68.24000000000001,0.001604
Asm_3OfnqBTIGs4,68.32000000000001,0.004235
Asm_3OfnqBTIGs4,68.4,0.00312
Asm_3OfnqBTIGs4,68.48,0.011676
Asm_3OfnqBTIGs4,68.56,0.006934
Asm_3OfnqBTIGs4,68.64,0.02063
Asm_3OfnqBTIGs4,68.72,0.016174
Asm_3OfnqBTIGs4,68.8,0.011775
Asm_3OfnqBTIGs4,68.88000000000001,0.02107
Asm_3OfnqBTIGs4,68.96000000000001,0.021073
Asm_3OfnqBTIGs4,69.04,0.008537
Asm_3OfnqBTIGs4,69.12,0.007251
Asm_3OfnqBTIGs4,69.2,0.025043
Asm_3OfnqBTIGs4,69.28,0.015008
Asm_3OfnqBTIGs4,69.36,0.007306
Asm_3OfnqBTIGs4,69.44,0.009818
Asm_3OfnqBTIGs4,69.52000000000001,0.015715
Asm_3OfnqBTIGs4,69.60000000000001,0.005147
Asm_3OfnqBTIGs4,69.68,0.012987
Asm_3OfnqBTIGs4,69.76,0.006658
Asm_3OfnqBTIGs4,69.84,0.016888
Asm_3OfnqBTIGs4,69.92,0.00363
Asm_3OfnqBTIGs4,70.0,0.008102
Asm_3OfnqBTIGs4,70.08,0.011433
Asm_3OfnqBTIGs4,70.16000000000001,0.0051
Asm_3OfnqBTIGs4,70.24000000000001,0.007458
Asm_3OfnqBTIGs4,70.32000000000001,0.010185
Asm_3OfnqBTIGs4,70.4,0.018629
Asm_3OfnqBTIGs4,70.48,0.012413
Asm_3OfnqBTIGs4,70.56,0.014287
Asm_3OfnqBTIGs4,70.64,0.015268
Asm_3OfnqBTIGs4,70.72,0.016652
Asm_3OfnqBTIGs4,70.8,0.021641
Asm_3OfnqBTIGs4,70.88000000000001,0.009474
Asm_3OfnqBTIGs4,70.96000000000001,0.009592
Asm_3OfnqBTIGs4,71.04,0.004661
Asm_3OfnqBTIGs4,71.12,0.005914
Asm_3OfnqBTIGs4,71.2,0.011947
Asm_3OfnqBTIGs4,71.28,0.00933
Asm_3OfnqBTIGs4,71.36,0.002833
Asm_3OfnqBTIGs4,71.44,0.001232
Asm_3OfnqBTIGs4,71.52000000000001,0.000578
Asm_3OfnqBTIGs4,71.60000000000001,0.000573
Asm_3OfnqBTIGs4,71.68,0.000815
Asm_3OfnqBTIGs4,71.76,0.000849
Asm_3OfnqBTIGs4,71.84,0.000353
Asm_3OfnqBTIGs4,71.92,9.3e-05
Asm_3OfnqBTIGs4,72.0,0.000218
Asm_3OfnqBTIGs4,72.08,0.000362
Asm_3OfnqBTIGs4,72.16000000000001,0.000264
Asm_3OfnqBTIGs4,72.24000000000001,0.000186
Asm_3OfnqBTIGs4,72.32000000000001,7.8e-05
Asm_3OfnqBTIGs4,72.4,0.0
Asm_3OfnqBTIGs4,72.48,0.0
Asm_3OfnqBTIGs4,72.56,0.0
Asm_3OfnqBTIGs4,72.64,0.0
Asm_3OfnqBTIGs4,72.72,0.0
Asm_3OfnqBTIGs4,72.8,0.0
Asm_3OfnqBTIGs4,72.88000000000001,0.0
Asm_3OfnqBTIGs4,72.96000000000001,0.00536
Asm_3OfnqBTIGs4,73.04,0.011597
Asm_3OfnqBTIGs4,73.12,0.009076
Asm_3OfnqBTIGs4,73.2,0.03065
Asm_3OfnqBTIGs4,73.28,0.140741
Asm_3OfnqBTIGs4,73.36,0.081512
Asm_3OfnqBTIGs4,73.44,0.027711
Asm_3OfnqBTIGs4,73.52000000000001,0.062409
Asm_3OfnqBTIGs4,73.60000000000001,0.036032
Asm_3OfnqBTIGs4,73.68,0.024395
Asm_3OfnqBTIGs4,73.76,0.028744
Asm_3OfnqBTIGs4,73.84,0.02486
Asm_3OfnqBTIGs4,73.92,0.024406
Asm_3OfnqBTIGs4,74.0,0.009346
Asm_3OfnqBTIGs4,74.08,0.091351
Asm_3OfnqBTIGs4,74.16000000000001,0.033894
Asm_3OfnqBTIGs4,74.24000000000001,0.027987
Asm_3OfnqBTIGs4,74.32000000000001,0.021129
Asm_3OfnqBTIGs4,74.4,0.022241
Asm_3OfnqBTIGs4,74.48,0.010168
Asm_3OfnqBTIGs4,74.56,0.015424
Asm_3OfnqBTIGs4,74.64,0.02423
Asm_3OfnqBTIGs4,74.72,0.010332
Asm_3OfnqBTIGs4,74.8,0.005613
Asm_3OfnqBTIGs4,74.88000000000001,0.007732
Asm_3OfnqBTIGs4,74.96000000000001,0.006429
Asm_3OfnqBTIGs4,75.04,0.003027
Asm_3OfnqBTIGs4,75.12,0.002021
Asm_3OfnqBTIGs4,75.2,0.007315
Asm_3OfnqBTIGs4,75.28,0.002766
Asm_3OfnqBTIGs4,75.36,0.020081
Asm_3OfnqBTIGs4,75.44,0.015673
Asm_3OfnqBTIGs4,75.52000000000001,0.082291
Asm_3OfnqBTIGs4,75.60000000000001,0.04656
Asm_3OfnqBTIGs4,75.68,0.042067
Asm_3OfnqBTIGs4,75.76,0.025539
Asm_3OfnqBTIGs4,75.84,0.009148
Asm_3OfnqBTIGs4,75.92,0.018902
Asm_3OfnqBTIGs4,76.0,0.006904
Asm_3OfnqBTIGs4,76.08,0.013238
Asm_3OfnqBTIGs4,76.16000000000001,0.006349
Asm_3OfnqBTIGs4,76.24000000000001,0.010174
Asm_3OfnqBTIGs4,76.32000000000001,0.028719
Asm_3OfnqBTIGs4,76.4,0.012426
Asm_3OfnqBTIGs4,76.48,0.006818
Asm_3OfnqBTIGs4,76.56,0.006329
Asm_3OfnqBTIGs4,76.64,0.007532
Asm_3OfnqBTIGs4,76.72,0.006072
Asm_3OfnqBTIGs4,76.8,0.017623
Asm_3OfnqBTIGs4,76.88000000000001,0.014698
Asm_3OfnqBTIGs4,76.96000000000001,0.016993
Asm_3OfnqBTIGs4,77.04,0.014463
Asm_3OfnqBTIGs4,77.12,0.012991
Asm_3OfnqBTIGs4,77.2,0.004825
Asm_3OfnqBTIGs4,77.28,0.013136
Asm_3OfnqBTIGs4,77.36,0.008039
Asm_3OfnqBTIGs4,77.44,0.003406
Asm_3OfnqBTIGs4,77.52000000000001,0.002772
Asm_3OfnqBTIGs4,77.60000000000001,0.003924
Asm_3OfnqBTIGs4,77.68,0.001382
Asm_3OfnqBTIGs4,77.76,0.006713
Asm_3OfnqBTIGs4,77.84,0.006902
Asm_3OfnqBTIGs4,77.92,0.009701
Asm_3OfnqBTIGs4,78.0,0.014414
Asm_3OfnqBTIGs4,78.08,0.021789
Asm_3OfnqBTIGs4,78.16000000000001,0.015855
Asm_3OfnqBTIGs4,78.24000000000001,0.016647
Asm_3OfnqBTIGs4,78.32000000000001,0.032737
Asm_3OfnqBTIGs4,78.4,0.030481
Asm_3OfnqBTIGs4,78.48,0.018886
Asm_3OfnqBTIGs4,78.56,0.021013
Asm_3OfnqBTIGs4,78.64,0.022312
Asm_3OfnqBTIGs4,78.72,0.01147
Asm_3OfnqBTIGs4,78.8,0.016341
Asm_3OfnqBTIGs4,78.88000000000001,0.022509
Asm_3OfnqBTIGs4,78.96000000000001,0.018787
Asm_3OfnqBTIGs4,79.04,0.019392
Asm_3OfnqBTIGs4,79.12,0.01986
Asm_3OfnqBTIGs4,79.2,0.014772
Asm_3OfnqBTIGs4,79.28,0.021902
Asm_3OfnqBTIGs4,79.36,0.004707
Asm_3OfnqBTIGs4,79.44,0.009378
Asm_3OfnqBTIGs4,79.52000000000001,0.009584
Asm_3OfnqBTIGs4,79.60000000000001,0.006078
Asm_3OfnqBTIGs4,79.68,0.017323
Asm_3OfnqBTIGs4,79.76,0.010903
Asm_3OfnqBTIGs4,79.84,0.00723
Asm_3OfnqBTIGs4,79.92,0.002562
Asm_3OfnqBTIGs4,80.0,0.003986
Asm_3OfnqBTIGs4,80.08,0.003754
Asm_3OfnqBTIGs4,80.16000000000001,0.001882
Asm_3OfnqBTIGs4,80.24000000000001,0.002208
Asm_3OfnqBTIGs4,80.32000000000001,0.001104
Asm_3OfnqBTIGs4,80.4,0.001902
Asm_3OfnqBTIGs4,80.48,0.002807
Asm_3OfnqBTIGs4,80.56,0.006294
Asm_3OfnqBTIGs4,80.64,0.000759
Asm_3OfnqBTIGs4,80.72,0.002031
Asm_3OfnqBTIGs4,80.8,0.002946
Asm_3OfnqBTIGs4,80.88000000000001,0.008413
Asm_3OfnqBTIGs4,80.96000000000001,0.004449
Asm_3OfnqBTIGs4,81.04,0.005087
Asm_3OfnqBTIGs4,81.12,0.003245
Asm_3OfnqBTIGs4,81.2,0.003042
Asm_3OfnqBTIGs4,81.28,0.003076
Asm_3OfnqBTIGs4,81.36,0.000354
Asm_3OfnqBTIGs4,81.44,0.000462
Asm_3OfnqBTIGs4,81.52000000000001,0.000328
Asm_3OfnqBTIGs4,81.60000000000001,0.000847
Asm_3OfnqBTIGs4,81.68,0.00077
Asm_3OfnqBTIGs4,81.76,0.002199
Asm_3OfnqBTIGs4,81.84,0.001888
Asm_3OfnqBTIGs4,81.92,0.004822
Asm_3OfnqBTIGs4,82.0,0.004017
Asm_3OfnqBTIGs4,82.08,0.006427
Asm_3OfnqBTIGs4,82.16000000000001,0.013119
Asm_3OfnqBTIGs4,82.24000000000001,0.013028
Asm_3OfnqBTIGs4,82.32000000000001,0.011001
Asm_3OfnqBTIGs4,82.4,0.021839
Asm_3OfnqBTIGs4,82.48,0.036629
Asm_3OfnqBTIGs4,82.56,0.017076
Asm_3OfnqBTIGs4,82.64,0.017856
Asm_3OfnqBTIGs4,82.72,0.003379
Asm_3OfnqBTIGs4,82.8,0.008372
Asm_3OfnqBTIGs4,82.88000000000001,0.006296
Asm_3OfnqBTIGs4,82.96000000000001,0.047588
Asm_3OfnqBTIGs4,83.04,0.018355
Asm_3OfnqBTIGs4,83.12,0.020784
Asm_3OfnqBTIGs4,83.2,0.015199
Asm_3OfnqBTIGs4,83.28,0.059053
Asm_3OfnqBTIGs4,83.36,0.015308
Asm_3OfnqBTIGs4,83.44,0.01981
Asm_3OfnqBTIGs4,83.52000000000001,0.016897
Asm_3OfnqBTIGs4,83.60000000000001,0.006661
Asm_3OfnqBTIGs4,83.68,0.027159
Asm_3OfnqBTIGs4,83.76,0.013541
Asm_3OfnqBTIGs4,83.84,0.012178
Asm_3OfnqBTIGs4,83.92,0.004598
Asm_3OfnqBTIGs4,84.0,0.001606
Asm_3OfnqBTIGs4,84.08,0.004263
Asm_3OfnqBTIGs4,84.16000000000001,0.002029
Asm_3OfnqBTIGs4,84.24000000000001,0.009285
Asm_3OfnqBTIGs4,84.32000000000001,0.005741
Asm_3OfnqBTIGs4,84.4,0.015261
Asm_3OfnqBTIGs4,84.48,0.020121
Asm_3OfnqBTIGs4,84.56,0.017586
Asm_3OfnqBTIGs4,84.64,0.018558
Asm_3OfnqBTIGs4,84.72,0.023809
Asm_3OfnqBTIGs4,84.8,0.011277
Asm_3OfnqBTIGs4,84.88000000000001,0.009189
Asm_3OfnqBTIGs4,84.96000000000001,0.008841
Asm_3OfnqBTIGs4,85.04,0.028472
Asm_3OfnqBTIGs4,85.12,0.032173
Asm_3OfnqBTIGs4,85.2,0.016242
Asm_3OfnqBTIGs4,85.28,0.009727
Asm_3OfnqBTIGs4,85.36,0.009294
Asm_3OfnqBTIGs4,85.44,0.007301
Asm_3OfnqBTIGs4,85.52000000000001,0.010482
Asm_3OfnqBTIGs4,85.60000000000001,0.00751
Asm_3OfnqBTIGs4,85.68,0.053709
Asm_3OfnqBTIGs4,85.76,0.009261
Asm_3OfnqBTIGs4,85.84,0.0103
Asm_3OfnqBTIGs4,85.92,0.010614
Asm_3OfnqBTIGs4,86.0,0.017301
Asm_3OfnqBTIGs4,86.08,0.019432
Asm_3OfnqBTIGs4,86.16000000000001,0.03229
Asm_3OfnqBTIGs4,86.24000000000001,0.01035
Asm_3OfnqBTIGs4,86.32000000000001,0.009274
Asm_3OfnqBTIGs4,86.4,0.010089
Asm_3OfnqBTIGs4,86.48,0.004226
Asm_3OfnqBTIGs4,86.56,0.005569
Asm_3OfnqBTIGs4,86.64,0.005453
Asm_3OfnqBTIGs4,86.72,0.004642
Asm_3OfnqBTIGs4,86.8,0.002708
Asm_3OfnqBTIGs4,86.88000000000001,0.004081
Asm_3OfnqBTIGs4,86.96000000000001,0.009739
Asm_3OfnqBTIGs4,87.04,0.01263
Asm_3OfnqBTIGs4,87.12,0.008593
Asm_3OfnqBTIGs4,87.2,0.012738
Asm_3OfnqBTIGs4,87.28,0.010104
Asm_3OfnqBTIGs4,87.36,0.009881
Asm_3OfnqBTIGs4,87.44,0.016891
Asm_3OfnqBTIGs4,87.52000000000001,0.011301
Asm_3OfnqBTIGs4,87.60000000000001,0.017736
Asm_3OfnqBTIGs4,87.68,0.025054
Asm_3OfnqBTIGs4,87.76,0.009307
Asm_3OfnqBTIGs4,87.84,0.01672
Asm_3OfnqBTIGs4,87.92,0.015078
Asm_3OfnqBTIGs4,88.0,0.005406
Asm_3OfnqBTIGs4,88.08,0.004866
Asm_3OfnqBTIGs4,88.16000000000001,0.006814
Asm_3OfnqBTIGs4,88.24000000000001,0.007081
Asm_3OfnqBTIGs4,88.32000000000001,0.009511
Asm_3OfnqBTIGs4,88.4,0.025103
Asm_3OfnqBTIGs4,88.48,0.015147
Asm_3OfnqBTIGs4,88.56,0.017467
Asm_3OfnqBTIGs4,88.64,0.01385
Asm_3OfnqBTIGs4,88.72,0.019578
Asm_3OfnqBTIGs4,88.8,0.016012
Asm_3OfnqBTIGs4,88.88000000000001,0.030921
Asm_3OfnqBTIGs4,88.96000000000001,0.01621
Asm_3OfnqBTIGs4,89.04,0.017396
Asm_3OfnqBTIGs4,89.12,0.007695
Asm_3OfnqBTIGs4,89.2,0.024402
Asm_3OfnqBTIGs4,89.28,0.055969
Asm_3OfnqBTIGs4,89.36,0.020127
Asm_3OfnqBTIGs4,89.44,0.040049
Asm_3OfnqBTIGs4,89.52000000000001,0.015672
Asm_3OfnqBTIGs4,89.60000000000001,0.032564
Asm_3OfnqBTIGs4,89.68,0.010189
Asm_3OfnqBTIGs4,89.76,0.006749
Asm_3OfnqBTIGs4,89.84,0.003937
Asm_3OfnqBTIGs4,89.92,0.008726
Asm_3OfnqBTIGs4,90.0,0.02122
Asm_3OfnqBTIGs4,90.08,0.012004
Asm_3OfnqBTIGs4,90.16000000000001,0.026742
Asm_3OfnqBTIGs4,90.24000000000001,0.031841
Asm_3OfnqBTIGs4,90.32000000000001,0.015098
Asm_3OfnqBTIGs4,90.4,0.004927
Asm_3OfnqBTIGs4,90.48,0.004486
Asm_3OfnqBTIGs4,90.56,0.014845
Asm_3OfnqBTIGs4,90.64,0.029409
Asm_3OfnqBTIGs4,90.72,0.059574
Asm_3OfnqBTIGs4,90.8,0.047203
Asm_3OfnqBTIGs4,90.88000000000001,0.042132
Asm_3OfnqBTIGs4,90.96000000000001,0.041671
Asm_3OfnqBTIGs4,91.04,0.346494
Asm_3OfnqBTIGs4,91.12,0.114093
Asm_3OfnqBTIGs4,91.2,0.061184
Asm_3OfnqBTIGs4,91.28,0.034422
Asm_3OfnqBTIGs4,91.36,0.08324
Asm_3OfnqBTIGs4,91.44,0.020256
Asm_3OfnqBTIGs4,91.52000000000001,0.051062
Asm_3OfnqBTIGs4,91.60000000000001,0.020622
Asm_3OfnqBTIGs4,91.68,0.012954
Asm_3OfnqBTIGs4,91.76,0.000152
Asm_3OfnqBTIGs4,91.84,0.000818
Asm_3OfnqBTIGs4,91.92,0.007038
Asm_3OfnqBTIGs4,92.0,0.026437
Asm_3OfnqBTIGs4,92.08,0.012343
Asm_3OfnqBTIGs4,92.16000000000001,0.008526
Asm_3OfnqBTIGs4,92.24000000000001,0.008396
Asm_3OfnqBTIGs4,92.32000000000001,0.045087
Asm_3OfnqBTIGs4,92.4,0.008048
Asm_3OfnqBTIGs4,92.48,0.013601
Asm_3OfnqBTIGs4,92.56,0.006618
Asm_3OfnqBTIGs4,92.64,0.022996
Asm_3OfnqBTIGs4,92.72,0.01455
Asm_3OfnqBTIGs4,92.8,0.024181
Asm_3OfnqBTIGs4,92.88000000000001,0.028211
Asm_3OfnqBTIGs4,92.96000000000001,0.033641
Asm_3OfnqBTIGs4,93.04,0.071954
Asm_3OfnqBTIGs4,93.12,0.046319
Asm_3OfnqBTIGs4,93.2,0.025505
Asm_3OfnqBTIGs4,93.28,0.049237
Asm_3OfnqBTIGs4,93.36,0.033962
Asm_3OfnqBTIGs4,93.44,0.052858
Asm_3OfnqBTIGs4,93.52000000000001,0.032653
Asm_3OfnqBTIGs4,93.60000000000001,0.25444
Asm_3OfnqBTIGs4,93.68,0.130475
Asm_3OfnqBTIGs4,93.76,0.290418
Asm_3OfnqBTIGs4,93.84,0.038141
Asm_3OfnqBTIGs4,93.92,9.7e-05
Asm_3OfnqBTIGs4,94.0,0.000107
Asm_3OfnqBTIGs4,94.08,0.000222
Asm_3OfnqBTIGs4,94.16000000000001,2e-05
Asm_3OfnqBTIGs4,94.24000000000001,0.000992
Asm_3OfnqBTIGs4,94.32000000000001,0.002175
Asm_3OfnqBTIGs4,94.4,0.002032
Asm_3OfnqBTIGs4,94.48,0.010944
Asm_3OfnqBTIGs4,94.56,0.050413
Asm_3OfnqBTIGs4,94.64,0.0141
Asm_3OfnqBTIGs4,94.72,0.016409
Asm_3OfnqBTIGs4,94.8,0.023904
Asm_3OfnqBTIGs4,94.88000000000001,0.055542
Asm_3OfnqBTIGs4,94.96000000000001,0.033045
Asm_3OfnqBTIGs4,95.04,0.012286
Asm_3OfnqBTIGs4,95.12,0.011599
Asm_3OfnqBTIGs4,95.2,0.002842
Asm_3OfnqBTIGs4,95.28,0.00172
Asm_3OfnqBTIGs4,95.36,0.009077
Asm_3OfnqBTIGs4,95.44,0.013518
Asm_3OfnqBTIGs4,95.52000000000001,0.006262
Asm_3OfnqBTIGs4,95.60000000000001,0.0143
Asm_3OfnqBTIGs4,95.68,0.016609
Asm_3OfnqBTIGs4,95.76,0.022116
Asm_3OfnqBTIGs4,95.84,0.031407
Asm_3OfnqBTIGs4,95.92,0.02317
Asm_3OfnqBTIGs4,96.0,0.01138
Asm_3OfnqBTIGs4,96.08,0.005817
Asm_3OfnqBTIGs4,96.16000000000001,0.004684
Asm_3OfnqBTIGs4,96.24000000000001,0.009885
Asm_3OfnqBTIGs4,96.32000000000001,0.006264
Asm_3OfnqBTIGs4,96.4,0.003735
Asm_3OfnqBTIGs4,96.48,0.001962
Asm_3OfnqBTIGs4,96.56,0.002477
Asm_3OfnqBTIGs4,96.64,0.001403
Asm_3OfnqBTIGs4,96.72,0.007708
Asm_3OfnqBTIGs4,96.8,0.00503
Asm_3OfnqBTIGs4,96.88000000000001,0.001514
Asm_3OfnqBTIGs4,96.96000000000001,0.003552
Asm_3OfnqBTIGs4,97.04,0.003847
Asm_3OfnqBTIGs4,97.12,0.014626
Asm_3OfnqBTIGs4,97.2,0.013421
Asm_3OfnqBTIGs4,97.28,0.004925
Asm_3OfnqBTIGs4,97.36,0.00776
Asm_3OfnqBTIGs4,97.44,0.01562
Asm_3OfnqBTIGs4,97.52000000000001,0.029338
Asm_3OfnqBTIGs4,97.60000000000001,0.038022
Asm_3OfnqBTIGs4,97.68,0.057808
Asm_3OfnqBTIGs4,97.76,0.029236
Asm_3OfnqBTIGs4,97.84,0.044077
Asm_3OfnqBTIGs4,97.92,0.038279
Asm_3OfnqBTIGs4,98.0,0.026487
Asm_3OfnqBTIGs4,98.08,0.060111
Asm_3OfnqBTIGs4,98.16000000000001,0.110238
Asm_3OfnqBTIGs4,98.24000000000001,0.032291
Asm_3OfnqBTIGs4,98.32000000000001,0.040375
Asm_3OfnqBTIGs4,98.4,0.012668
Asm_3OfnqBTIGs4,98.48,0.022136
Asm_3OfnqBTIGs4,98.56,0.017438
Asm_3OfnqBTIGs4,98.64,0.038635
Asm_3OfnqBTIGs4,98.72,0.025708
Asm_3OfnqBTIGs4,98.8,0.015673
Asm_3OfnqBTIGs4,98.88000000000001,0.002978
Asm_3OfnqBTIGs4,98.96000000000001,0.00791
Asm_3OfnqBTIGs4,99.04,0.001403
Asm_3OfnqBTIGs4,99.12,0.004376
Asm_3OfnqBTIGs4,99.2,0.005156
Asm_3OfnqBTIGs4,99.28,0.008928
Asm_3OfnqBTIGs4,99.36,0.007849
Asm_3OfnqBTIGs4,99.44,0.007547
Asm_3OfnqBTIGs4,99.52000000000001,0.00243
Asm_3OfnqBTIGs4,99.60000000000001,0.00626
Asm_3OfnqBTIGs4,99.68,0.00547
Asm_3OfnqBTIGs4,99.76,0.025058
Asm_3OfnqBTIGs4,99.84,0.00478
Asm_3OfnqBTIGs4,99.92,0.006196
Asm_3OfnqBTIGs4,100.0,0.002537
Asm_3OfnqBTIGs4,100.08,0.002236
Asm_3OfnqBTIGs4,100.16000000000001,0.0047
Asm_3OfnqBTIGs4,100.24000000000001,0.002209
Asm_3OfnqBTIGs4,100.32000000000001,0.004697
Asm_3OfnqBTIGs4,100.4,0.002193
Asm_3OfnqBTIGs4,100.48,0.001566
Asm_3OfnqBTIGs4,100.56,0.001215
Asm_3OfnqBTIGs4,100.64,0.00541
Asm_3OfnqBTIGs4,100.72,0.004459
Asm_3OfnqBTIGs4,100.8,0.003079
Asm_3OfnqBTIGs4,100.88000000000001,0.01241
Asm_3OfnqBTIGs4,100.96000000000001,0.011595
Asm_3OfnqBTIGs4,101.04,0.020676
Asm_3OfnqBTIGs4,101.12,0.013076
Asm_3OfnqBTIGs4,101.2,0.123756
Asm_3OfnqBTIGs4,101.28,0.01125
Asm_3OfnqBTIGs4,101.36,0.028343
Asm_3OfnqBTIGs4,101.44,0.015394
Asm_3OfnqBTIGs4,101.52000000000001,0.06101
Asm_3OfnqBTIGs4,101.60000000000001,0.038879
Asm_3OfnqBTIGs4,101.68,0.01976
Asm_3OfnqBTIGs4,101.76,0.028218
Asm_3OfnqBTIGs4,101.84,0.013024
Asm_3OfnqBTIGs4,101.92,0.013918
Asm_3OfnqBTIGs4,102.0,0.013087
Asm_3OfnqBTIGs4,102.08,0.007652
Asm_3OfnqBTIGs4,102.16000000000001,0.003287
Asm_3OfnqBTIGs4,102.24000000000001,0.008009
Asm_3OfnqBTIGs4,102.32000000000001,0.013316
Asm_3OfnqBTIGs4,102.4,0.031923
Asm_3OfnqBTIGs4,102.48,0.005713
Asm_3OfnqBTIGs4,102.56,0.007389
Asm_3OfnqBTIGs4,102.64,0.001168
Asm_3OfnqBTIGs4,102.72,0.006891
Asm_3OfnqBTIGs4,102.8,0.002743
Asm_3OfnqBTIGs4,102.88000000000001,0.01257
Asm_3OfnqBTIGs4,102.96000000000001,0.020651
Asm_3OfnqBTIGs4,103.04,0.00649
Asm_3OfnqBTIGs4,103.12,0.006315
Asm_3OfnqBTIGs4,103.2,0.004363
Asm_3OfnqBTIGs4,103.28,0.015584
Asm_3OfnqBTIGs4,103.36,0.015717
Asm_3OfnqBTIGs4,103.44,0.030489
Asm_3OfnqBTIGs4,103.52000000000001,0.011279
Asm_3OfnqBTIGs4,103.60000000000001,0.006072
Asm_3OfnqBTIGs4,103.68,0.015067
Asm_3OfnqBTIGs4,103.76,0.0169
Asm_3OfnqBTIGs4,103.84,0.004968
Asm_3OfnqBTIGs4,103.92,0.00191
Asm_3OfnqBTIGs4,104.0,0.003949
Asm_3OfnqBTIGs4,104.08,0.002009
Asm_3OfnqBTIGs4,104.16000000000001,0.002457
Asm_3OfnqBTIGs4,104.24000000000001,0.002343
Asm_3OfnqBTIGs4,104.32000000000001,0.002342
Asm_3OfnqBTIGs4,104.4,0.001578
Asm_3OfnqBTIGs4,104.48,0.004173
Asm_3OfnqBTIGs4,104.56,0.023134
Asm_3OfnqBTIGs4,104.64,0.01183
Asm_3OfnqBTIGs4,104.72,0.00598
Asm_3OfnqBTIGs4,104.8,0.020671
Asm_3OfnqBTIGs4,104.88000000000001,0.020008
Asm_3OfnqBTIGs4,104.96000000000001,0.008159
Asm_3OfnqBTIGs4,105.04,0.003769
Asm_3OfnqBTIGs4,105.12,0.017278
Asm_3OfnqBTIGs4,105.2,0.010653
Asm_3OfnqBTIGs4,105.28,0.013664
Asm_3OfnqBTIGs4,105.36,0.027417
Asm_3OfnqBTIGs4,105.44,0.05172
Asm_3OfnqBTIGs4,105.52000000000001,0.045152
Asm_3OfnqBTIGs4,105.60000000000001,0.072378
Asm_3OfnqBTIGs4,105.68,0.046297
Asm_3OfnqBTIGs4,105.76,0.073342
Asm_3OfnqBTIGs4,105.84,0.016527
Asm_3OfnqBTIGs4,105.92,0.025421
Asm_3OfnqBTIGs4,106.0,0.006021
Asm_3OfnqBTIGs4,106.08,0.008353
Asm_3OfnqBTIGs4,106.16000000000001,0.021445
Asm_3OfnqBTIGs4,106.24000000000001,0.065324
Asm_3OfnqBTIGs4,106.32000000000001,0.071056
Asm_3OfnqBTIGs4,106.4,0.091189
Asm_3OfnqBTIGs4,106.48,0.135163
Asm_3OfnqBTIGs4,106.56,0.171865
Asm_3OfnqBTIGs4,106.64,0.497301
Asm_3OfnqBTIGs4,106.72,0.023109
Asm_3OfnqBTIGs4,106.8,0.107227
Asm_3OfnqBTIGs4,106.88000000000001,0.018681
Asm_3OfnqBTIGs4,106.96000000000001,0.02337
Asm_3OfnqBTIGs4,107.04,0.005567
Asm_3OfnqBTIGs4,107.12,0.008341
Asm_3OfnqBTIGs4,107.2,0.00281
Asm_3OfnqBTIGs4,107.28,0.005262
Asm_3OfnqBTIGs4,107.36,0.008405
Asm_3OfnqBTIGs4,107.44,0.00697
Asm_3OfnqBTIGs4,107.52000000000001,0.010459
Asm_3OfnqBTIGs4,107.60000000000001,0.025942
Asm_3OfnqBTIGs4,107.68,0.059551
Asm_3OfnqBTIGs4,107.76,0.021344
Asm_3OfnqBTIGs4,107.84,0.013223
Asm_3OfnqBTIGs4,107.92,0.035363
Asm_3OfnqBTIGs4,108.0,0.032536
Asm_3OfnqBTIGs4,108.08,0.039143
Asm_3OfnqBTIGs4,108.16000000000001,0.079127
Asm_3OfnqBTIGs4,108.24000000000001,0.053094
Asm_3OfnqBTIGs4,108.32000000000001,0.027313
Asm_3OfnqBTIGs4,108.4,0.021282
Asm_3OfnqBTIGs4,108.48,0.032309
Asm_3OfnqBTIGs4,108.56,0.024868
Asm_3OfnqBTIGs4,108.64,0.035648
Asm_3OfnqBTIGs4,108.72,0.067456
Asm_3OfnqBTIGs4,108.8,0.02312
Asm_3OfnqBTIGs4,108.88000000000001,0.024004
Asm_3OfnqBTIGs4,108.96000000000001,0.009461
Asm_3OfnqBTIGs4,109.04,0.030042
Asm_3OfnqBTIGs4,109.12,0.021934
Asm_3OfnqBTIGs4,109.2,0.025994
Asm_3OfnqBTIGs4,109.28,0.023057
Asm_3OfnqBTIGs4,109.36,0.015294
Asm_3OfnqBTIGs4,109.44,0.019773
Asm_3OfnqBTIGs4,109.52000000000001,0.024744
Asm_3OfnqBTIGs4,109.60000000000001,0.019941
Asm_3OfnqBTIGs4,109.68,0.017625
Asm_3OfnqBTIGs4,109.76,0.027979
Asm_3OfnqBTIGs4,109.84,0.030417
Asm_3OfnqBTIGs4,109.92,0.03989
Asm_3OfnqBTIGs4,110.0,0.051178
Asm_3OfnqBTIGs4,110.08,0.096108
Asm_3OfnqBTIGs4,110.16000000000001,0.050543
Asm_3OfnqBTIGs4,110.24000000000001,0.070379
Asm_3OfnqBTIGs4,110.32000000000001,0.061916
Asm_3OfnqBTIGs4,110.4,0.023515
Asm_3OfnqBTIGs4,110.48,0.017563
Asm_3OfnqBTIGs4,110.56,0.011631
Asm_3OfnqBTIGs4,110.64,0.01269
Asm_3OfnqBTIGs4,110.72,0.032874
Asm_3OfnqBTIGs4,110.8,0.040035
Asm_3OfnqBTIGs4,110.88000000000001,0.020887
Asm_3OfnqBTIGs4,110.96000000000001,0.025629
Asm_3OfnqBTIGs4,111.04,0.032802
Asm_3OfnqBTIGs4,111.12,0.034268
Asm_3OfnqBTIGs4,111.2,0.013828
Asm_3OfnqBTIGs4,111.28,0.008808
Asm_3OfnqBTIGs4,111.36,0.015059
Asm_3OfnqBTIGs4,111.44,0.006779
Asm_3OfnqBTIGs4,111.52000000000001,0.004411
Asm_3OfnqBTIGs4,111.60000000000001,0.002163
Asm_3OfnqBTIGs4,111.68,0.006482
Asm_3OfnqBTIGs4,111.76,0.013371
Asm_3OfnqBTIGs4,111.84,0.016772
Asm_3OfnqBTIGs4,111.92,0.01438
Asm_3OfnqBTIGs4,112.0,0.032433
Asm_3OfnqBTIGs4,112.08,0.007282
Asm_3OfnqBTIGs4,112.16000000000001,0.006268
Asm_3OfnqBTIGs4,112.24000000000001,0.011054
Asm_3OfnqBTIGs4,112.32000000000001,0.010474
Asm_3OfnqBTIGs4,112.4,0.00611
Asm_3OfnqBTIGs4,112.48,0.009215
Asm_3OfnqBTIGs4,112.56,0.007745
Asm_3OfnqBTIGs4,112.64,0.020743
Asm_3OfnqBTIGs4,112.72,0.028598
Asm_3OfnqBTIGs4,112.8,0.007191
Asm_3OfnqBTIGs4,112.88000000000001,0.004823
Asm_3OfnqBTIGs4,112.96000000000001,0.007433
Asm_3OfnqBTIGs4,113.04,0.004774
Asm_3OfnqBTIGs4,113.12,0.00735
Asm_3OfnqBTIGs4,113.2,0.020403
Asm_3OfnqBTIGs4,113.28,0.011053
Asm_3OfnqBTIGs4,113.36,0.015035
Asm_3OfnqBTIGs4,113.44,0.040579
Asm_3OfnqBTIGs4,113.52000000000001,0.017656
Asm_3OfnqBTIGs4,113.60000000000001,0.036458
Asm_3OfnqBTIGs4,113.68,0.013353
Asm_3OfnqBTIGs4,113.76,0.026638
Asm_3OfnqBTIGs4,113.84,0.005425
Asm_3OfnqBTIGs4,113.92,0.005111
Asm_3OfnqBTIGs4,114.0,0.006978
Asm_3OfnqBTIGs4,114.08,0.002514
Asm_3OfnqBTIGs4,114.16000000000001,0.005499
Asm_3OfnqBTIGs4,114.24000000000001,0.000342
Asm_3OfnqBTIGs4,114.32000000000001,0.000847
Asm_3OfnqBTIGs4,114.4,0.000153
Asm_3OfnqBTIGs4,114.48,5e-06
Asm_3OfnqBTIGs4,114.56,0.0
Asm_3OfnqBTIGs4,114.64,0.0
Asm_3OfnqBTIGs4,114.72,0.0
Asm_3OfnqBTIGs4,114.8,0.0
Asm_3OfnqBTIGs4,114.88000000000001,2e-06
Asm_3OfnqBTIGs4,114.96000000000001,2.2e-05
Asm_3OfnqBTIGs4,115.04,0.002936
Asm_3OfnqBTIGs4,115.12,0.015613
Asm_3OfnqBTIGs4,115.2,0.028434
Asm_3OfnqBTIGs4,115.28,0.038071
Asm_3OfnqBTIGs4,115.36,0.044023
Asm_3OfnqBTIGs4,115.44,0.022126
Asm_3OfnqBTIGs4,115.52000000000001,0.021189
Asm_3OfnqBTIGs4,115.60000000000001,0.023444
Asm_3OfnqBTIGs4,115.68,0.00801
Asm_3OfnqBTIGs4,115.76,0.011781
Asm_3OfnqBTIGs4,115.84,0.010549
Asm_3OfnqBTIGs4,115.92,0.007617
Asm_3OfnqBTIGs4,116.0,0.005514
Asm_3OfnqBTIGs4,116.08,0.011829
Asm_3OfnqBTIGs4,116.16000000000001,0.009872
Asm_3OfnqBTIGs4,116.24000000000001,0.003655
Asm_3OfnqBTIGs4,116.32000000000001,0.010409
Asm_3OfnqBTIGs4,116.4,0.014516
Asm_3OfnqBTIGs4,116.48,0.03151
Asm_3OfnqBTIGs4,116.56,0.061145
Asm_3OfnqBTIGs4,116.64,0.030036
Asm_3OfnqBTIGs4,116.72,0.035285
Asm_3OfnqBTIGs4,116.8,0.022908
Asm_3OfnqBTIGs4,116.88000000000001,0.019573
Asm_3OfnqBTIGs4,116.96000000000001,0.013628
Asm_3OfnqBTIGs4,117.04,0.014026
Asm_3OfnqBTIGs4,117.12,0.013895
Asm_3OfnqBTIGs4,117.2,0.005294
Asm_3OfnqBTIGs4,117.28,0.006865
Asm_3OfnqBTIGs4,117.36,0.024938
Asm_3OfnqBTIGs4,117.44,0.036254
Asm_3OfnqBTIGs4,117.52000000000001,0.028515
Asm_3OfnqBTIGs4,117.60000000000001,0.005525
Asm_3OfnqBTIGs4,117.68,0.010806
Asm_3OfnqBTIGs4,117.76,0.004948
Asm_3OfnqBTIGs4,117.84,0.009899
Asm_3OfnqBTIGs4,117.92,0.011768
Asm_3OfnqBTIGs4,118.0,0.023629
Asm_3OfnqBTIGs4,118.08,0.009786
Asm_3OfnqBTIGs4,118.16000000000001,0.029663
Asm_3OfnqBTIGs4,118.24000000000001,0.047879
Asm_3OfnqBTIGs4,118.32000000000001,0.026085
Asm_3OfnqBTIGs4,118.4,0.020931
Asm_3OfnqBTIGs4,118.48,0.065317
Asm_3OfnqBTIGs4,118.56,0.021942
Asm_3OfnqBTIGs4,118.64,0.014734
Asm_3OfnqBTIGs4,118.72,0.015924
Asm_3OfnqBTIGs4,118.8,0.019442
Asm_3OfnqBTIGs4,118.88000000000001,0.035332
Asm_3OfnqBTIGs4,118.96000000000001,0.010277
Asm_3OfnqBTIGs4,119.04,0.024015
Asm_3OfnqBTIGs4,119.12,0.004359
Asm_3OfnqBTIGs4,119.2,0.004227
Asm_3OfnqBTIGs4,119.28,0.001322
Asm_3OfnqBTIGs4,119.36,0.005373
Asm_3OfnqBTIGs4,119.44,0.007614
Babble_s_m1QKaQXVc,0.48,0.050226
Babble_s_m1QKaQXVc,0.5599999999999999,0.048138
Babble_s_m1QKaQXVc,0.64,0.064969
Babble_s_m1QKaQXVc,0.72,0.044095
Babble_s_m1QKaQXVc,0.8,0.053615
Babble_s_m1QKaQXVc,0.88,0.03479
Babble_s_m1QKaQXVc,0.96,0.146928
Babble_s_m1QKaQXVc,1.04,0.037357
Babble_s_m1QKaQXVc,1.12,0.111191
Babble_s_m1QKaQXVc,1.2,0.039104
Babble_s_m1QKaQXVc,1.28,0.071118
Babble_s_m1QKaQXVc,1.3599999999999999,0.022861
Babble_s_m1QKaQXVc,1.44,0.022199
Babble_s_m1QKaQXVc,1.52,0.036337
Babble_s_m1QKaQXVc,1.6,0.037855
Babble_s_m1QKaQXVc,1.68,0.052205
Babble_s_m1QKaQXVc,1.76,0.063867
Babble_s_m1QKaQXVc,1.84,0.054018
Babble_s_m1QKaQXVc,1.92,0.028657
Babble_s_m1QKaQXVc,2.0,0.028408
Babble_s_m1QKaQXVc,2.08,0.028233
Babble_s_m1QKaQXVc,2.16,0.010107
Babble_s_m1QKaQXVc,2.24,0.013407
Babble_s_m1QKaQXVc,2.3200000000000003,0.007385
Babble_s_m1QKaQXVc,2.4,0.010675
Babble_s_m1QKaQXVc,2.48,0.026991
Babble_s_m1QKaQXVc,2.56,0.012529
Babble_s_m1QKaQXVc,2.64,0.09509
Babble_s_m1QKaQXVc,2.72,0.005192
Babble_s_m1QKaQXVc,2.8,0.025216
Babble_s_m1QKaQXVc,2.88,0.021044
Babble_s_m1QKaQXVc,2.96,0.042696
Babble_s_m1QKaQXVc,3.04,0.03534
Babble_s_m1QKaQXVc,3.12,0.023278
Babble_s_m1QKaQXVc,3.2,0.042425
Babble_s_m1QKaQXVc,3.28,0.029984
Babble_s_m1QKaQXVc,3.36,0.065142
Babble_s_m1QKaQXVc,3.44,0.030685
Babble_s_m1QKaQXVc,3.52,0.027697
Babble_s_m1QKaQXVc,3.6,0.027507
Babble_s_m1QKaQXVc,3.68,0.131736
Babble_s_m1QKaQXVc,3.76,0.126117
Babble_s_m1QKaQXVc,3.84,0.300347
Babble_s_m1QKaQXVc,3.92,0.53489
Babble_s_m1QKaQXVc,4.0,0.139721
Babble_s_m1QKaQXVc,4.08,0.127363
Babble_s_m1QKaQXVc,4.16,0.075882
Babble_s_m1QKaQXVc,4.24,0.125489
Babble_s_m1QKaQXVc,4.32,0.28398
Babble_s_m1QKaQXVc,4.4,0.12695
Babble_s_m1QKaQXVc,4.48,0.056987
Babble_s_m1QKaQXVc,4.5600000000000005,0.044859
Babble_s_m1QKaQXVc,4.640000000000001,0.044675
Babble_s_m1QKaQXVc,4.720000000000001,0.037207
Babble_s_m1QKaQXVc,4.800000000000001,0.026906
Babble_s_m1QKaQXVc,4.880000000000001,0.024916
Babble_s_m1QKaQXVc,4.960000000000001,0.029673
Babble_s_m1QKaQXVc,5.039999999999999,0.103592
Babble_s_m1QKaQXVc,5.119999999999999,0.071138
Babble_s_m1QKaQXVc,5.199999999999999,0.559142
Babble_s_m1QKaQXVc,5.279999999999999,0.466666
Babble_s_m1QKaQXVc,5.359999999999999,0.19721
Babble_s_m1QKaQXVc,5.4399999999999995,0.268032
Babble_s_m1QKaQXVc,5.52,0.268357
Babble_s_m1QKaQXVc,5.6,0.25151
Babble_s_m1QKaQXVc,5.68,0.178159
Babble_s_m1QKaQXVc,5.76,0.228111
Babble_s_m1QKaQXVc,5.84,0.135641
Babble_s_m1QKaQXVc,5.92,0.223367
Babble_s_m1QKaQXVc,6.0,0.067097
Babble_s_m1QKaQXVc,6.08,0.349883
Babble_s_m1QKaQXVc,6.16,0.15084
Babble_s_m1QKaQXVc,6.24,0.035738
Babble_s_m1QKaQXVc,6.32,0.104773
Babble_s_m1QKaQXVc,6.4,0.065076
Babble_s_m1QKaQXVc,6.48,0.208268
Babble_s_m1QKaQXVc,6.5600000000000005,0.016567
Babble_s_m1QKaQXVc,6.640000000000001,0.022849
Babble_s_m1QKaQXVc,6.720000000000001,0.046445
Babble_s_m1QKaQXVc,6.800000000000001,0.077328
Babble_s_m1QKaQXVc,6.880000000000001,0.087901
Babble_s_m1QKaQXVc,6.960000000000001,0.099057
Babble_s_m1QKaQXVc,7.039999999999999,0.091924
Babble_s_m1QKaQXVc,7.119999999999999,0.113375
Babble_s_m1QKaQXVc,7.199999999999999,0.113601
Babble_s_m1QKaQXVc,7.279999999999999,0.059683
Babble_s_m1QKaQXVc,7.359999999999999,0.029024
Babble_s_m1QKaQXVc,7.4399999999999995,0.076169
Babble_s_m1QKaQXVc,7.52,0.130893
Babble_s_m1QKaQXVc,7.6,0.2902
Babble_s_m1QKaQXVc,7.68,0.054645
Babble_s_m1QKaQXVc,7.76,0.369693
Babble_s_m1QKaQXVc,7.84,0.188446
Babble_s_m1QKaQXVc,7.92,0.144859
Babble_s_m1QKaQXVc,8.0,0.055519
Babble_s_m1QKaQXVc,8.08,0.056909
Babble_s_m1QKaQXVc,8.16,0.117025
Babble_s_m1QKaQXVc,8.24,0.009418
Babble_s_m1QKaQXVc,8.32,0.015783
Babble_s_m1QKaQXVc,8.4,0.016761
Babble_s_m1QKaQXVc,8.48,0.021072
Babble_s_m1QKaQXVc,8.56,0.073475
Babble_s_m1QKaQXVc,8.64,0.051192
Babble_s_m1QKaQXVc,8.72,0.079486
Babble_s_m1QKaQXVc,8.8,0.124463
Babble_s_m1QKaQXVc,8.88,0.114907
Babble_s_m1QKaQXVc,8.96,0.912122
Babble_s_m1QKaQXVc,9.040000000000001,0.079461
Babble_s_m1QKaQXVc,9.120000000000001,0.312365
Babble_s_m1QKaQXVc,9.200000000000001,0.159465
Babble_s_m1QKaQXVc,9.280000000000001,0.874836
Babble_s_m1QKaQXVc,9.360000000000001,0.190062
Babble_s_m1QKaQXVc,9.440000000000001,0.686172
Babble_s_m1QKaQXVc,9.52,0.105345
Babble_s_m1QKaQXVc,9.6,0.351455
Babble_s_m1QKaQXVc,9.68,0.058924
Babble_s_m1QKaQXVc,9.76,0.070538
Babble_s_m1QKaQXVc,9.84,0.06307
Babble_s_m1QKaQXVc,9.92,0.088318
Babble_s_m1QKaQXVc,10.0,0.100791
Babble_s_m1QKaQXVc,10.08,0.057672
Babble_s_m1QKaQXVc,10.16,0.044812
Babble_s_m1QKaQXVc,10.24,0.006192
Babble_s_m1QKaQXVc,10.32,0.020505
Babble_s_m1QKaQXVc,10.4,0.007178
Babble_s_m1QKaQXVc,10.48,0.013765
Babble_s_m1QKaQXVc,10.56,0.009614
Babble_s_m1QKaQXVc,10.64,0.02565
Babble_s_m1QKaQXVc,10.72,0.010932
Babble_s_m1QKaQXVc,10.8,0.085528
Babble_s_m1QKaQXVc,10.88,0.054263
Babble_s_m1QKaQXVc,10.96,0.019383
Babble_s_m1QKaQXVc,11.040000000000001,0.084541
Babble_s_m1QKaQXVc,11.120000000000001,0.018382
Babble_s_m1QKaQXVc,11.200000000000001,0.015334
Babble_s_m1QKaQXVc,11.280000000000001,0.024388
Babble_s_m1QKaQXVc,11.360000000000001,0.0365
Babble_s_m1QKaQXVc,11.440000000000001,0.016484
Babble_s_m1QKaQXVc,11.52,0.017559
Babble_s_m1QKaQXVc,11.6,0.024165
Babble_s_m1QKaQXVc,11.68,0.023868
Babble_s_m1QKaQXVc,11.76,0.012015
Babble_s_m1QKaQXVc,11.84,0.044369
Babble_s_m1QKaQXVc,11.92,0.00745
Babble_s_m1QKaQXVc,12.0,0.00634
Babble_s_m1QKaQXVc,12.08,0.027854
Babble_s_m1QKaQXVc,12.16,0.010298
Babble_s_m1QKaQXVc,12.24,0.010856
Babble_s_m1QKaQXVc,12.32,0.030992
Babble_s_m1QKaQXVc,12.4,0.035795
Babble_s_m1QKaQXVc,12.48,0.045673
Babble_s_m1QKaQXVc,12.56,0.052076
Babble_s_m1QKaQXVc,12.64,0.008688
Babble_s_m1QKaQXVc,12.72,0.020502
Babble_s_m1QKaQXVc,12.8,0.010773
Babble_s_m1QKaQXVc,12.88,0.008909
Babble_s_m1QKaQXVc,12.96,0.011441
Babble_s_m1QKaQXVc,13.040000000000001,0.085774
Babble_s_m1QKaQXVc,13.120000000000001,0.026083
Babble_s_m1QKaQXVc,13.200000000000001,0.133811
Babble_s_m1QKaQXVc,13.280000000000001,0.055283
Babble_s_m1QKaQXVc,13.360000000000001,0.076731
Babble_s_m1QKaQXVc,13.440000000000001,0.081969
Babble_s_m1QKaQXVc,13.52,0.115804
Babble_s_m1QKaQXVc,13.6,0.349021
Babble_s_m1QKaQXVc,13.68,0.161714
Babble_s_m1QKaQXVc,13.76,0.083439
Babble_s_m1QKaQXVc,13.84,0.810913
Babble_s_m1QKaQXVc,13.92,0.237691
Babble_s_m1QKaQXVc,14.0,0.167347
Babble_s_m1QKaQXVc,14.08,0.114393
Babble_s_m1QKaQXVc,14.16,0.111502
Babble_s_m1QKaQXVc,14.24,0.218592
Babble_s_m1QKaQXVc,14.32,0.153013
Babble_s_m1QKaQXVc,14.4,0.04968
Babble_s_m1QKaQXVc,14.48,0.056659
Babble_s_m1QKaQXVc,14.56,0.065185
Babble_s_m1QKaQXVc,14.64,0.124786
Babble_s_m1QKaQXVc,14.72,0.057802
Babble_s_m1QKaQXVc,14.8,0.141969
Babble_s_m1QKaQXVc,14.88,0.325744
Babble_s_m1QKaQXVc,14.96,0.146238
Babble_s_m1QKaQXVc,15.040000000000001,0.070486
Babble_s_m1QKaQXVc,15.120000000000001,0.017855
Babble_s_m1QKaQXVc,15.200000000000001,0.020363
Babble_s_m1QKaQXVc,15.280000000000001,0.018719
Babble_s_m1QKaQXVc,15.360000000000001,0.060515
Babble_s_m1QKaQXVc,15.440000000000001,0.042165
Babble_s_m1QKaQXVc,15.52,0.081627
Babble_s_m1QKaQXVc,15.6,0.054194
Babble_s_m1QKaQXVc,15.68,0.06358
Babble_s_m1QKaQXVc,15.76,0.061097
Babble_s_m1QKaQXVc,15.84,0.051497
Babble_s_m1QKaQXVc,15.92,0.226135
Babble_s_m1QKaQXVc,16.0,0.067935
Babble_s_m1QKaQXVc,16.08,0.216719
Babble_s_m1QKaQXVc,16.16,0.277282
Babble_s_m1QKaQXVc,16.24,0.95427
Babble_s_m1QKaQXVc,16.32,0.727737
Babble_s_m1QKaQXVc,16.4,0.187222
Babble_s_m1QKaQXVc,16.48,0.141921
Babble_s_m1QKaQXVc,16.56,0.129048
Babble_s_m1QKaQXVc,16.64,0.891428
Babble_s_m1QKaQXVc,16.72,0.803058
Babble_s_m1QKaQXVc,16.8,0.781038
Babble_s_m1QKaQXVc,16.88,0.229095
Babble_s_m1QKaQXVc,16.96,0.102968
Babble_s_m1QKaQXVc,17.04,0.272123
Babble_s_m1QKaQXVc,17.12,0.052741
Babble_s_m1QKaQXVc,17.2,0.046001
Babble_s_m1QKaQXVc,17.28,0.062193
Babble_s_m1QKaQXVc,17.36,0.109507
Babble_s_m1QKaQXVc,17.44,0.068534
Babble_s_m1QKaQXVc,17.52,0.062387
Babble_s_m1QKaQXVc,17.6,0.666553
Babble_s_m1QKaQXVc,17.68,0.026077
Babble_s_m1QKaQXVc,17.76,0.156675
Babble_s_m1QKaQXVc,17.84,0.027894
Babble_s_m1QKaQXVc,17.92,0.086814
Babble_s_m1QKaQXVc,18.0,0.038853
Babble_s_m1QKaQXVc,18.080000000000002,0.060712
Babble_s_m1QKaQXVc,18.16,0.053648
Babble_s_m1QKaQXVc,18.240000000000002,0.299517
Babble_s_m1QKaQXVc,18.32,0.051165
Babble_s_m1QKaQXVc,18.400000000000002,0.059715
Babble_s_m1QKaQXVc,18.48,0.126015
Babble_s_m1QKaQXVc,18.56,0.058068
Babble_s_m1QKaQXVc,18.64,0.096234
Babble_s_m1QKaQXVc,18.72,0.103361
Babble_s_m1QKaQXVc,18.8,0.036144
Babble_s_m1QKaQXVc,18.88,0.017271
Babble_s_m1QKaQXVc,18.96,0.041185
Babble_s_m1QKaQXVc,19.04,0.031083
Babble_s_m1QKaQXVc,19.12,0.04497
Babble_s_m1QKaQXVc,19.2,0.034076
Babble_s_m1QKaQXVc,19.28,0.042239
Babble_s_m1QKaQXVc,19.36,0.547699
Babble_s_m1QKaQXVc,19.44,0.118772
Babble_s_m1QKaQXVc,19.52,0.0744
Babble_s_m1QKaQXVc,19.6,0.118802
Babble_s_m1QKaQXVc,19.68,0.052092
Babble_s_m1QKaQXVc,19.76,0.158175
Babble_s_m1QKaQXVc,19.84,0.475622
Babble_s_m1QKaQXVc,19.92,0.231439
Babble_s_m1QKaQXVc,20.0,0.103918
Babble_s_m1QKaQXVc,20.080000000000002,0.378275
Babble_s_m1QKaQXVc,20.16,0.251038
Babble_s_m1QKaQXVc,20.240000000000002,0.054755
Babble_s_m1QKaQXVc,20.32,0.158628
Babble_s_m1QKaQXVc,20.400000000000002,0.613833
Babble_s_m1QKaQXVc,20.48,0.519353
Babble_s_m1QKaQXVc,20.56,0.365173
Babble_s_m1QKaQXVc,20.64,0.964041
Babble_s_m1QKaQXVc,20.72,0.886547
Babble_s_m1QKaQXVc,20.8,0.874174
Babble_s_m1QKaQXVc,20.88,0.178248
Babble_s_m1QKaQXVc,20.96,0.331635
Babble_s_m1QKaQXVc,21.04,0.08874
Babble_s_m1QKaQXVc,21.12,0.065086
Babble_s_m1QKaQXVc,21.2,0.054777
Babble_s_m1QKaQXVc,21.28,0.053458
Babble_s_m1QKaQXVc,21.36,0.052466
Babble_s_m1QKaQXVc,21.44,0.016247
Babble_s_m1QKaQXVc,21.52,0.016143
Babble_s_m1QKaQXVc,21.6,0.03774
Babble_s_m1QKaQXVc,21.68,0.014031
Babble_s_m1QKaQXVc,21.76,0.03423
Babble_s_m1QKaQXVc,21.84,0.029678
Babble_s_m1QKaQXVc,21.92,0.124361
Babble_s_m1QKaQXVc,22.0,0.066094
Babble_s_m1QKaQXVc,22.080000000000002,0.263815
Babble_s_m1QKaQXVc,22.16,0.069984
Babble_s_m1QKaQXVc,22.240000000000002,0.083188
Babble_s_m1QKaQXVc,22.32,0.070713
Babble_s_m1QKaQXVc,22.400000000000002,0.054842
Babble_s_m1QKaQXVc,22.48,0.10474
Babble_s_m1QKaQXVc,22.56,0.044317
Babble_s_m1QKaQXVc,22.64,0.025953
Babble_s_m1QKaQXVc,22.72,0.05157
Babble_s_m1QKaQXVc,22.8,0.016141
Babble_s_m1QKaQXVc,22.88,0.072581
Babble_s_m1QKaQXVc,22.96,0.003838
Babble_s_m1QKaQXVc,23.04,0.035878
Babble_s_m1QKaQXVc,23.12,0.024002
Babble_s_m1QKaQXVc,23.2,0.018464
Babble_s_m1QKaQXVc,23.28,0.010095
Babble_s_m1QKaQXVc,23.36,0.016018
Babble_s_m1QKaQXVc,23.44,0.068945
Babble_s_m1QKaQXVc,23.52,0.048412
Babble_s_m1QKaQXVc,23.6,0.410758
Babble_s_m1QKaQXVc,23.68,0.058656
Babble_s_m1QKaQXVc,23.76,0.082208
Babble_s_m1QKaQXVc,23.84,0.027544
Babble_s_m1QKaQXVc,23.92,0.048157
Babble_s_m1QKaQXVc,24.0,0.043654
Babble_s_m1QKaQXVc,24.080000000000002,0.051809
Babble_s_m1QKaQXVc,24.16,0.059675
Babble_s_m1QKaQXVc,24.240000000000002,0.119695
Babble_s_m1QKaQXVc,24.32,0.030391
Babble_s_m1QKaQXVc,24.400000000000002,0.01718
Babble_s_m1QKaQXVc,24.48,0.086103
Babble_s_m1QKaQXVc,24.56,0.031155
Babble_s_m1QKaQXVc,24.64,0.052676
Babble_s_m1QKaQXVc,24.72,0.0225
Babble_s_m1QKaQXVc,24.8,0.042388
Babble_s_m1QKaQXVc,24.88,0.037389
Babble_s_m1QKaQXVc,24.96,0.027847
Babble_s_m1QKaQXVc,25.04,0.029526
Babble_s_m1QKaQXVc,25.12,0.051721
Babble_s_m1QKaQXVc,25.2,0.032174
Babble_s_m1QKaQXVc,25.28,0.035806
Babble_s_m1QKaQXVc,25.36,0.061439
Babble_s_m1QKaQXVc,25.44,0.136689
Babble_s_m1QKaQXVc,25.52,0.210245
Babble_s_m1QKaQXVc,25.6,0.164336
Babble_s_m1QKaQXVc,25.68,0.128355
Babble_s_m1QKaQXVc,25.76,0.186708
Babble_s_m1QKaQXVc,25.84,0.155819
Babble_s_m1QKaQXVc,25.92,0.040756
Babble_s_m1QKaQXVc,26.0,0.173256
Babble_s_m1QKaQXVc,26.080000000000002,0.134283
Babble_s_m1QKaQXVc,26.16,0.456425
Babble_s_m1QKaQXVc,26.240000000000002,0.048231
Babble_s_m1QKaQXVc,26.32,0.087346
Babble_s_m1QKaQXVc,26.400000000000002,0.100186
Babble_s_m1QKaQXVc,26.48,0.314346
Babble_s_m1QKaQXVc,26.56,0.069043
Babble_s_m1QKaQXVc,26.64,0.312765
Babble_s_m1QKaQXVc,26.72,0.338497
Babble_s_m1QKaQXVc,26.8,0.141258
Babble_s_m1QKaQXVc,26.88,0.457608
Babble_s_m1QKaQXVc,26.96,0.134143
Babble_s_m1QKaQXVc,27.04,0.034841
Babble_s_m1QKaQXVc,27.12,0.084821
Babble_s_m1QKaQXVc,27.2,0.025947
Babble_s_m1QKaQXVc,27.28,0.177147
Babble_s_m1QKaQXVc,27.36,0.101441
Babble_s_m1QKaQXVc,27.44,0.460327
Babble_s_m1QKaQXVc,27.52,0.111127
Babble_s_m1QKaQXVc,27.6,0.511181
Babble_s_m1QKaQXVc,27.68,0.299286
Babble_s_m1QKaQXVc,27.76,0.913212
Babble_s_m1QKaQXVc,27.84,0.253969
Babble_s_m1QKaQXVc,27.92,0.199024
Babble_s_m1QKaQXVc,28.0,0.098886
Babble_s_m1QKaQXVc,28.080000000000002,0.128261
Babble_s_m1QKaQXVc,28.16,0.110772
Babble_s_m1QKaQXVc,28.240000000000002,0.247629
Babble_s_m1QKaQXVc,28.32,0.080732
Babble_s_m1QKaQXVc,28.400000000000002,0.090579
Babble_s_m1QKaQXVc,28.48,0.092633
Babble_s_m1QKaQXVc,28.56,0.019431
Babble_s_m1QKaQXVc,28.64,0.068032
Babble_s_m1QKaQXVc,28.72,0.087822
Babble_s_m1QKaQXVc,28.8,0.035901
Babble_s_m1QKaQXVc,28.88,0.022075
Babble_s_m1QKaQXVc,28.96,0.045836
Babble_s_m1QKaQXVc,29.04,0.016825
Babble_s_m1QKaQXVc,29.12,0.009497
Babble_s_m1QKaQXVc,29.2,0.028241
Babble_s_m1QKaQXVc,29.28,0.010941
Babble_s_m1QKaQXVc,29.36,0.02755
Babble_s_m1QKaQXVc,29.44,0.029868
Babble_s_m1QKaQXVc,29.52,0.03266
Babble_s_m1QKaQXVc,29.6,0.022004
Babble_s_m1QKaQXVc,29.68,0.078199
Babble_s_m1QKaQXVc,29.76,0.040608
Babble_s_m1QKaQXVc,29.84,0.052155
Babble_s_m1QKaQXVc,29.92,0.051573
Babble_s_m1QKaQXVc,30.0,0.027029
Babble_s_m1QKaQXVc,30.080000000000002,0.141089
Babble_s_m1QKaQXVc,30.16,0.020561
Babble_s_m1QKaQXVc,30.240000000000002,0.024651
Babble_s_m1QKaQXVc,30.32,0.029213
Babble_s_m1QKaQXVc,30.400000000000002,0.024074
Babble_s_m1QKaQXVc,30.48,0.280379
Babble_s_m1QKaQXVc,30.56,0.192181
Babble_s_m1QKaQXVc,30.64,0.081746
Babble_s_m1QKaQXVc,30.72,0.065142
Babble_s_m1QKaQXVc,30.8,0.243682
Babble_s_m1QKaQXVc,30.88,0.328276
Babble_s_m1QKaQXVc,30.96,0.169683
Babble_s_m1QKaQXVc,31.04,0.02266
Babble_s_m1QKaQXVc,31.12,0.042601
Babble_s_m1QKaQXVc,31.2,0.065856
Babble_s_m1QKaQXVc,31.28,0.080652
Babble_s_m1QKaQXVc,31.36,0.018398
Babble_s_m1QKaQXVc,31.44,0.048228
Babble_s_m1QKaQXVc,31.52,0.119442
Babble_s_m1QKaQXVc,31.6,0.038092
Babble_s_m1QKaQXVc,31.68,0.040602
Babble_s_m1QKaQXVc,31.76,0.02748
Babble_s_m1QKaQXVc,31.84,0.059177
Babble_s_m1QKaQXVc,31.92,0.068961
Babble_s_m1QKaQXVc,32.0,0.327004
Babble_s_m1QKaQXVc,32.08,0.598914
Babble_s_m1QKaQXVc,32.16,0.657345
Babble_s_m1QKaQXVc,32.24,0.031924
Babble_s_m1QKaQXVc,32.32,0.171225
Babble_s_m1QKaQXVc,32.4,0.057434
Babble_s_m1QKaQXVc,32.48,0.078104
Babble_s_m1QKaQXVc,32.559999999999995,0.132533
Babble_s_m1QKaQXVc,32.63999999999999,0.05184
Babble_s_m1QKaQXVc,32.72,0.119393
Babble_s_m1QKaQXVc,32.8,0.263452
Babble_s_m1QKaQXVc,32.879999999999995,0.673232
Babble_s_m1QKaQXVc,32.959999999999994,0.360388
Babble_s_m1QKaQXVc,33.04,0.410141
Babble_s_m1QKaQXVc,33.12,0.323082
Babble_s_m1QKaQXVc,33.199999999999996,0.513818
Babble_s_m1QKaQXVc,33.279999999999994,0.219188
Babble_s_m1QKaQXVc,33.36,0.045516
Babble_s_m1QKaQXVc,33.44,0.058396
Babble_s_m1QKaQXVc,33.519999999999996,0.045062
Babble_s_m1QKaQXVc,33.599999999999994,0.150935
Babble_s_m1QKaQXVc,33.68,0.159344
Babble_s_m1QKaQXVc,33.76,0.1114
Babble_s_m1QKaQXVc,33.839999999999996,0.078364
Babble_s_m1QKaQXVc,33.919999999999995,0.043473
Babble_s_m1QKaQXVc,34.0,0.008504
Babble_s_m1QKaQXVc,34.08,0.012503
Babble_s_m1QKaQXVc,34.16,0.010775
Babble_s_m1QKaQXVc,34.239999999999995,0.03027
Babble_s_m1QKaQXVc,34.32,0.019056
Babble_s_m1QKaQXVc,34.4,0.01054
Babble_s_m1QKaQXVc,34.48,0.007577
Babble_s_m1QKaQXVc,34.559999999999995,0.024792
Babble_s_m1QKaQXVc,34.63999999999999,0.007186
Babble_s_m1QKaQXVc,34.72,0.021374
Babble_s_m1QKaQXVc,34.8,0.014017
Babble_s_m1QKaQXVc,34.879999999999995,0.020343
Babble_s_m1QKaQXVc,34.959999999999994,0.025764
Babble_s_m1QKaQXVc,35.04,0.054548
Babble_s_m1QKaQXVc,35.12,0.029862
Babble_s_m1QKaQXVc,35.199999999999996,0.015901
Babble_s_m1QKaQXVc,35.279999999999994,0.010803
Babble_s_m1QKaQXVc,35.36,0.011853
Babble_s_m1QKaQXVc,35.44,0.019501
Babble_s_m1QKaQXVc,35.519999999999996,0.01687
Babble_s_m1QKaQXVc,35.599999999999994,0.021571
Babble_s_m1QKaQXVc,35.68,0.068954
Babble_s_m1QKaQXVc,35.76,0.056545
Babble_s_m1QKaQXVc,35.839999999999996,0.031362
Babble_s_m1QKaQXVc,35.919999999999995,0.095179
Babble_s_m1QKaQXVc,36.0,0.040958
Babble_s_m1QKaQXVc,36.08,0.008505
Babble_s_m1QKaQXVc,36.16,0.013297
Babble_s_m1QKaQXVc,36.239999999999995,0.005727
Babble_s_m1QKaQXVc,36.32,0.025218
Babble_s_m1QKaQXVc,36.4,0.001688
Babble_s_m1QKaQXVc,36.48,0.040732
Babble_s_m1QKaQXVc,36.559999999999995,0.143224
Babble_s_m1QKaQXVc,36.63999999999999,0.150306
Babble_s_m1QKaQXVc,36.72,0.30729
Babble_s_m1QKaQXVc,36.8,0.088426
Babble_s_m1QKaQXVc,36.879999999999995,0.099419
Babble_s_m1QKaQXVc,36.959999999999994,0.174882
Babble_s_m1QKaQXVc,37.04,0.089867
Babble_s_m1QKaQXVc,37.12,0.088268
Babble_s_m1QKaQXVc,37.199999999999996,0.070915
Babble_s_m1QKaQXVc,37.279999999999994,0.034876
Babble_s_m1QKaQXVc,37.36,0.073744
Babble_s_m1QKaQXVc,37.44,0.122528
Babble_s_m1QKaQXVc,37.519999999999996,0.102233
Babble_s_m1QKaQXVc,37.599999999999994,0.082375
Babble_s_m1QKaQXVc,37.68,0.06177
Babble_s_m1QKaQXVc,37.76,0.087089
Babble_s_m1QKaQXVc,37.839999999999996,0.063857
Babble_s_m1QKaQXVc,37.919999999999995,0.107063
Babble_s_m1QKaQXVc,38.0,0.06361
Babble_s_m1QKaQXVc,38.08,0.050912
Babble_s_m1QKaQXVc,38.16,0.04018
Babble_s_m1QKaQXVc,38.239999999999995,0.057587
Babble_s_m1QKaQXVc,38.32,0.031245
Babble_s_m1QKaQXVc,38.4,0.0514
Babble_s_m1QKaQXVc,38.48,0.013461
Babble_s_m1QKaQXVc,38.559999999999995,0.02088
Babble_s_m1QKaQXVc,38.63999999999999,0.025479
Babble_s_m1QKaQXVc,38.72,0.013585
Babble_s_m1QKaQXVc,38.8,0.00973
Babble_s_m1QKaQXVc,38.879999999999995,0.023004
Babble_s_m1QKaQXVc,38.959999999999994,0.012155
Babble_s_m1QKaQXVc,39.04,0.004814
Babble_s_m1QKaQXVc,39.12,0.007739
Babble_s_m1QKaQXVc,39.199999999999996,0.004809
Babble_s_m1QKaQXVc,39.279999999999994,0.053735
Babble_s_m1QKaQXVc,39.36,0.01938
Babble_s_m1QKaQXVc,39.44,0.050813
Babble_s_m1QKaQXVc,39.519999999999996,0.040295
Babble_s_m1QKaQXVc,39.599999999999994,0.064782
Babble_s_m1QKaQXVc,39.68,0.057186
Babble_s_m1QKaQXVc,39.76,0.058536
Babble_s_m1QKaQXVc,39.839999999999996,0.073592
Babble_s_m1QKaQXVc,39.919999999999995,0.229347
Babble_s_m1QKaQXVc,40.0,0.324537
Babble_s_m1QKaQXVc,40.08,0.125435
Babble_s_m1QKaQXVc,40.16,0.069928
Babble_s_m1QKaQXVc,40.239999999999995,0.146206
Babble_s_m1QKaQXVc,40.32,0.022989
Babble_s_m1QKaQXVc,40.4,0.007972
Babble_s_m1QKaQXVc,40.48,0.011402
Babble_s_m1QKaQXVc,40.559999999999995,0.059234
Babble_s_m1QKaQXVc,40.63999999999999,0.065226
Babble_s_m1QKaQXVc,40.72,0.075617
Babble_s_m1QKaQXVc,40.8,0.093671
Babble_s_m1QKaQXVc,40.879999999999995,0.106667
Babble_s_m1QKaQXVc,40.959999999999994,0.111516
Babble_s_m1QKaQXVc,41.04,0.063233
Babble_s_m1QKaQXVc,41.12,0.088005
Babble_s_m1QKaQXVc,41.199999999999996,0.122572
Babble_s_m1QKaQXVc,41.279999999999994,0.14122
Babble_s_m1QKaQXVc,41.36,0.211562
Babble_s_m1QKaQXVc,41.44,0.661318
Babble_s_m1QKaQXVc,41.519999999999996,0.249167
Babble_s_m1QKaQXVc,41.599999999999994,0.163212
Babble_s_m1QKaQXVc,41.68,0.198361
Babble_s_m1QKaQXVc,41.76,0.061898
Babble_s_m1QKaQXVc,41.839999999999996,0.112244
Babble_s_m1QKaQXVc,41.919999999999995,0.181806
Babble_s_m1QKaQXVc,42.0,0.137547
Babble_s_m1QKaQXVc,42.08,0.161747
Babble_s_m1QKaQXVc,42.16,0.319115
Babble_s_m1QKaQXVc,42.239999999999995,0.115866
Babble_s_m1QKaQXVc,42.32,0.796092
Babble_s_m1QKaQXVc,42.4,0.208248
Babble_s_m1QKaQXVc,42.48,0.718395
Babble_s_m1QKaQXVc,42.559999999999995,0.362511
Babble_s_m1QKaQXVc,42.63999999999999,0.520207
Babble_s_m1QKaQXVc,42.72,0.441009
Babble_s_m1QKaQXVc,42.8,0.221461
Babble_s_m1QKaQXVc,42.879999999999995,0.205403
Babble_s_m1QKaQXVc,42.959999999999994,0.204459
Babble_s_m1QKaQXVc,43.04,0.13518
Babble_s_m1QKaQXVc,43.12,0.160701
Babble_s_m1QKaQXVc,43.199999999999996,0.069979
Babble_s_m1QKaQXVc,43.279999999999994,0.035242
Babble_s_m1QKaQXVc,43.36,0.018718
Babble_s_m1QKaQXVc,43.44,0.015103
Babble_s_m1QKaQXVc,43.519999999999996,0.051128
Babble_s_m1QKaQXVc,43.599999999999994,0.102959
Babble_s_m1QKaQXVc,43.68,0.092222
Babble_s_m1QKaQXVc,43.76,0.060204
Babble_s_m1QKaQXVc,43.839999999999996,0.11764
Babble_s_m1QKaQXVc,43.919999999999995,0.584609
Babble_s_m1QKaQXVc,44.0,0.641653
Babble_s_m1QKaQXVc,44.08,0.840102
Babble_s_m1QKaQXVc,44.16,0.257781
Babble_s_m1QKaQXVc,44.239999999999995,0.818644
Babble_s_m1QKaQXVc,44.32,0.478952
Babble_s_m1QKaQXVc,44.4,0.256402
Babble_s_m1QKaQXVc,44.48,0.290607
Babble_s_m1QKaQXVc,44.559999999999995,0.057036
Babble_s_m1QKaQXVc,44.63999999999999,0.034816
Babble_s_m1QKaQXVc,44.72,0.059212
Babble_s_m1QKaQXVc,44.8,0.053281
Babble_s_m1QKaQXVc,44.879999999999995,0.123665
Babble_s_m1QKaQXVc,44.959999999999994,0.068476
Babble_s_m1QKaQXVc,45.04,0.055259
Babble_s_m1QKaQXVc,45.12,0.059434
Babble_s_m1QKaQXVc,45.199999999999996,0.039554
Babble_s_m1QKaQXVc,45.279999999999994,0.016538
Babble_s_m1QKaQXVc,45.36,0.024384
Babble_s_m1QKaQXVc,45.44,0.694203
Babble_s_m1QKaQXVc,45.519999999999996,0.194739
Babble_s_m1QKaQXVc,45.599999999999994,0.045705
Babble_s_m1QKaQXVc,45.68,0.576925
Babble_s_m1QKaQXVc,45.76,0.064239
Babble_s_m1QKaQXVc,45.839999999999996,0.034267
Babble_s_m1QKaQXVc,45.919999999999995,0.037464
Babble_s_m1QKaQXVc,46.0,0.088323
Babble_s_m1QKaQXVc,46.08,0.024162
Babble_s_m1QKaQXVc,46.16,0.081887
Babble_s_m1QKaQXVc,46.239999999999995,0.01777
Babble_s_m1QKaQXVc,46.32,0.101604
Babble_s_m1QKaQXVc,46.4,0.056829
Babble_s_m1QKaQXVc,46.48,0.133343
Babble_s_m1QKaQXVc,46.559999999999995,0.107488
Babble_s_m1QKaQXVc,46.63999999999999,0.287622
Babble_s_m1QKaQXVc,46.72,0.035612
Babble_s_m1QKaQXVc,46.8,0.037635
Babble_s_m1QKaQXVc,46.879999999999995,0.070627
Babble_s_m1QKaQXVc,46.959999999999994,0.049868
Babble_s_m1QKaQXVc,47.04,0.127884
Babble_s_m1QKaQXVc,47.12,0.050213
Babble_s_m1QKaQXVc,47.199999999999996,0.149903
Babble_s_m1QKaQXVc,47.279999999999994,0.25307
Babble_s_m1QKaQXVc,47.36,0.253194
Babble_s_m1QKaQXVc,47.44,0.111092
Babble_s_m1QKaQXVc,47.519999999999996,0.425071
Babble_s_m1QKaQXVc,47.599999999999994,0.656266
Babble_s_m1QKaQXVc,47.68,0.198783
Babble_s_m1QKaQXVc,47.76,0.200881
Babble_s_m1QKaQXVc,47.839999999999996,0.088638
Babble_s_m1QKaQXVc,47.919999999999995,0.101246
Babble_s_m1QKaQXVc,48.0,0.095554
Babble_s_m1QKaQXVc,48.08,0.086231
Babble_s_m1QKaQXVc,48.16,0.034831
Babble_s_m1QKaQXVc,48.239999999999995,0.269266
Babble_s_m1QKaQXVc,48.32,0.635257
Babble_s_m1QKaQXVc,48.4,0.415897
Babble_s_m1QKaQXVc,48.48,0.105906
Babble_s_m1QKaQXVc,48.559999999999995,0.080081
Babble_s_m1QKaQXVc,48.63999999999999,0.051602
Babble_s_m1QKaQXVc,48.72,0.153942
Babble_s_m1QKaQXVc,48.8,0.466387
Babble_s_m1QKaQXVc,48.879999999999995,0.568788
Babble_s_m1QKaQXVc,48.959999999999994,0.076501
Babble_s_m1QKaQXVc,49.04,0.163819
Babble_s_m1QKaQXVc,49.12,0.43835
Babble_s_m1QKaQXVc,49.199999999999996,0.698321
Babble_s_m1QKaQXVc,49.279999999999994,0.094401
Babble_s_m1QKaQXVc,49.36,0.056851
Babble_s_m1QKaQXVc,49.44,0.049013
Babble_s_m1QKaQXVc,49.519999999999996,0.101833
Babble_s_m1QKaQXVc,49.599999999999994,0.052814
Babble_s_m1QKaQXVc,49.68,0.133549
Babble_s_m1QKaQXVc,49.76,0.601252
Babble_s_m1QKaQXVc,49.839999999999996,0.143638
Babble_s_m1QKaQXVc,49.919999999999995,0.10922
Babble_s_m1QKaQXVc,50.0,0.062898
Babble_s_m1QKaQXVc,50.08,0.06612
Babble_s_m1QKaQXVc,50.16,0.050705
Babble_s_m1QKaQXVc,50.239999999999995,0.287894
Babble_s_m1QKaQXVc,50.32,0.040498
Babble_s_m1QKaQXVc,50.4,0.026255
Babble_s_m1QKaQXVc,50.48,0.045283
Babble_s_m1QKaQXVc,50.559999999999995,0.063591
Babble_s_m1QKaQXVc,50.63999999999999,0.031734
Babble_s_m1QKaQXVc,50.72,0.01075
Babble_s_m1QKaQXVc,50.8,0.015184
Babble_s_m1QKaQXVc,50.879999999999995,0.032563
Babble_s_m1QKaQXVc,50.959999999999994,0.074888
Babble_s_m1QKaQXVc,51.04,0.131081
Babble_s_m1QKaQXVc,51.12,0.063985
Babble_s_m1QKaQXVc,51.199999999999996,0.105397
Babble_s_m1QKaQXVc,51.279999999999994,0.022084
Babble_s_m1QKaQXVc,51.36,0.166427
Babble_s_m1QKaQXVc,51.44,0.145869
Babble_s_m1QKaQXVc,51.519999999999996,0.112243
Babble_s_m1QKaQXVc,51.599999999999994,0.30544
Babble_s_m1QKaQXVc,51.68,0.24708
Babble_s_m1QKaQXVc,51.76,0.061547
Babble_s_m1QKaQXVc,51.839999999999996,0.064964
Babble_s_m1QKaQXVc,51.919999999999995,0.069165
Babble_s_m1QKaQXVc,52.0,0.066209
Babble_s_m1QKaQXVc,52.08,0.051161
Babble_s_m1QKaQXVc,52.16,0.078662
Babble_s_m1QKaQXVc,52.239999999999995,0.032634
Babble_s_m1QKaQXVc,52.32,0.01206
Babble_s_m1QKaQXVc,52.4,0.025698
Babble_s_m1QKaQXVc,52.48,0.040393
Babble_s_m1QKaQXVc,52.559999999999995,0.356468
Babble_s_m1QKaQXVc,52.63999999999999,0.033907
Babble_s_m1QKaQXVc,52.72,0.068658
Babble_s_m1QKaQXVc,52.8,0.219252
Babble_s_m1QKaQXVc,52.879999999999995,0.089602
Babble_s_m1QKaQXVc,52.959999999999994,0.411215
Babble_s_m1QKaQXVc,53.04,0.223878
Babble_s_m1QKaQXVc,53.12,0.274399
Babble_s_m1QKaQXVc,53.199999999999996,0.112385
Babble_s_m1QKaQXVc,53.279999999999994,0.215188
Babble_s_m1QKaQXVc,53.36,0.192899
Babble_s_m1QKaQXVc,53.44,0.151461
Babble_s_m1QKaQXVc,53.519999999999996,0.116581
Babble_s_m1QKaQXVc,53.599999999999994,0.312417
Babble_s_m1QKaQXVc,53.68,0.818541
Babble_s_m1QKaQXVc,53.76,0.835417
Babble_s_m1QKaQXVc,53.839999999999996,0.233758
Babble_s_m1QKaQXVc,53.919999999999995,0.579916
Babble_s_m1QKaQXVc,54.0,0.558604
Babble_s_m1QKaQXVc,54.08,0.076104
Babble_s_m1QKaQXVc,54.16,0.151681
Babble_s_m1QKaQXVc,54.239999999999995,0.125703
Babble_s_m1QKaQXVc,54.32,0.051271
Babble_s_m1QKaQXVc,54.4,0.054583
Babble_s_m1QKaQXVc,54.48,0.145316
Babble_s_m1QKaQXVc,54.559999999999995,0.009244
Babble_s_m1QKaQXVc,54.63999999999999,0.052274
Babble_s_m1QKaQXVc,54.72,0.009921
Babble_s_m1QKaQXVc,54.8,0.029534
Babble_s_m1QKaQXVc,54.879999999999995,0.005472
Babble_s_m1QKaQXVc,54.959999999999994,0.180355
Babble_s_m1QKaQXVc,55.04,0.112027
Babble_s_m1QKaQXVc,55.12,0.288811
Babble_s_m1QKaQXVc,55.199999999999996,0.490062
Babble_s_m1QKaQXVc,55.279999999999994,0.501226
Babble_s_m1QKaQXVc,55.36,0.745515
Babble_s_m1QKaQXVc,55.44,0.209568
Babble_s_m1QKaQXVc,55.519999999999996,0.577552
Babble_s_m1QKaQXVc,55.599999999999994,0.128433
Babble_s_m1QKaQXVc,55.68,0.076297
Babble_s_m1QKaQXVc,55.76,0.054161
Babble_s_m1QKaQXVc,55.839999999999996,0.043907
Babble_s_m1QKaQXVc,55.919999999999995,0.060546
Babble_s_m1QKaQXVc,56.0,0.642428
Babble_s_m1QKaQXVc,56.08,0.433553
Babble_s_m1QKaQXVc,56.16,0.31352
Babble_s_m1QKaQXVc,56.239999999999995,0.194912
Babble_s_m1QKaQXVc,56.32,0.638183
Babble_s_m1QKaQXVc,56.4,0.468481
Babble_s_m1QKaQXVc,56.48,0.392064
Babble_s_m1QKaQXVc,56.559999999999995,0.112033
Babble_s_m1QKaQXVc,56.63999999999999,0.637743
Babble_s_m1QKaQXVc,56.72,0.528155
Babble_s_m1QKaQXVc,56.8,0.268869
Babble_s_m1QKaQXVc,56.879999999999995,0.40147
Babble_s_m1QKaQXVc,56.959999999999994,0.669454
Babble_s_m1QKaQXVc,57.04,0.111907
Babble_s_m1QKaQXVc,57.12,0.067797
Babble_s_m1QKaQXVc,57.199999999999996,0.0325
Babble_s_m1QKaQXVc,57.279999999999994,0.05455
Babble_s_m1QKaQXVc,57.36,0.499132
Babble_s_m1QKaQXVc,57.44,0.196849
Babble_s_m1QKaQXVc,57.519999999999996,0.229487
Babble_s_m1QKaQXVc,57.599999999999994,0.104995
Babble_s_m1QKaQXVc,57.68,0.325935
Babble_s_m1QKaQXVc,57.76,0.421933
Babble_s_m1QKaQXVc,57.839999999999996,0.085722
Babble_s_m1QKaQXVc,57.919999999999995,0.572628
Babble_s_m1QKaQXVc,58.0,0.047237
Babble_s_m1QKaQXVc,58.08,0.01891
Babble_s_m1QKaQXVc,58.16,0.006335
Babble_s_m1QKaQXVc,58.239999999999995,0.02029
Babble_s_m1QKaQXVc,58.32,0.014068
Babble_s_m1QKaQXVc,58.4,0.049005
Babble_s_m1QKaQXVc,58.48,0.426458
Babble_s_m1QKaQXVc,58.559999999999995,0.072158
Babble_s_m1QKaQXVc,58.63999999999999,0.078884
Babble_s_m1QKaQXVc,58.72,0.038659
Babble_s_m1QKaQXVc,58.8,0.022761
Babble_s_m1QKaQXVc,58.879999999999995,0.181372
Babble_s_m1QKaQXVc,58.959999999999994,0.045992
Babble_s_m1QKaQXVc,59.04,0.053702
Babble_s_m1QKaQXVc,59.12,0.039711
Babble_s_m1QKaQXVc,59.199999999999996,0.006288
Babble_s_m1QKaQXVc,59.279999999999994,0.017466
Babble_s_m1QKaQXVc,59.36,0.004654
Babble_s_m1QKaQXVc,59.44,0.029565
Babble_s_m1QKaQXVc,59.519999999999996,0.009346
Babble_s_m1QKaQXVc,59.599999999999994,0.062681
Babble_s_m1QKaQXVc,59.68,0.014341
Babble_s_m1QKaQXVc,59.76,0.087352
Babble_s_m1QKaQXVc,59.839999999999996,0.017105
Babble_s_m1QKaQXVc,59.919999999999995,0.138481
Babble_s_m1QKaQXVc,60.0,0.06242
Babble_s_m1QKaQXVc,60.08,0.060185
Babble_s_m1QKaQXVc,60.16,0.067825
Babble_s_m1QKaQXVc,60.239999999999995,0.063253
Babble_s_m1QKaQXVc,60.32,0.140102
Babble_s_m1QKaQXVc,60.4,0.016751
Babble_s_m1QKaQXVc,60.48,0.053973
Babble_s_m1QKaQXVc,60.559999999999995,0.057151
Babble_s_m1QKaQXVc,60.63999999999999,0.032064
Babble_s_m1QKaQXVc,60.72,0.02335
Babble_s_m1QKaQXVc,60.8,0.026916
Babble_s_m1QKaQXVc,60.879999999999995,0.031646
Babble_s_m1QKaQXVc,60.959999999999994,0.242736
Babble_s_m1QKaQXVc,61.04,0.057916
Babble_s_m1QKaQXVc,61.12,0.330888
Babble_s_m1QKaQXVc,61.199999999999996,0.348421
Babble_s_m1QKaQXVc,61.279999999999994,0.54381
Babble_s_m1QKaQXVc,61.36,0.816571
Babble_s_m1QKaQXVc,61.44,0.157627
Babble_s_m1QKaQXVc,61.519999999999996,0.453752
Babble_s_m1QKaQXVc,61.599999999999994,0.224748
Babble_s_m1QKaQXVc,61.68,0.235205
Babble_s_m1QKaQXVc,61.76,0.104253
Babble_s_m1QKaQXVc,61.839999999999996,0.055581
Babble_s_m1QKaQXVc,61.919999999999995,0.0493
Babble_s_m1QKaQXVc,62.0,0.015249
Babble_s_m1QKaQXVc,62.08,0.020069
Babble_s_m1QKaQXVc,62.16,0.010465
Babble_s_m1QKaQXVc,62.239999999999995,0.020071
Babble_s_m1QKaQXVc,62.32,0.034249
Babble_s_m1QKaQXVc,62.4,0.020548
Babble_s_m1QKaQXVc,62.48,0.013227
Babble_s_m1QKaQXVc,62.559999999999995,0.278839
Babble_s_m1QKaQXVc,62.63999999999999,0.035933
Babble_s_m1QKaQXVc,62.72,0.046313
Babble_s_m1QKaQXVc,62.8,0.11015
Babble_s_m1QKaQXVc,62.879999999999995,0.114639
Babble_s_m1QKaQXVc,62.959999999999994,0.104164
Babble_s_m1QKaQXVc,63.04,0.122526
Babble_s_m1QKaQXVc,63.12,0.048037
Babble_s_m1QKaQXVc,63.199999999999996,0.188855
Babble_s_m1QKaQXVc,63.279999999999994,0.400574
Babble_s_m1QKaQXVc,63.36,0.083583
Babble_s_m1QKaQXVc,63.44,0.039077
Babble_s_m1QKaQXVc,63.519999999999996,0.059209
Babble_s_m1QKaQXVc,63.599999999999994,0.111333
Babble_s_m1QKaQXVc,63.68,0.087727
Babble_s_m1QKaQXVc,63.76,0.269546
Babble_s_m1QKaQXVc,63.839999999999996,0.04475
Babble_s_m1QKaQXVc,63.919999999999995,0.05094
Babble_s_m1QKaQXVc,64.0,0.080618
Babble_s_m1QKaQXVc,64.08,0.107002
Babble_s_m1QKaQXVc,64.16,0.101389
Babble_s_m1QKaQXVc,64.24,0.200509
Babble_s_m1QKaQXVc,64.32000000000001,0.049725
Babble_s_m1QKaQXVc,64.4,0.030865
Babble_s_m1QKaQXVc,64.48,0.013721
Babble_s_m1QKaQXVc,64.56,0.021009
Babble_s_m1QKaQXVc,64.64,0.039973
Babble_s_m1QKaQXVc,64.72,0.272571
Babble_s_m1QKaQXVc,64.8,0.272135
Babble_s_m1QKaQXVc,64.88000000000001,0.111909
Babble_s_m1QKaQXVc,64.96000000000001,0.10479
Babble_s_m1QKaQXVc,65.04,0.044778
Babble_s_m1QKaQXVc,65.12,0.061569
Babble_s_m1QKaQXVc,65.2,0.012208
Babble_s_m1QKaQXVc,65.28,0.011067
Babble_s_m1QKaQXVc,65.36,0.010762
Babble_s_m1QKaQXVc,65.44,0.008621
Babble_s_m1QKaQXVc,65.52000000000001,0.017854
Babble_s_m1QKaQXVc,65.60000000000001,0.043345
Babble_s_m1QKaQXVc,65.68,0.049392
Babble_s_m1QKaQXVc,65.76,0.112178
Babble_s_m1QKaQXVc,65.84,0.041791
Babble_s_m1QKaQXVc,65.92,0.201722
Babble_s_m1QKaQXVc,66.0,0.051775
Babble_s_m1QKaQXVc,66.08,0.090628
Babble_s_m1QKaQXVc,66.16000000000001,0.085793
Babble_s_m1QKaQXVc,66.24000000000001,0.295952
Babble_s_m1QKaQXVc,66.32000000000001,0.125855
Babble_s_m1QKaQXVc,66.4,0.066895
Babble_s_m1QKaQXVc,66.48,0.174232
Babble_s_m1QKaQXVc,66.56,0.757889
Babble_s_m1QKaQXVc,66.64,0.072819
Babble_s_m1QKaQXVc,66.72,0.127322
Babble_s_m1QKaQXVc,66.8,0.237263
Babble_s_m1QKaQXVc,66.88000000000001,0.108491
Babble_s_m1QKaQXVc,66.96000000000001,0.192396
Babble_s_m1QKaQXVc,67.04,0.212656
Babble_s_m1QKaQXVc,67.12,0.409021
Babble_s_m1QKaQXVc,67.2,0.177048
Babble_s_m1QKaQXVc,67.28,0.557262
Babble_s_m1QKaQXVc,67.36,0.44405
Babble_s_m1QKaQXVc,67.44,0.437305
Babble_s_m1QKaQXVc,67.52000000000001,0.51342
Babble_s_m1QKaQXVc,67.60000000000001,0.819686
Babble_s_m1QKaQXVc,67.68,0.24159
Babble_s_m1QKaQXVc,67.76,0.700198
Babble_s_m1QKaQXVc,67.84,0.477113
Babble_s_m1QKaQXVc,67.92,0.564396
Babble_s_m1QKaQXVc,68.0,0.109389
Babble_s_m1QKaQXVc,68.08,0.153918
Babble_s_m1QKaQXVc,68.16000000000001,0.198647
Babble_s_m1QKaQXVc,68.24000000000001,0.16968
Babble_s_m1QKaQXVc,68.32000000000001,0.044253
Babble_s_m1QKaQXVc,68.4,0.186096
Babble_s_m1QKaQXVc,68.48,0.263834
Babble_s_m1QKaQXVc,68.56,0.092594
Babble_s_m1QKaQXVc,68.64,0.149111
Babble_s_m1QKaQXVc,68.72,0.199218
Babble_s_m1QKaQXVc,68.8,0.103433
Babble_s_m1QKaQXVc,68.88000000000001,0.106292
Babble_s_m1QKaQXVc,68.96000000000001,0.068383
Babble_s_m1QKaQXVc,69.04,0.064307
Babble_s_m1QKaQXVc,69.12,0.0343
Babble_s_m1QKaQXVc,69.2,0.106241
Babble_s_m1QKaQXVc,69.28,0.147408
Babble_s_m1QKaQXVc,69.36,0.126024
Babble_s_m1QKaQXVc,69.44,0.064955
Babble_s_m1QKaQXVc,69.52000000000001,0.081483
Babble_s_m1QKaQXVc,69.60000000000001,0.02868
Babble_s_m1QKaQXVc,69.68,0.051259
Babble_s_m1QKaQXVc,69.76,0.0629
Babble_s_m1QKaQXVc,69.84,0.095802
Babble_s_m1QKaQXVc,69.92,0.170626
Babble_s_m1QKaQXVc,70.0,0.194829
Babble_s_m1QKaQXVc,70.08,0.174726
Babble_s_m1QKaQXVc,70.16000000000001,0.009306
Babble_s_m1QKaQXVc,70.24000000000001,0.072556
Babble_s_m1QKaQXVc,70.32000000000001,0.090977
Babble_s_m1QKaQXVc,70.4,0.131122
Babble_s_m1QKaQXVc,70.48,0.110374
Babble_s_m1QKaQXVc,70.56,0.196475
Babble_s_m1QKaQXVc,70.64,0.380753
Babble_s_m1QKaQXVc,70.72,0.271114
Babble_s_m1QKaQXVc,70.8,0.252551
Babble_s_m1QKaQXVc,70.88000000000001,0.12052
Babble_s_m1QKaQXVc,70.96000000000001,0.267177
Babble_s_m1QKaQXVc,71.04,0.215747
Babble_s_m1QKaQXVc,71.12,0.146546
Babble_s_m1QKaQXVc,71.2,0.026617
Babble_s_m1QKaQXVc,71.28,0.014321
Babble_s_m1QKaQXVc,71.36,0.041438
Babble_s_m1QKaQXVc,71.44,0.127399
Babble_s_m1QKaQXVc,71.52000000000001,0.125611
Babble_s_m1QKaQXVc,71.60000000000001,0.040976
Babble_s_m1QKaQXVc,71.68,0.068201
Babble_s_m1QKaQXVc,71.76,0.251484
Babble_s_m1QKaQXVc,71.84,0.219845
Babble_s_m1QKaQXVc,71.92,0.218087
Babble_s_m1QKaQXVc,72.0,0.067248
Babble_s_m1QKaQXVc,72.08,0.261808
Babble_s_m1QKaQXVc,72.16000000000001,0.14456
Babble_s_m1QKaQXVc,72.24000000000001,0.254114
Babble_s_m1QKaQXVc,72.32000000000001,0.352256
Babble_s_m1QKaQXVc,72.4,0.120691
Babble_s_m1QKaQXVc,72.48,0.039501
Babble_s_m1QKaQXVc,72.56,0.813213
Babble_s_m1QKaQXVc,72.64,0.240169
Babble_s_m1QKaQXVc,72.72,0.286667
Babble_s_m1QKaQXVc,72.8,0.025285
Babble_s_m1QKaQXVc,72.88000000000001,0.020062
Babble_s_m1QKaQXVc,72.96000000000001,0.038154
Babble_s_m1QKaQXVc,73.04,0.102472
Babble_s_m1QKaQXVc,73.12,0.012688
Babble_s_m1QKaQXVc,73.2,0.05018
Babble_s_m1QKaQXVc,73.28,0.049333
Babble_s_m1QKaQXVc,73.36,0.075119
Babble_s_m1QKaQXVc,73.44,0.03607
Babble_s_m1QKaQXVc,73.52000000000001,0.018268
Babble_s_m1QKaQXVc,73.60000000000001,0.183094
Babble_s_m1QKaQXVc,73.68,0.105167
Babble_s_m1QKaQXVc,73.76,0.163888
Babble_s_m1QKaQXVc,73.84,0.25554
Babble_s_m1QKaQXVc,73.92,0.196323
Babble_s_m1QKaQXVc,74.0,0.132035
Babble_s_m1QKaQXVc,74.08,0.607363
Babble_s_m1QKaQXVc,74.16000000000001,0.077056
Babble_s_m1QKaQXVc,74.24000000000001,0.160327
Babble_s_m1QKaQXVc,74.32000000000001,0.106083
Babble_s_m1QKaQXVc,74.4,0.784786
Babble_s_m1QKaQXVc,74.48,0.650529
Babble_s_m1QKaQXVc,74.56,0.094145
Babble_s_m1QKaQXVc,74.64,0.05001
Babble_s_m1QKaQXVc,74.72,0.073357
Babble_s_m1QKaQXVc,74.8,0.300144
Babble_s_m1QKaQXVc,74.88000000000001,0.66224
Babble_s_m1QKaQXVc,74.96000000000001,0.560018
Babble_s_m1QKaQXVc,75.04,0.367442
Babble_s_m1QKaQXVc,75.12,0.161552
Babble_s_m1QKaQXVc,75.2,0.452849
Babble_s_m1QKaQXVc,75.28,0.182995
Babble_s_m1QKaQXVc,75.36,0.589147
Babble_s_m1QKaQXVc,75.44,0.213687
Babble_s_m1QKaQXVc,75.52000000000001,0.841816
Babble_s_m1QKaQXVc,75.60000000000001,0.079609
Babble_s_m1QKaQXVc,75.68,0.06759
Babble_s_m1QKaQXVc,75.76,0.060595
Babble_s_m1QKaQXVc,75.84,0.010844
Babble_s_m1QKaQXVc,75.92,0.054048
Babble_s_m1QKaQXVc,76.0,0.086967
Babble_s_m1QKaQXVc,76.08,0.018463
Babble_s_m1QKaQXVc,76.16000000000001,0.015056
Babble_s_m1QKaQXVc,76.24000000000001,0.027574
Babble_s_m1QKaQXVc,76.32000000000001,0.013507
Babble_s_m1QKaQXVc,76.4,0.031814
Babble_s_m1QKaQXVc,76.48,0.014724
Babble_s_m1QKaQXVc,76.56,0.071882
Babble_s_m1QKaQXVc,76.64,0.053695
Babble_s_m1QKaQXVc,76.72,0.115079
Babble_s_m1QKaQXVc,76.8,0.11053
Babble_s_m1QKaQXVc,76.88000000000001,0.066998
Babble_s_m1QKaQXVc,76.96000000000001,0.036612
Babble_s_m1QKaQXVc,77.04,0.022022
Babble_s_m1QKaQXVc,77.12,0.020028
Babble_s_m1QKaQXVc,77.2,0.011585
Babble_s_m1QKaQXVc,77.28,0.041635
Babble_s_m1QKaQXVc,77.36,0.01517
Babble_s_m1QKaQXVc,77.44,0.025461
Babble_s_m1QKaQXVc,77.52000000000001,0.091205
Babble_s_m1QKaQXVc,77.60000000000001,0.038518
Babble_s_m1QKaQXVc,77.68,0.047919
Babble_s_m1QKaQXVc,77.76,0.032283
Babble_s_m1QKaQXVc,77.84,0.01921
Babble_s_m1QKaQXVc,77.92,0.022589
Babble_s_m1QKaQXVc,78.0,0.025789
Babble_s_m1QKaQXVc,78.08,0.030488
Babble_s_m1QKaQXVc,78.16000000000001,0.050804
Babble_s_m1QKaQXVc,78.24000000000001,0.050821
Babble_s_m1QKaQXVc,78.32000000000001,0.035741
Babble_s_m1QKaQXVc,78.4,0.042317
Babble_s_m1QKaQXVc,78.48,0.025605
Babble_s_m1QKaQXVc,78.56,0.011858
Babble_s_m1QKaQXVc,78.64,0.019113
Babble_s_m1QKaQXVc,78.72,0.013872
Babble_s_m1QKaQXVc,78.8,0.029313
Babble_s_m1QKaQXVc,78.88000000000001,0.026649
Babble_s_m1QKaQXVc,78.96000000000001,0.024336
Babble_s_m1QKaQXVc,79.04,0.029695
Babble_s_m1QKaQXVc,79.12,0.023058
Babble_s_m1QKaQXVc,79.2,0.023414
Babble_s_m1QKaQXVc,79.28,0.015652
Babble_s_m1QKaQXVc,79.36,0.019738
Babble_s_m1QKaQXVc,79.44,0.064087
Babble_s_m1QKaQXVc,79.52000000000001,0.077954
Babble_s_m1QKaQXVc,79.60000000000001,0.077762
Babble_s_m1QKaQXVc,79.68,0.089464
Babble_s_m1QKaQXVc,79.76,0.058005
Babble_s_m1QKaQXVc,79.84,0.156654
Babble_s_m1QKaQXVc,79.92,0.597777
Babble_s_m1QKaQXVc,80.0,0.465004
Babble_s_m1QKaQXVc,80.08,0.231735
Babble_s_m1QKaQXVc,80.16000000000001,0.314457
Babble_s_m1QKaQXVc,80.24000000000001,0.391048
Babble_s_m1QKaQXVc,80.32000000000001,0.12194
Babble_s_m1QKaQXVc,80.4,0.176399
Babble_s_m1QKaQXVc,80.48,0.271092
Babble_s_m1QKaQXVc,80.56,0.310892
Babble_s_m1QKaQXVc,80.64,0.09127
Babble_s_m1QKaQXVc,80.72,0.221618
Babble_s_m1QKaQXVc,80.8,0.079881
Babble_s_m1QKaQXVc,80.88000000000001,0.184714
Babble_s_m1QKaQXVc,80.96000000000001,0.833899
Babble_s_m1QKaQXVc,81.04,0.78697
Babble_s_m1QKaQXVc,81.12,0.312995
Babble_s_m1QKaQXVc,81.2,0.087472
Babble_s_m1QKaQXVc,81.28,0.346054
Babble_s_m1QKaQXVc,81.36,0.490619
Babble_s_m1QKaQXVc,81.44,0.277531
Babble_s_m1QKaQXVc,81.52000000000001,0.105078
Babble_s_m1QKaQXVc,81.60000000000001,0.093262
Babble_s_m1QKaQXVc,81.68,0.344874
Babble_s_m1QKaQXVc,81.76,0.034115
Babble_s_m1QKaQXVc,81.84,0.036543
Babble_s_m1QKaQXVc,81.92,0.021091
Babble_s_m1QKaQXVc,82.0,0.088416
Babble_s_m1QKaQXVc,82.08,0.028512
Babble_s_m1QKaQXVc,82.16000000000001,0.083501
Babble_s_m1QKaQXVc,82.24000000000001,0.021724
Babble_s_m1QKaQXVc,82.32000000000001,0.043705
Babble_s_m1QKaQXVc,82.4,0.019121
Babble_s_m1QKaQXVc,82.48,0.027137
Babble_s_m1QKaQXVc,82.56,0.027172
Babble_s_m1QKaQXVc,82.64,0.030724
Babble_s_m1QKaQXVc,82.72,0.062293
Babble_s_m1QKaQXVc,82.8,0.012359
Babble_s_m1QKaQXVc,82.88000000000001,0.06156
Babble_s_m1QKaQXVc,82.96000000000001,0.115747
Babble_s_m1QKaQXVc,83.04,0.618111
Babble_s_m1QKaQXVc,83.12,0.038877
Babble_s_m1QKaQXVc,83.2,0.066193
Babble_s_m1QKaQXVc,83.28,0.129565
Babble_s_m1QKaQXVc,83.36,0.031554
Babble_s_m1QKaQXVc,83.44,0.114661
Babble_s_m1QKaQXVc,83.52000000000001,0.055878
Babble_s_m1QKaQXVc,83.60000000000001,0.116565
Babble_s_m1QKaQXVc,83.68,0.012331
Babble_s_m1QKaQXVc,83.76,0.027645
Babble_s_m1QKaQXVc,83.84,0.018144
Babble_s_m1QKaQXVc,83.92,0.064318
Babble_s_m1QKaQXVc,84.0,0.014887
Babble_s_m1QKaQXVc,84.08,0.079445
Babble_s_m1QKaQXVc,84.16000000000001,0.012831
Babble_s_m1QKaQXVc,84.24000000000001,0.099042
Babble_s_m1QKaQXVc,84.32000000000001,0.124556
Babble_s_m1QKaQXVc,84.4,0.400756
Babble_s_m1QKaQXVc,84.48,0.028345
Babble_s_m1QKaQXVc,84.56,0.604703
Babble_s_m1QKaQXVc,84.64,0.060324
Babble_s_m1QKaQXVc,84.72,0.065467
Babble_s_m1QKaQXVc,84.8,0.028626
Babble_s_m1QKaQXVc,84.88000000000001,0.065479
Babble_s_m1QKaQXVc,84.96000000000001,0.026825
Babble_s_m1QKaQXVc,85.04,0.12108
Babble_s_m1QKaQXVc,85.12,0.10123
Babble_s_m1QKaQXVc,85.2,0.134897
Babble_s_m1QKaQXVc,85.28,0.118988
Babble_s_m1QKaQXVc,85.36,0.197984
Babble_s_m1QKaQXVc,85.44,0.117258
Babble_s_m1QKaQXVc,85.52000000000001,0.072562
Babble_s_m1QKaQXVc,85.60000000000001,0.048946
Babble_s_m1QKaQXVc,85.68,0.151149
Babble_s_m1QKaQXVc,85.76,0.049626
Babble_s_m1QKaQXVc,85.84,0.130903
Babble_s_m1QKaQXVc,85.92,0.219272
Babble_s_m1QKaQXVc,86.0,0.132504
Babble_s_m1QKaQXVc,86.08,0.116756
Babble_s_m1QKaQXVc,86.16000000000001,0.052398
Babble_s_m1QKaQXVc,86.24000000000001,0.082464
Babble_s_m1QKaQXVc,86.32000000000001,0.215186
Babble_s_m1QKaQXVc,86.4,0.3947
Babble_s_m1QKaQXVc,86.48,0.232357
Babble_s_m1QKaQXVc,86.56,0.4572
Babble_s_m1QKaQXVc,86.64,0.196312
Babble_s_m1QKaQXVc,86.72,0.056979
Babble_s_m1QKaQXVc,86.8,0.062196
Babble_s_m1QKaQXVc,86.88000000000001,0.076782
Babble_s_m1QKaQXVc,86.96000000000001,0.064541
Babble_s_m1QKaQXVc,87.04,0.146219
Babble_s_m1QKaQXVc,87.12,0.068005
Babble_s_m1QKaQXVc,87.2,0.052336
Babble_s_m1QKaQXVc,87.28,0.02757
Babble_s_m1QKaQXVc,87.36,0.11258
Babble_s_m1QKaQXVc,87.44,0.0691
Babble_s_m1QKaQXVc,87.52000000000001,0.051437
Babble_s_m1QKaQXVc,87.60000000000001,0.036986
Babble_s_m1QKaQXVc,87.68,0.148777
Babble_s_m1QKaQXVc,87.76,0.069249
Babble_s_m1QKaQXVc,87.84,0.112656
Babble_s_m1QKaQXVc,87.92,0.116103
Babble_s_m1QKaQXVc,88.0,0.08392
Babble_s_m1QKaQXVc,88.08,0.1766
Babble_s_m1QKaQXVc,88.16000000000001,0.213645
Babble_s_m1QKaQXVc,88.24000000000001,0.078169
Babble_s_m1QKaQXVc,88.32000000000001,0.255852
Babble_s_m1QKaQXVc,88.4,0.169402
Babble_s_m1QKaQXVc,88.48,0.142812
Babble_s_m1QKaQXVc,88.56,0.446296
Babble_s_m1QKaQXVc,88.64,0.115445
Babble_s_m1QKaQXVc,88.72,0.016326
Babble_s_m1QKaQXVc,88.8,0.170279
Babble_s_m1QKaQXVc,88.88000000000001,0.016121
Babble_s_m1QKaQXVc,88.96000000000001,0.059452
Babble_s_m1QKaQXVc,89.04,0.006531
Babble_s_m1QKaQXVc,89.12,0.002574
Babble_s_m1QKaQXVc,89.2,0.021592
Babble_s_m1QKaQXVc,89.28,0.012192
Babble_s_m1QKaQXVc,89.36,0.023139
Babble_s_m1QKaQXVc,89.44,0.002624
Babble_s_m1QKaQXVc,89.52000000000001,0.00234
Babble_s_m1QKaQXVc,89.60000000000001,0.000673
Babble_s_m1QKaQXVc,89.68,0.000751
Babble_s_m1QKaQXVc,89.76,0.014893
Babble_s_m1QKaQXVc,89.84,0.007197
Babble_s_m1QKaQXVc,89.92,0.011725
Babble_s_m1QKaQXVc,90.0,0.018422
Babble_s_m1QKaQXVc,90.08,0.01157
Babble_s_m1QKaQXVc,90.16000000000001,0.008419
Babble_s_m1QKaQXVc,90.24000000000001,0.006869
Babble_s_m1QKaQXVc,90.32000000000001,0.009448
Babble_s_m1QKaQXVc,90.4,0.058438
Babble_s_m1QKaQXVc,90.48,0.019661
Babble_s_m1QKaQXVc,90.56,0.060248
Babble_s_m1QKaQXVc,90.64,0.014432
Babble_s_m1QKaQXVc,90.72,0.038466
Babble_s_m1QKaQXVc,90.8,0.007776
Babble_s_m1QKaQXVc,90.88000000000001,0.006701
Babble_s_m1QKaQXVc,90.96000000000001,0.007872
Babble_s_m1QKaQXVc,91.04,0.0043
Babble_s_m1QKaQXVc,91.12,0.038679
Babble_s_m1QKaQXVc,91.2,0.013393
Babble_s_m1QKaQXVc,91.28,0.097544
Babble_s_m1QKaQXVc,91.36,0.141518
Babble_s_m1QKaQXVc,91.44,0.087929
Babble_s_m1QKaQXVc,91.52000000000001,0.062215
Babble_s_m1QKaQXVc,91.60000000000001,0.054247
Babble_s_m1QKaQXVc,91.68,0.092073
Babble_s_m1QKaQXVc,91.76,0.036475
Babble_s_m1QKaQXVc,91.84,0.106633
Babble_s_m1QKaQXVc,91.92,0.055917
Babble_s_m1QKaQXVc,92.0,0.047394
Babble_s_m1QKaQXVc,92.08,0.0446
Babble_s_m1QKaQXVc,92.16000000000001,0.025657
Babble_s_m1QKaQXVc,92.24000000000001,0.065575
Babble_s_m1QKaQXVc,92.32000000000001,0.068282
Babble_s_m1QKaQXVc,92.4,0.076682
Babble_s_m1QKaQXVc,92.48,0.154474
Babble_s_m1QKaQXVc,92.56,0.283741
Babble_s_m1QKaQXVc,92.64,0.13327
Babble_s_m1QKaQXVc,92.72,0.082976
Babble_s_m1QKaQXVc,92.8,0.033941
Babble_s_m1QKaQXVc,92.88000000000001,0.117609
Babble_s_m1QKaQXVc,92.96000000000001,0.807705
Babble_s_m1QKaQXVc,93.04,0.489341
Babble_s_m1QKaQXVc,93.12,0.909762
Babble_s_m1QKaQXVc,93.2,0.236984
Babble_s_m1QKaQXVc,93.28,0.056033
Babble_s_m1QKaQXVc,93.36,0.033334
Babble_s_m1QKaQXVc,93.44,0.010677
Babble_s_m1QKaQXVc,93.52000000000001,0.054368
Babble_s_m1QKaQXVc,93.60000000000001,0.118575
Babble_s_m1QKaQXVc,93.68,0.200275
Babble_s_m1QKaQXVc,93.76,0.101917
Babble_s_m1QKaQXVc,93.84,0.042073
Babble_s_m1QKaQXVc,93.92,0.087638
Babble_s_m1QKaQXVc,94.0,0.043628
Babble_s_m1QKaQXVc,94.08,0.049308
Babble_s_m1QKaQXVc,94.16000000000001,0.059657
Babble_s_m1QKaQXVc,94.24000000000001,0.013028
Babble_s_m1QKaQXVc,94.32000000000001,0.053787
Babble_s_m1QKaQXVc,94.4,0.065552
Babble_s_m1QKaQXVc,94.48,0.058105
Babble_s_m1QKaQXVc,94.56,0.031078
Babble_s_m1QKaQXVc,94.64,0.044502
Babble_s_m1QKaQXVc,94.72,0.024363
Babble_s_m1QKaQXVc,94.8,0.008946
Babble_s_m1QKaQXVc,94.88000000000001,0.026953
Babble_s_m1QKaQXVc,94.96000000000001,0.018892
Babble_s_m1QKaQXVc,95.04,0.024928
Babble_s_m1QKaQXVc,95.12,0.02769
Babble_s_m1QKaQXVc,95.2,0.050173
Babble_s_m1QKaQXVc,95.28,0.070102
Babble_s_m1QKaQXVc,95.36,0.034187
Babble_s_m1QKaQXVc,95.44,0.076123
Babble_s_m1QKaQXVc,95.52000000000001,0.088074
Babble_s_m1QKaQXVc,95.60000000000001,0.167212
Babble_s_m1QKaQXVc,95.68,0.180718
Babble_s_m1QKaQXVc,95.76,0.641968
Babble_s_m1QKaQXVc,95.84,0.860365
Babble_s_m1QKaQXVc,95.92,0.53327
Babble_s_m1QKaQXVc,96.0,0.352393
Babble_s_m1QKaQXVc,96.08,0.401104
Babble_s_m1QKaQXVc,96.16000000000001,0.115681
Babble_s_m1QKaQXVc,96.24000000000001,0.042028
Babble_s_m1QKaQXVc,96.32000000000001,0.046658
Babble_s_m1QKaQXVc,96.4,0.099806
Babble_s_m1QKaQXVc,96.48,0.134584
Babble_s_m1QKaQXVc,96.56,0.150326
Babble_s_m1QKaQXVc,96.64,0.018157
Babble_s_m1QKaQXVc,96.72,0.213051
Babble_s_m1QKaQXVc,96.8,0.040279
Babble_s_m1QKaQXVc,96.88000000000001,0.091218
Babble_s_m1QKaQXVc,96.96000000000001,0.049329
Babble_s_m1QKaQXVc,97.04,0.039082
Babble_s_m1QKaQXVc,97.12,0.068367
Babble_s_m1QKaQXVc,97.2,0.011582
Babble_s_m1QKaQXVc,97.28,0.031991
Babble_s_m1QKaQXVc,97.36,0.028608
Babble_s_m1QKaQXVc,97.44,0.042403
Babble_s_m1QKaQXVc,97.52000000000001,0.046231
Babble_s_m1QKaQXVc,97.60000000000001,0.023083
Babble_s_m1QKaQXVc,97.68,0.085718
Babble_s_m1QKaQXVc,97.76,0.044966
Babble_s_m1QKaQXVc,97.84,0.254477
Babble_s_m1QKaQXVc,97.92,0.053623
Babble_s_m1QKaQXVc,98.0,0.087641
Babble_s_m1QKaQXVc,98.08,0.052681
Babble_s_m1QKaQXVc,98.16000000000001,0.106717
Babble_s_m1QKaQXVc,98.24000000000001,0.071487
Babble_s_m1QKaQXVc,98.32000000000001,0.199603
Babble_s_m1QKaQXVc,98.4,0.331474
Babble_s_m1QKaQXVc,98.48,0.112577
Babble_s_m1QKaQXVc,98.56,0.142619
Babble_s_m1QKaQXVc,98.64,0.492425
Babble_s_m1QKaQXVc,98.72,0.184631
Babble_s_m1QKaQXVc,98.8,0.983349
Babble_s_m1QKaQXVc,98.88000000000001,0.867283
Babble_s_m1QKaQXVc,98.96000000000001,0.526552
Babble_s_m1QKaQXVc,99.04,0.714684
Babble_s_m1QKaQXVc,99.12,0.418626
Babble_s_m1QKaQXVc,99.2,0.778769
Babble_s_m1QKaQXVc,99.28,0.646052
Babble_s_m1QKaQXVc,99.36,0.444894
Babble_s_m1QKaQXVc,99.44,0.496246
Babble_s_m1QKaQXVc,99.52000000000001,0.304018
Babble_s_m1QKaQXVc,99.60000000000001,0.260358
Babble_s_m1QKaQXVc,99.68,0.050488
Babble_s_m1QKaQXVc,99.76,0.055665
Babble_s_m1QKaQXVc,99.84,0.103452
Babble_s_m1QKaQXVc,99.92,0.088365
Babble_s_m1QKaQXVc,100.0,0.121273
Babble_s_m1QKaQXVc,100.08,0.06528
Babble_s_m1QKaQXVc,100.16000000000001,0.053315
Babble_s_m1QKaQXVc,100.24000000000001,0.102227
Babble_s_m1QKaQXVc,100.32000000000001,0.095162
Babble_s_m1QKaQXVc,100.4,0.074735
Babble_s_m1QKaQXVc,100.48,0.109724
Babble_s_m1QKaQXVc,100.56,0.10756
Babble_s_m1QKaQXVc,100.64,0.085871
Babble_s_m1QKaQXVc,100.72,0.05189
Babble_s_m1QKaQXVc,100.8,0.010342
Babble_s_m1QKaQXVc,100.88000000000001,0.022221
Babble_s_m1QKaQXVc,100.96000000000001,0.018335
Babble_s_m1QKaQXVc,101.04,0.144673
Babble_s_m1QKaQXVc,101.12,0.129279
Babble_s_m1QKaQXVc,101.2,0.166041
Babble_s_m1QKaQXVc,101.28,0.324347
Babble_s_m1QKaQXVc,101.36,0.176981
Babble_s_m1QKaQXVc,101.44,0.432408
Babble_s_m1QKaQXVc,101.52000000000001,0.551501
Babble_s_m1QKaQXVc,101.60000000000001,0.244207
Babble_s_m1QKaQXVc,101.68,0.439518
Babble_s_m1QKaQXVc,101.76,0.324661
Babble_s_m1QKaQXVc,101.84,0.47057
Babble_s_m1QKaQXVc,101.92,0.229411
Babble_s_m1QKaQXVc,102.0,0.117309
Babble_s_m1QKaQXVc,102.08,0.084117
Babble_s_m1QKaQXVc,102.16000000000001,0.090507
Babble_s_m1QKaQXVc,102.24000000000001,0.252308
Babble_s_m1QKaQXVc,102.32000000000001,0.026388
Babble_s_m1QKaQXVc,102.4,0.0651
Babble_s_m1QKaQXVc,102.48,0.101361
Babble_s_m1QKaQXVc,102.56,0.261013
Babble_s_m1QKaQXVc,102.64,0.045029
Babble_s_m1QKaQXVc,102.72,0.039053
Babble_s_m1QKaQXVc,102.8,0.089756
Babble_s_m1QKaQXVc,102.88000000000001,0.175444
Babble_s_m1QKaQXVc,102.96000000000001,0.324726
Babble_s_m1QKaQXVc,103.04,0.31827
Babble_s_m1QKaQXVc,103.12,0.301223
Babble_s_m1QKaQXVc,103.2,0.120031
Babble_s_m1QKaQXVc,103.28,0.079006
Babble_s_m1QKaQXVc,103.36,0.125667
Babble_s_m1QKaQXVc,103.44,0.172995
Babble_s_m1QKaQXVc,103.52000000000001,0.381637
Babble_s_m1QKaQXVc,103.60000000000001,0.135639
Babble_s_m1QKaQXVc,103.68,0.106918
Babble_s_m1QKaQXVc,103.76,0.093914
Babble_s_m1QKaQXVc,103.84,0.057512
Babble_s_m1QKaQXVc,103.92,0.041106
Babble_s_m1QKaQXVc,104.0,0.265589
Babble_s_m1QKaQXVc,104.08,0.262823
Babble_s_m1QKaQXVc,104.16000000000001,0.277921
Babble_s_m1QKaQXVc,104.24000000000001,0.426759
Babble_s_m1QKaQXVc,104.32000000000001,0.332093
Babble_s_m1QKaQXVc,104.4,0.149808
Babble_s_m1QKaQXVc,104.48,0.170843
Babble_s_m1QKaQXVc,104.56,0.253551
Babble_s_m1QKaQXVc,104.64,0.26312
Babble_s_m1QKaQXVc,104.72,0.385818
Babble_s_m1QKaQXVc,104.8,0.197463
Babble_s_m1QKaQXVc,104.88000000000001,0.266708
Babble_s_m1QKaQXVc,104.96000000000001,0.350316
Babble_s_m1QKaQXVc,105.04,0.222722
Babble_s_m1QKaQXVc,105.12,0.110093
Babble_s_m1QKaQXVc,105.2,0.098577
Babble_s_m1QKaQXVc,105.28,0.009133
Babble_s_m1QKaQXVc,105.36,0.02857
Babble_s_m1QKaQXVc,105.44,0.060147
Babble_s_m1QKaQXVc,105.52000000000001,0.09261
Babble_s_m1QKaQXVc,105.60000000000001,0.079322
Babble_s_m1QKaQXVc,105.68,0.076838
Babble_s_m1QKaQXVc,105.76,0.040301
Babble_s_m1QKaQXVc,105.84,0.078465
Babble_s_m1QKaQXVc,105.92,0.026227
Babble_s_m1QKaQXVc,106.0,0.052879
Babble_s_m1QKaQXVc,106.08,0.053177
Babble_s_m1QKaQXVc,106.16000000000001,0.099137
Babble_s_m1QKaQXVc,106.24000000000001,0.146295
Babble_s_m1QKaQXVc,106.32000000000001,0.105495
Babble_s_m1QKaQXVc,106.4,0.10361
Babble_s_m1QKaQXVc,106.48,0.07381
Babble_s_m1QKaQXVc,106.56,0.118413
Babble_s_m1QKaQXVc,106.64,0.099773
Babble_s_m1QKaQXVc,106.72,0.209325
Babble_s_m1QKaQXVc,106.8,0.146983
Babble_s_m1QKaQXVc,106.88000000000001,0.164338
Babble_s_m1QKaQXVc,106.96000000000001,0.117509
Babble_s_m1QKaQXVc,107.04,0.238036
Babble_s_m1QKaQXVc,107.12,0.069215
Babble_s_m1QKaQXVc,107.2,0.092358
Babble_s_m1QKaQXVc,107.28,0.098304
Babble_s_m1QKaQXVc,107.36,0.109283
Babble_s_m1QKaQXVc,107.44,0.064383
Babble_s_m1QKaQXVc,107.52000000000001,0.215569
Babble_s_m1QKaQXVc,107.60000000000001,0.05434
Babble_s_m1QKaQXVc,107.68,0.034671
Babble_s_m1QKaQXVc,107.76,0.215699
Babble_s_m1QKaQXVc,107.84,0.06697
Babble_s_m1QKaQXVc,107.92,0.106199
Babble_s_m1QKaQXVc,108.0,0.111709
Babble_s_m1QKaQXVc,108.08,0.197072
Babble_s_m1QKaQXVc,108.16000000000001,0.086003
Babble_s_m1QKaQXVc,108.24000000000001,0.083991
Babble_s_m1QKaQXVc,108.32000000000001,0.091808
Babble_s_m1QKaQXVc,108.4,0.134456
Babble_s_m1QKaQXVc,108.48,0.021337
Babble_s_m1QKaQXVc,108.56,0.16221
Babble_s_m1QKaQXVc,108.64,0.138878
Babble_s_m1QKaQXVc,108.72,0.101807
Babble_s_m1QKaQXVc,108.8,0.056031
Babble_s_m1QKaQXVc,108.88000000000001,0.044431
Babble_s_m1QKaQXVc,108.96000000000001,0.053551
Babble_s_m1QKaQXVc,109.04,0.021341
Babble_s_m1QKaQXVc,109.12,0.023711
Babble_s_m1QKaQXVc,109.2,0.02827
Babble_s_m1QKaQXVc,109.28,0.025373
Babble_s_m1QKaQXVc,109.36,0.054483
Babble_s_m1QKaQXVc,109.44,0.072643
Babble_s_m1QKaQXVc,109.52000000000001,0.09843
Babble_s_m1QKaQXVc,109.60000000000001,0.045602
Babble_s_m1QKaQXVc,109.68,0.178215
Babble_s_m1QKaQXVc,109.76,0.030197
Babble_s_m1QKaQXVc,109.84,0.268502
Babble_s_m1QKaQXVc,109.92,0.104901
Babble_s_m1QKaQXVc,110.0,0.080749
Babble_s_m1QKaQXVc,110.08,0.029961
Babble_s_m1QKaQXVc,110.16000000000001,0.03523
Babble_s_m1QKaQXVc,110.24000000000001,0.077731
Babble_s_m1QKaQXVc,110.32000000000001,0.086236
Babble_s_m1QKaQXVc,110.4,0.064906
Babble_s_m1QKaQXVc,110.48,0.391422
Babble_s_m1QKaQXVc,110.56,0.111264
Babble_s_m1QKaQXVc,110.64,0.214744
Babble_s_m1QKaQXVc,110.72,0.131554
Babble_s_m1QKaQXVc,110.8,0.140681
Babble_s_m1QKaQXVc,110.88000000000001,0.184219
Babble_s_m1QKaQXVc,110.96000000000001,0.041939
Babble_s_m1QKaQXVc,111.04,0.154877
Babble_s_m1QKaQXVc,111.12,0.05401
Babble_s_m1QKaQXVc,111.2,0.087757
Babble_s_m1QKaQXVc,111.28,0.016294
Babble_s_m1QKaQXVc,111.36,0.033173
Babble_s_m1QKaQXVc,111.44,0.050571
Babble_s_m1QKaQXVc,111.52000000000001,0.033939
Babble_s_m1QKaQXVc,111.60000000000001,0.049248
Babble_s_m1QKaQXVc,111.68,0.056127
Babble_s_m1QKaQXVc,111.76,0.059232
Babble_s_m1QKaQXVc,111.84,0.053354
Babble_s_m1QKaQXVc,111.92,0.073804
Babble_s_m1QKaQXVc,112.0,0.124098
Babble_s_m1QKaQXVc,112.08,0.081287
Babble_s_m1QKaQXVc,112.16000000000001,0.66722
Babble_s_m1QKaQXVc,112.24000000000001,0.471707
Babble_s_m1QKaQXVc,112.32000000000001,0.748095
Babble_s_m1QKaQXVc,112.4,0.270423
Babble_s_m1QKaQXVc,112.48,0.064227
Babble_s_m1QKaQXVc,112.56,0.15471
Babble_s_m1QKaQXVc,112.64,0.048278
Babble_s_m1QKaQXVc,112.72,0.02468
Babble_s_m1QKaQXVc,112.8,0.135273
Babble_s_m1QKaQXVc,112.88000000000001,0.173829
Babble_s_m1QKaQXVc,112.96000000000001,0.648206
Babble_s_m1QKaQXVc,113.04,0.43356
Babble_s_m1QKaQXVc,113.12,0.526071
Babble_s_m1QKaQXVc,113.2,0.311829
Babble_s_m1QKaQXVc,113.28,0.083822
Babble_s_m1QKaQXVc,113.36,0.10591
Babble_s_m1QKaQXVc,113.44,0.02461
Babble_s_m1QKaQXVc,113.52000000000001,0.037904
Babble_s_m1QKaQXVc,113.60000000000001,0.067773
Babble_s_m1QKaQXVc,113.68,0.060854
Babble_s_m1QKaQXVc,113.76,0.047797
Babble_s_m1QKaQXVc,113.84,0.022832
Babble_s_m1QKaQXVc,113.92,0.015428
Babble_s_m1QKaQXVc,114.0,0.027011
Babble_s_m1QKaQXVc,114.08,0.1161
Babble_s_m1QKaQXVc,114.16000000000001,0.062382
Babble_s_m1QKaQXVc,114.24000000000001,0.065733
Babble_s_m1QKaQXVc,114.32000000000001,0.066356
Babble_s_m1QKaQXVc,114.4,0.404104
Babble_s_m1QKaQXVc,114.48,0.068076
Babble_s_m1QKaQXVc,114.56,0.1211
Babble_s_m1QKaQXVc,114.64,0.043831
Babble_s_m1QKaQXVc,114.72,0.078513
Babble_s_m1QKaQXVc,114.8,0.027325
Babble_s_m1QKaQXVc,114.88000000000001,0.055625
Babble_s_m1QKaQXVc,114.96000000000001,0.07774
Babble_s_m1QKaQXVc,115.04,0.055128
Babble_s_m1QKaQXVc,115.12,0.045001
Babble_s_m1QKaQXVc,115.2,0.018126
Babble_s_m1QKaQXVc,115.28,0.023336
Babble_s_m1QKaQXVc,115.36,0.059799
Babble_s_m1QKaQXVc,115.44,0.099818
Babble_s_m1QKaQXVc,115.52000000000001,0.044952
Babble_s_m1QKaQXVc,115.60000000000001,0.060479
Babble_s_m1QKaQXVc,115.68,0.053708
Babble_s_m1QKaQXVc,115.76,0.021417
Babble_s_m1QKaQXVc,115.84,0.102341
Babble_s_m1QKaQXVc,115.92,0.176087
Babble_s_m1QKaQXVc,116.0,0.137426
Babble_s_m1QKaQXVc,116.08,0.056457
Babble_s_m1QKaQXVc,116.16000000000001,0.653458
Babble_s_m1QKaQXVc,116.24000000000001,0.150955
Babble_s_m1QKaQXVc,116.32000000000001,0.59918
Babble_s_m1QKaQXVc,116.4,0.346386
Babble_s_m1QKaQXVc,116.48,0.809241
Babble_s_m1QKaQXVc,116.56,0.68995
Babble_s_m1QKaQXVc,116.64,0.460956
Babble_s_m1QKaQXVc,116.72,0.516377
Babble_s_m1QKaQXVc,116.8,0.414556
Babble_s_m1QKaQXVc,116.88000000000001,0.753743
Babble_s_m1QKaQXVc,116.96000000000001,0.781026
Babble_s_m1QKaQXVc,117.04,0.826499
Babble_s_m1QKaQXVc,117.12,0.487923
Babble_s_m1QKaQXVc,117.2,0.877091
Babble_s_m1QKaQXVc,117.28,0.696277
Babble_s_m1QKaQXVc,117.36,0.978194
Babble_s_m1QKaQXVc,117.44,0.850822
Babble_s_m1QKaQXVc,117.52000000000001,0.921974
Babble_s_m1QKaQXVc,117.60000000000001,0.744567
Babble_s_m1QKaQXVc,117.68,0.312228
Babble_s_m1QKaQXVc,117.76,0.115522
Babble_s_m1QKaQXVc,117.84,0.084235
Babble_s_m1QKaQXVc,117.92,0.084206
Babble_s_m1QKaQXVc,118.0,0.034529
Babble_s_m1QKaQXVc,118.08,0.086735
Babble_s_m1QKaQXVc,118.16000000000001,0.341101
Babble_s_m1QKaQXVc,118.24000000000001,0.196311
Babble_s_m1QKaQXVc,118.32000000000001,0.107319
Babble_s_m1QKaQXVc,118.4,0.038197
Babble_s_m1QKaQXVc,118.48,0.039641
Babble_s_m1QKaQXVc,118.56,0.052133
Babble_s_m1QKaQXVc,118.64,0.104897
Babble_s_m1QKaQXVc,118.72,0.041758
Babble_s_m1QKaQXVc,118.8,0.067015
Babble_s_m1QKaQXVc,118.88000000000001,0.075134
Babble_s_m1QKaQXVc,118.96000000000001,0.165574
Babble_s_m1QKaQXVc,119.04,0.05167
Babble_s_m1QKaQXVc,119.12,0.008839
Babble_s_m1QKaQXVc,119.2,0.005975
Babble_s_m1QKaQXVc,119.28,0.005264
Babble_s_m1QKaQXVc,119.36,0.010643
Babble_s_m1QKaQXVc,119.44,0.040851
Clean_TlV_tehrTFs,0.48,0.999993
Clean_TlV_tehrTFs,0.5599999999999999,0.999996
Clean_TlV_tehrTFs,0.64,0.99981
Clean_TlV_tehrTFs,0.72,0.999929
Clean_TlV_tehrTFs,0.8,0.999597
Clean_TlV_tehrTFs,0.88,0.998372
Clean_TlV_tehrTFs,0.96,0.999495
Clean_TlV_tehrTFs,1.04,0.993268
Clean_TlV_tehrTFs,1.12,0.999676
Clean_TlV_tehrTFs,1.2,0.999597
Clean_TlV_tehrTFs,1.28,0.998942
Clean_TlV_tehrTFs,1.3599999999999999,0.99856
Clean_TlV_tehrTFs,1.44,0.999795
Clean_TlV_tehrTFs,1.52,0.999892
Clean_TlV_tehrTFs,1.6,0.999856
Clean_TlV_tehrTFs,1.68,0.843342
Clean_TlV_tehrTFs,1.76,0.999986
Clean_TlV_tehrTFs,1.84,0.99723
Clean_TlV_tehrTFs,1.92,0.999974
Clean_TlV_tehrTFs,2.0,0.999777
Clean_TlV_tehrTFs,2.08,0.999904
Clean_TlV_tehrTFs,2.16,0.999999
Clean_TlV_tehrTFs,2.24,0.999799
Clean_TlV_tehrTFs,2.3200000000000003,0.999989
Clean_TlV_tehrTFs,2.4,0.999999
Clean_TlV_tehrTFs,2.48,0.999945
Clean_TlV_tehrTFs,2.56,1.0
Clean_TlV_tehrTFs,2.64,0.999751
Clean_TlV_tehrTFs,2.72,0.999997
Clean_TlV_tehrTFs,2.8,0.999982
Clean_TlV_tehrTFs,2.88,1.0
Clean_TlV_tehrTFs,2.96,0.999983
Clean_TlV_tehrTFs,3.04,1.0
Clean_TlV_tehrTFs,3.12,0.999921
Clean_TlV_tehrTFs,3.2,1.0
Clean_TlV_tehrTFs,3.28,0.999973
Clean_TlV_tehrTFs,3.36,0.999997
Clean_TlV_tehrTFs,3.44,1.0
Clean_TlV_tehrTFs,3.52,0.999999
Clean_TlV_tehrTFs,3.6,1.0
Clean_TlV_tehrTFs,3.68,0.999999
Clean_TlV_tehrTFs,3.76,1.0
Clean_TlV_tehrTFs,3.84,1.0
Clean_TlV_tehrTFs,3.92,1.0
Clean_TlV_tehrTFs,4.0,1.0
Clean_TlV_tehrTFs,4.08,1.0
Clean_TlV_tehrTFs,4.16,1.0
Clean_TlV_tehrTFs,4.24,1.0
Clean_TlV_tehrTFs,4.32,0.999997
Clean_TlV_tehrTFs,4.4,0.998505
Clean_TlV_tehrTFs,4.48,0.999944
Clean_TlV_tehrTFs,4.5600000000000005,0.994805
Clean_TlV_tehrTFs,4.640000000000001,0.971132
Clean_TlV_tehrTFs,4.720000000000001,0.995139
Clean_TlV_tehrTFs,4.800000000000001,0.987045
Clean_TlV_tehrTFs,4.880000000000001,0.998366
Clean_TlV_tehrTFs,4.960000000000001,0.999687
Clean_TlV_tehrTFs,5.039999999999999,0.999251
Clean_TlV_tehrTFs,5.119999999999999,0.999991
Clean_TlV_tehrTFs,5.199999999999999,0.999985
Clean_TlV_tehrTFs,5.279999999999999,0.999966
Clean_TlV_tehrTFs,5.359999999999999,0.999982
Clean_TlV_tehrTFs,5.4399999999999995,1.0
Clean_TlV_tehrTFs,5.52,1.0
Clean_TlV_tehrTFs,5.6,1.0
Clean_TlV_tehrTFs,5.68,1.0
Clean_TlV_tehrTFs,5.76,0.999997
Clean_TlV_tehrTFs,5.84,0.999989
Clean_TlV_tehrTFs,5.92,0.999999
Clean_TlV_tehrTFs,6.0,0.999999
Clean_TlV_tehrTFs,6.08,0.999921
Clean_TlV_tehrTFs,6.16,0.999999
Clean_TlV_tehrTFs,6.24,0.999828
Clean_TlV_tehrTFs,6.32,0.99999
Clean_TlV_tehrTFs,6.4,0.999996
Clean_TlV_tehrTFs,6.48,0.99994
Clean_TlV_tehrTFs,6.5600000000000005,0.999568
Clean_TlV_tehrTFs,6.640000000000001,0.999964
Clean_TlV_tehrTFs,6.720000000000001,0.999977
Clean_TlV_tehrTFs,6.800000000000001,0.99998
Clean_TlV_tehrTFs,6.880000000000001,0.999997
Clean_TlV_tehrTFs,6.960000000000001,0.999958
Clean_TlV_tehrTFs,7.039999999999999,1.0
Clean_TlV_tehrTFs,7.119999999999999,0.999916
Clean_TlV_tehrTFs,7.199999999999999,0.999996
Clean_TlV_tehrTFs,7.279999999999999,0.999484
Clean_TlV_tehrTFs,7.359999999999999,0.999997
Clean_TlV_tehrTFs,7.4399999999999995,0.999993
Clean_TlV_tehrTFs,7.52,0.999999
Clean_TlV_tehrTFs,7.6,0.999957
Clean_TlV_tehrTFs,7.68,0.99993
Clean_TlV_tehrTFs,7.76,0.962523
Clean_TlV_tehrTFs,7.84,0.999888
Clean_TlV_tehrTFs,7.92,0.371756
Clean_TlV_tehrTFs,8.0,0.914844
Clean_TlV_tehrTFs,8.08,0.995353
Clean_TlV_tehrTFs,8.16,0.997186
Clean_TlV_tehrTFs,8.24,0.848756
Clean_TlV_tehrTFs,8.32,0.999569
Clean_TlV_tehrTFs,8.4,0.999271
Clean_TlV_tehrTFs,8.48,0.994541
Clean_TlV_tehrTFs,8.56,0.996675
Clean_TlV_tehrTFs,8.64,0.999956
Clean_TlV_tehrTFs,8.72,0.999581
Clean_TlV_tehrTFs,8.8,0.999855
Clean_TlV_tehrTFs,8.88,0.999502
Clean_TlV_tehrTFs,8.96,0.999163
Clean_TlV_tehrTFs,9.040000000000001,0.999994
Clean_TlV_tehrTFs,9.120000000000001,0.999378
Clean_TlV_tehrTFs,9.200000000000001,0.999823
Clean_TlV_tehrTFs,9.280000000000001,0.999387
Clean_TlV_tehrTFs,9.360000000000001,0.99849
Clean_TlV_tehrTFs,9.440000000000001,0.036661
Clean_TlV_tehrTFs,9.52,0.002154
Clean_TlV_tehrTFs,9.6,0.002777
Clean_TlV_tehrTFs,9.68,0.0
Clean_TlV_tehrTFs,9.76,0.001379
Clean_TlV_tehrTFs,9.84,0.728127
Clean_TlV_tehrTFs,9.92,0.999244
Clean_TlV_tehrTFs,10.0,0.998852
Clean_TlV_tehrTFs,10.08,0.999847
Clean_TlV_tehrTFs,10.16,0.999965
Clean_TlV_tehrTFs,10.24,0.999928
Clean_TlV_tehrTFs,10.32,0.999224
Clean_TlV_tehrTFs,10.4,0.999694
Clean_TlV_tehrTFs,10.48,0.99049
Clean_TlV_tehrTFs,10.56,0.986181
Clean_TlV_tehrTFs,10.64,0.99626
Clean_TlV_tehrTFs,10.72,0.999299
Clean_TlV_tehrTFs,10.8,0.99977
Clean_TlV_tehrTFs,10.88,0.999956
Clean_TlV_tehrTFs,10.96,0.999994
Clean_TlV_tehrTFs,11.040000000000001,0.999978
Clean_TlV_tehrTFs,11.120000000000001,0.999992
Clean_TlV_tehrTFs,11.200000000000001,0.999965
Clean_TlV_tehrTFs,11.280000000000001,0.999989
Clean_TlV_tehrTFs,11.360000000000001,0.999957
Clean_TlV_tehrTFs,11.440000000000001,0.999995
Clean_TlV_tehrTFs,11.52,0.999999
Clean_TlV_tehrTFs,11.6,1.0
Clean_TlV_tehrTFs,11.68,1.0
Clean_TlV_tehrTFs,11.76,0.999988
Clean_TlV_tehrTFs,11.84,0.999999
Clean_TlV_tehrTFs,11.92,0.999989
Clean_TlV_tehrTFs,12.0,0.999999
Clean_TlV_tehrTFs,12.08,0.999999
Clean_TlV_tehrTFs,12.16,1.0
Clean_TlV_tehrTFs,12.24,1.0
Clean_TlV_tehrTFs,12.32,1.0
Clean_TlV_tehrTFs,12.4,1.0
Clean_TlV_tehrTFs,12.48,0.999986
Clean_TlV_tehrTFs,12.56,0.999998
Clean_TlV_tehrTFs,12.64,0.999998
Clean_TlV_tehrTFs,12.72,0.999671
Clean_TlV_tehrTFs,12.8,0.992744
Clean_TlV_tehrTFs,12.88,0.991247
Clean_TlV_tehrTFs,12.96,0.847578
Clean_TlV_tehrTFs,13.040000000000001,0.998816
Clean_TlV_tehrTFs,13.120000000000001,0.992075
Clean_TlV_tehrTFs,13.200000000000001,0.984238
Clean_TlV_tehrTFs,13.280000000000001,0.997818
Clean_TlV_tehrTFs,13.360000000000001,0.995022
Clean_TlV_tehrTFs,13.440000000000001,0.987711
Clean_TlV_tehrTFs,13.52,0.99785
Clean_TlV_tehrTFs,13.6,0.999815
Clean_TlV_tehrTFs,13.68,0.99941
Clean_TlV_tehrTFs,13.76,0.999669
Clean_TlV_tehrTFs,13.84,0.999829
Clean_TlV_tehrTFs,13.92,0.999886
Clean_TlV_tehrTFs,14.0,0.999972
Clean_TlV_tehrTFs,14.08,0.999995
Clean_TlV_tehrTFs,14.16,1.0
Clean_TlV_tehrTFs,14.24,0.999999
Clean_TlV_tehrTFs,14.32,0.999995
Clean_TlV_tehrTFs,14.4,0.999999
Clean_TlV_tehrTFs,14.48,1.0
Clean_TlV_tehrTFs,14.56,0.999997
Clean_TlV_tehrTFs,14.64,0.999989
Clean_TlV_tehrTFs,14.72,1.0
Clean_TlV_tehrTFs,14.8,1.0
Clean_TlV_tehrTFs,14.88,0.999742
Clean_TlV_tehrTFs,14.96,0.999997
Clean_TlV_tehrTFs,15.040000000000001,0.999999
Clean_TlV_tehrTFs,15.120000000000001,0.999978
Clean_TlV_tehrTFs,15.200000000000001,0.999983
Clean_TlV_tehrTFs,15.280000000000001,0.999998
Clean_TlV_tehrTFs,15.360000000000001,0.999994
Clean_TlV_tehrTFs,15.440000000000001,0.999789
Clean_TlV_tehrTFs,15.52,0.999997
Clean_TlV_tehrTFs,15.6,0.999997
Clean_TlV_tehrTFs,15.68,0.999974
Clean_TlV_tehrTFs,15.76,1.0
Clean_TlV_tehrTFs,15.84,0.999966
Clean_TlV_tehrTFs,15.92,0.999984
Clean_TlV_tehrTFs,16.0,0.999559
Clean_TlV_tehrTFs,16.08,1.0
Clean_TlV_tehrTFs,16.16,0.99979
Clean_TlV_tehrTFs,16.24,0.999978
Clean_TlV_tehrTFs,16.32,0.99998
Clean_TlV_tehrTFs,16.4,1.0
Clean_TlV_tehrTFs,16.48,1.0
Clean_TlV_tehrTFs,16.56,1.0
Clean_TlV_tehrTFs,16.64,1.0
Clean_TlV_tehrTFs,16.72,1.0
Clean_TlV_tehrTFs,16.8,1.0
Clean_TlV_tehrTFs,16.88,1.0
Clean_TlV_tehrTFs,16.96,1.0
Clean_TlV_tehrTFs,17.04,0.999964
Clean_TlV_tehrTFs,17.12,0.999998
Clean_TlV_tehrTFs,17.2,0.999975
Clean_TlV_tehrTFs,17.28,0.996249
Clean_TlV_tehrTFs,17.36,0.84483
Clean_TlV_tehrTFs,17.44,0.069842
Clean_TlV_tehrTFs,17.52,0.962215
Clean_TlV_tehrTFs,17.6,0.99278
Clean_TlV_tehrTFs,17.68,0.998632
Clean_TlV_tehrTFs,17.76,0.999655
Clean_TlV_tehrTFs,17.84,0.999975
Clean_TlV_tehrTFs,17.92,0.999998
Clean_TlV_tehrTFs,18.0,0.999996
Clean_TlV_tehrTFs,18.080000000000002,0.999997
Clean_TlV_tehrTFs,18.16,0.999996
Clean_TlV_tehrTFs,18.240000000000002,0.999997
Clean_TlV_tehrTFs,18.32,0.999998
Clean_TlV_tehrTFs,18.400000000000002,0.999999
Clean_TlV_tehrTFs,18.48,0.99999
Clean_TlV_tehrTFs,18.56,0.999986
Clean_TlV_tehrTFs,18.64,0.999816
Clean_TlV_tehrTFs,18.72,0.999997
Clean_TlV_tehrTFs,18.8,0.999845
Clean_TlV_tehrTFs,18.88,0.999979
Clean_TlV_tehrTFs,18.96,0.999857
Clean_TlV_tehrTFs,19.04,0.999986
Clean_TlV_tehrTFs,19.12,0.999745
Clean_TlV_tehrTFs,19.2,1.0
Clean_TlV_tehrTFs,19.28,0.999327
Clean_TlV_tehrTFs,19.36,0.999931
Clean_TlV_tehrTFs,19.44,0.999932
Clean_TlV_tehrTFs,19.52,0.99999
Clean_TlV_tehrTFs,19.6,0.999984
Clean_TlV_tehrTFs,19.68,0.999908
Clean_TlV_tehrTFs,19.76,0.999997
Clean_TlV_tehrTFs,19.84,0.999685
Clean_TlV_tehrTFs,19.92,0.999997
Clean_TlV_tehrTFs,20.0,0.99997
Clean_TlV_tehrTFs,20.080000000000002,0.999805
Clean_TlV_tehrTFs,20.16,0.999771
Clean_TlV_tehrTFs,20.240000000000002,0.999656
Clean_TlV_tehrTFs,20.32,0.999943
Clean_TlV_tehrTFs,20.400000000000002,0.996207
Clean_TlV_tehrTFs,20.48,0.222136
Clean_TlV_tehrTFs,20.56,0.003118
Clean_TlV_tehrTFs,20.64,0.000246
Clean_TlV_tehrTFs,20.72,0.0
Clean_TlV_tehrTFs,20.8,0.0
Clean_TlV_tehrTFs,20.88,0.0
Clean_TlV_tehrTFs,20.96,0.079844
Clean_TlV_tehrTFs,21.04,0.998544
Clean_TlV_tehrTFs,21.12,0.999239
Clean_TlV_tehrTFs,21.2,0.99986
Clean_TlV_tehrTFs,21.28,0.999998
Clean_TlV_tehrTFs,21.36,0.999997
Clean_TlV_tehrTFs,21.44,0.999997
Clean_TlV_tehrTFs,21.52,0.999997
Clean_TlV_tehrTFs,21.6,0.999831
Clean_TlV_tehrTFs,21.68,0.999975
Clean_TlV_tehrTFs,21.76,0.999871
Clean_TlV_tehrTFs,21.84,0.999986
Clean_TlV_tehrTFs,21.92,0.999937
Clean_TlV_tehrTFs,22.0,0.999995
Clean_TlV_tehrTFs,22.080000000000002,0.999987
Clean_TlV_tehrTFs,22.16,0.999999
Clean_TlV_tehrTFs,22.240000000000002,0.999993
Clean_TlV_tehrTFs,22.32,0.999997
Clean_TlV_tehrTFs,22.400000000000002,0.999992
Clean_TlV_tehrTFs,22.48,0.999994
Clean_TlV_tehrTFs,22.56,0.999987
Clean_TlV_tehrTFs,22.64,0.999928
Clean_TlV_tehrTFs,22.72,0.999988
Clean_TlV_tehrTFs,22.8,0.999751
Clean_TlV_tehrTFs,22.88,0.998776
Clean_TlV_tehrTFs,22.96,0.999802
Clean_TlV_tehrTFs,23.04,0.999643
Clean_TlV_tehrTFs,23.12,0.999824
Clean_TlV_tehrTFs,23.2,0.999975
Clean_TlV_tehrTFs,23.28,0.999944
Clean_TlV_tehrTFs,23.36,0.9998
Clean_TlV_tehrTFs,23.44,0.999996
Clean_TlV_tehrTFs,23.52,0.999983
Clean_TlV_tehrTFs,23.6,0.999947
Clean_TlV_tehrTFs,23.68,0.999954
Clean_TlV_tehrTFs,23.76,0.99992
Clean_TlV_tehrTFs,23.84,0.999954
Clean_TlV_tehrTFs,23.92,0.999992
Clean_TlV_tehrTFs,24.0,0.999996
Clean_TlV_tehrTFs,24.080000000000002,0.999879
Clean_TlV_tehrTFs,24.16,0.999988
Clean_TlV_tehrTFs,24.240000000000002,0.999681
Clean_TlV_tehrTFs,24.32,0.999995
Clean_TlV_tehrTFs,24.400000000000002,0.99995
Clean_TlV_tehrTFs,24.48,0.999977
Clean_TlV_tehrTFs,24.56,0.999965
Clean_TlV_tehrTFs,24.64,0.999956
Clean_TlV_tehrTFs,24.72,0.999992
Clean_TlV_tehrTFs,24.8,0.999985
Clean_TlV_tehrTFs,24.88,0.999792
Clean_TlV_tehrTFs,24.96,0.999979
Clean_TlV_tehrTFs,25.04,0.999992
Clean_TlV_tehrTFs,25.12,0.999041
Clean_TlV_tehrTFs,25.2,0.982124
Clean_TlV_tehrTFs,25.28,0.222545
Clean_TlV_tehrTFs,25.36,0.037969
Clean_TlV_tehrTFs,25.44,0.00169
Clean_TlV_tehrTFs,25.52,0.443056
Clean_TlV_tehrTFs,25.6,0.9764
Clean_TlV_tehrTFs,25.68,0.999747
Clean_TlV_tehrTFs,25.76,0.999939
Clean_TlV_tehrTFs,25.84,0.999969
Clean_TlV_tehrTFs,25.92,0.999935
Clean_TlV_tehrTFs,26.0,0.999782
Clean_TlV_tehrTFs,26.080000000000002,0.995185
Clean_TlV_tehrTFs,26.16,0.999542
Clean_TlV_tehrTFs,26.240000000000002,0.999586
Clean_TlV_tehrTFs,26.32,0.999995
Clean_TlV_tehrTFs,26.400000000000002,0.999995
Clean_TlV_tehrTFs,26.48,1.0
Clean_TlV_tehrTFs,26.56,1.0
Clean_TlV_tehrTFs,26.64,1.0
Clean_TlV_tehrTFs,26.72,1.0
Clean_TlV_tehrTFs,26.8,1.0
Clean_TlV_tehrTFs,26.88,0.999994
Clean_TlV_tehrTFs,26.96,1.0
Clean_TlV_tehrTFs,27.04,0.999829
Clean_TlV_tehrTFs,27.12,0.999998
Clean_TlV_tehrTFs,27.2,0.999879
Clean_TlV_tehrTFs,27.28,0.99995
Clean_TlV_tehrTFs,27.36,0.999758
Clean_TlV_tehrTFs,27.44,0.999871
Clean_TlV_tehrTFs,27.52,0.999806
Clean_TlV_tehrTFs,27.6,0.99957
Clean_TlV_tehrTFs,27.68,0.999854
Clean_TlV_tehrTFs,27.76,0.999467
Clean_TlV_tehrTFs,27.84,0.999763
Clean_TlV_tehrTFs,27.92,0.999598
Clean_TlV_tehrTFs,28.0,0.999716
Clean_TlV_tehrTFs,28.080000000000002,0.999497
Clean_TlV_tehrTFs,28.16,0.999752
Clean_TlV_tehrTFs,28.240000000000002,0.999998
Clean_TlV_tehrTFs,28.32,0.999987
Clean_TlV_tehrTFs,28.400000000000002,0.999529
Clean_TlV_tehrTFs,28.48,0.999943
Clean_TlV_tehrTFs,28.56,0.9976
Clean_TlV_tehrTFs,28.64,0.998592
Clean_TlV_tehrTFs,28.72,0.993862
Clean_TlV_tehrTFs,28.8,0.998347
Clean_TlV_tehrTFs,28.88,0.998399
Clean_TlV_tehrTFs,28.96,0.999682
Clean_TlV_tehrTFs,29.04,0.975715
Clean_TlV_tehrTFs,29.12,0.992634
Clean_TlV_tehrTFs,29.2,0.991852
Clean_TlV_tehrTFs,29.28,0.108042
Clean_TlV_tehrTFs,29.36,0.001048
Clean_TlV_tehrTFs,29.44,0.0
Clean_TlV_tehrTFs,29.52,0.000777
Clean_TlV_tehrTFs,29.6,0.260924
Clean_TlV_tehrTFs,29.68,0.992057
Clean_TlV_tehrTFs,29.76,0.994293
Clean_TlV_tehrTFs,29.84,0.999825
Clean_TlV_tehrTFs,29.92,0.999044
Clean_TlV_tehrTFs,30.0,0.99991
Clean_TlV_tehrTFs,30.080000000000002,0.99994
Clean_TlV_tehrTFs,30.16,0.999973
Clean_TlV_tehrTFs,30.240000000000002,0.999999
Clean_TlV_tehrTFs,30.32,0.999998
Clean_TlV_tehrTFs,30.400000000000002,1.0
Clean_TlV_tehrTFs,30.48,0.999995
Clean_TlV_tehrTFs,30.56,0.999993
Clean_TlV_tehrTFs,30.64,0.999981
Clean_TlV_tehrTFs,30.72,0.999215
Clean_TlV_tehrTFs,30.8,0.999988
Clean_TlV_tehrTFs,30.88,0.999186
Clean_TlV_tehrTFs,30.96,0.999597
Clean_TlV_tehrTFs,31.04,0.992876
Clean_TlV_tehrTFs,31.12,0.998785
Clean_TlV_tehrTFs,31.2,0.998939
Clean_TlV_tehrTFs,31.28,0.995195
Clean_TlV_tehrTFs,31.36,0.999841
Clean_TlV_tehrTFs,31.44,0.997855
Clean_TlV_tehrTFs,31.52,0.999787
Clean_TlV_tehrTFs,31.6,0.999839
Clean_TlV_tehrTFs,31.68,0.999711
Clean_TlV_tehrTFs,31.76,0.997294
Clean_TlV_tehrTFs,31.84,0.990961
Clean_TlV_tehrTFs,31.92,0.89274
Clean_TlV_tehrTFs,32.0,0.92462
Clean_TlV_tehrTFs,32.08,0.731
Clean_TlV_tehrTFs,32.16,0.003873
Clean_TlV_tehrTFs,32.24,0.0
Clean_TlV_tehrTFs,32.32,0.613216
Clean_TlV_tehrTFs,32.4,0.964072
Clean_TlV_tehrTFs,32.48,0.998406
Clean_TlV_tehrTFs,32.559999999999995,0.99996
Clean_TlV_tehrTFs,32.63999999999999,0.999999
Clean_TlV_tehrTFs,32.72,0.999986
Clean_TlV_tehrTFs,32.8,0.999993
Clean_TlV_tehrTFs,32.879999999999995,0.99999
Clean_TlV_tehrTFs,32.959999999999994,1.0
Clean_TlV_tehrTFs,33.04,0.999992
Clean_TlV_tehrTFs,33.12,1.0
Clean_TlV_tehrTFs,33.199999999999996,1.0
Clean_TlV_tehrTFs,33.279999999999994,1.0
Clean_TlV_tehrTFs,33.36,1.0
Clean_TlV_tehrTFs,33.44,0.999999
Clean_TlV_tehrTFs,33.519999999999996,0.999995
Clean_TlV_tehrTFs,33.599999999999994,0.999999
Clean_TlV_tehrTFs,33.68,0.999975
Clean_TlV_tehrTFs,33.76,1.0
Clean_TlV_tehrTFs,33.839999999999996,0.999992
Clean_TlV_tehrTFs,33.919999999999995,0.999995
Clean_TlV_tehrTFs,34.0,1.0
Clean_TlV_tehrTFs,34.08,0.999995
Clean_TlV_tehrTFs,34.16,0.999996
Clean_TlV_tehrTFs,34.239999999999995,0.999955
Clean_TlV_tehrTFs,34.32,0.999944
Clean_TlV_tehrTFs,34.4,0.996437
Clean_TlV_tehrTFs,34.48,0.31862
Clean_TlV_tehrTFs,34.559999999999995,0.108724
Clean_TlV_tehrTFs,34.63999999999999,0.0
Clean_TlV_tehrTFs,34.72,0.0
Clean_TlV_tehrTFs,34.8,0.004572
Clean_TlV_tehrTFs,34.879999999999995,0.057398
Clean_TlV_tehrTFs,34.959999999999994,0.991294
Clean_TlV_tehrTFs,35.04,0.99136
Clean_TlV_tehrTFs,35.12,0.999929
Clean_TlV_tehrTFs,35.199999999999996,0.998694
Clean_TlV_tehrTFs,35.279999999999994,0.999415
Clean_TlV_tehrTFs,35.36,0.999923
Clean_TlV_tehrTFs,35.44,0.999715
Clean_TlV_tehrTFs,35.519999999999996,0.999791
Clean_TlV_tehrTFs,35.599999999999994,1.0
Clean_TlV_tehrTFs,35.68,0.999793
Clean_TlV_tehrTFs,35.76,0.999985
Clean_TlV_tehrTFs,35.839999999999996,1.0
Clean_TlV_tehrTFs,35.919999999999995,0.999999
Clean_TlV_tehrTFs,36.0,0.999999
Clean_TlV_tehrTFs,36.08,0.999759
Clean_TlV_tehrTFs,36.16,0.999965
Clean_TlV_tehrTFs,36.239999999999995,0.999934
Clean_TlV_tehrTFs,36.32,0.999933
Clean_TlV_tehrTFs,36.4,0.999868
Clean_TlV_tehrTFs,36.48,0.999923
Clean_TlV_tehrTFs,36.559999999999995,0.991218
Clean_TlV_tehrTFs,36.63999999999999,0.999899
Clean_TlV_tehrTFs,36.72,0.992325
Clean_TlV_tehrTFs,36.8,0.999612
Clean_TlV_tehrTFs,36.879999999999995,0.998767
Clean_TlV_tehrTFs,36.959999999999994,0.999993
Clean_TlV_tehrTFs,37.04,0.999997
Clean_TlV_tehrTFs,37.12,0.999992
Clean_TlV_tehrTFs,37.199999999999996,0.999998
Clean_TlV_tehrTFs,37.279999999999994,0.999886
Clean_TlV_tehrTFs,37.36,0.999977
Clean_TlV_tehrTFs,37.44,0.995603
Clean_TlV_tehrTFs,37.519999999999996,0.999656
Clean_TlV_tehrTFs,37.599999999999994,0.997671
Clean_TlV_tehrTFs,37.68,0.999615
Clean_TlV_tehrTFs,37.76,0.999927
Clean_TlV_tehrTFs,37.839999999999996,0.999865
Clean_TlV_tehrTFs,37.919999999999995,0.999897
Clean_TlV_tehrTFs,38.0,0.999303
Clean_TlV_tehrTFs,38.08,0.999994
Clean_TlV_tehrTFs,38.16,0.999983
Clean_TlV_tehrTFs,38.239999999999995,0.999987
Clean_TlV_tehrTFs,38.32,0.999998
Clean_TlV_tehrTFs,38.4,0.999899
Clean_TlV_tehrTFs,38.48,0.999254
Clean_TlV_tehrTFs,38.559999999999995,0.998245
Clean_TlV_tehrTFs,38.63999999999999,0.999674
Clean_TlV_tehrTFs,38.72,0.999971
Clean_TlV_tehrTFs,38.8,0.999997
Clean_TlV_tehrTFs,38.879999999999995,0.999937
Clean_TlV_tehrTFs,38.959999999999994,0.999999
Clean_TlV_tehrTFs,39.04,0.999999
Clean_TlV_tehrTFs,39.12,1.0
Clean_TlV_tehrTFs,39.199999999999996,0.999359
Clean_TlV_tehrTFs,39.279999999999994,0.999998
Clean_TlV_tehrTFs,39.36,0.999994
Clean_TlV_tehrTFs,39.44,0.999994
Clean_TlV_tehrTFs,39.519999999999996,0.999993
Clean_TlV_tehrTFs,39.599999999999994,0.999996
Clean_TlV_tehrTFs,39.68,0.999979
Clean_TlV_tehrTFs,39.76,0.999999
Clean_TlV_tehrTFs,39.839999999999996,0.999998
Clean_TlV_tehrTFs,39.919999999999995,0.999998
Clean_TlV_tehrTFs,40.0,0.999975
Clean_TlV_tehrTFs,40.08,0.999894
Clean_TlV_tehrTFs,40.16,0.999626
Clean_TlV_tehrTFs,40.239999999999995,0.999728
Clean_TlV_tehrTFs,40.32,0.999986
Clean_TlV_tehrTFs,40.4,0.982122
Clean_TlV_tehrTFs,40.48,0.998241
Clean_TlV_tehrTFs,40.559999999999995,0.872568
Clean_TlV_tehrTFs,40.63999999999999,0.90893
Clean_TlV_tehrTFs,40.72,0.998535
Clean_TlV_tehrTFs,40.8,0.995739
Clean_TlV_tehrTFs,40.879999999999995,0.999986
Clean_TlV_tehrTFs,40.959999999999994,0.999998
Clean_TlV_tehrTFs,41.04,0.999966
Clean_TlV_tehrTFs,41.12,0.999994
Clean_TlV_tehrTFs,41.199999999999996,0.999994
Clean_TlV_tehrTFs,41.279999999999994,0.999953
Clean_TlV_tehrTFs,41.36,0.999989
Clean_TlV_tehrTFs,41.44,0.99948
Clean_TlV_tehrTFs,41.519999999999996,0.999967
Clean_TlV_tehrTFs,41.599999999999994,0.999613
Clean_TlV_tehrTFs,41.68,0.999649
Clean_TlV_tehrTFs,41.76,0.999917
Clean_TlV_tehrTFs,41.839999999999996,0.999999
Clean_TlV_tehrTFs,41.919999999999995,0.999972
Clean_TlV_tehrTFs,42.0,0.999997
Clean_TlV_tehrTFs,42.08,0.999985
Clean_TlV_tehrTFs,42.16,0.999989
Clean_TlV_tehrTFs,42.239999999999995,0.999969
Clean_TlV_tehrTFs,42.32,0.999989
Clean_TlV_tehrTFs,42.4,0.999992
Clean_TlV_tehrTFs,42.48,1.0
Clean_TlV_tehrTFs,42.559999999999995,1.0
Clean_TlV_tehrTFs,42.63999999999999,0.999999
Clean_TlV_tehrTFs,42.72,1.0
Clean_TlV_tehrTFs,42.8,1.0
Clean_TlV_tehrTFs,42.879999999999995,0.999306
Clean_TlV_tehrTFs,42.959999999999994,1.0
Clean_TlV_tehrTFs,43.04,0.998714
Clean_TlV_tehrTFs,43.12,0.999966
Clean_TlV_tehrTFs,43.199999999999996,0.99989
Clean_TlV_tehrTFs,43.279999999999994,0.99378
Clean_TlV_tehrTFs,43.36,0.999456
Clean_TlV_tehrTFs,43.44,0.999949
Clean_TlV_tehrTFs,43.519999999999996,0.999995
Clean_TlV_tehrTFs,43.599999999999994,0.999985
Clean_TlV_tehrTFs,43.68,0.99137
Clean_TlV_tehrTFs,43.76,0.979839
Clean_TlV_tehrTFs,43.839999999999996,0.941896
Clean_TlV_tehrTFs,43.919999999999995,0.864782
Clean_TlV_tehrTFs,44.0,0.004427
Clean_TlV_tehrTFs,44.08,0.0
Clean_TlV_tehrTFs,44.16,0.0
Clean_TlV_tehrTFs,44.239999999999995,0.0
Clean_TlV_tehrTFs,44.32,0.260651
Clean_TlV_tehrTFs,44.4,0.956222
Clean_TlV_tehrTFs,44.48,0.999392
Clean_TlV_tehrTFs,44.559999999999995,0.999621
Clean_TlV_tehrTFs,44.63999999999999,0.999955
Clean_TlV_tehrTFs,44.72,0.999984
Clean_TlV_tehrTFs,44.8,0.998371
Clean_TlV_tehrTFs,44.879999999999995,0.99808
Clean_TlV_tehrTFs,44.959999999999994,0.999999
Clean_TlV_tehrTFs,45.04,0.999836
Clean_TlV_tehrTFs,45.12,0.999993
Clean_TlV_tehrTFs,45.199999999999996,0.999985
Clean_TlV_tehrTFs,45.279999999999994,0.999999
Clean_TlV_tehrTFs,45.36,0.999999
Clean_TlV_tehrTFs,45.44,1.0
Clean_TlV_tehrTFs,45.519999999999996,1.0
Clean_TlV_tehrTFs,45.599999999999994,1.0
Clean_TlV_tehrTFs,45.68,1.0
Clean_TlV_tehrTFs,45.76,1.0
Clean_TlV_tehrTFs,45.839999999999996,1.0
Clean_TlV_tehrTFs,45.919999999999995,0.999997
Clean_TlV_tehrTFs,46.0,1.0
Clean_TlV_tehrTFs,46.08,0.999997
Clean_TlV_tehrTFs,46.16,1.0
Clean_TlV_tehrTFs,46.239999999999995,1.0
Clean_TlV_tehrTFs,46.32,1.0
Clean_TlV_tehrTFs,46.4,0.999999
Clean_TlV_tehrTFs,46.48,0.999992
Clean_TlV_tehrTFs,46.559999999999995,0.999999
Clean_TlV_tehrTFs,46.63999999999999,0.999995
Clean_TlV_tehrTFs,46.72,0.999997
Clean_TlV_tehrTFs,46.8,0.999999
Clean_TlV_tehrTFs,46.879999999999995,0.999994
Clean_TlV_tehrTFs,46.959999999999994,0.999936
Clean_TlV_tehrTFs,47.04,0.999873
Clean_TlV_tehrTFs,47.12,0.998624
Clean_TlV_tehrTFs,47.199999999999996,0.987623
Clean_TlV_tehrTFs,47.279999999999994,0.887717
Clean_TlV_tehrTFs,47.36,0.076782
Clean_TlV_tehrTFs,47.44,0.899272
Clean_TlV_tehrTFs,47.519999999999996,0.978099
Clean_TlV_tehrTFs,47.599999999999994,0.986598
Clean_TlV_tehrTFs,47.68,0.999966
Clean_TlV_tehrTFs,47.76,0.999977
Clean_TlV_tehrTFs,47.839999999999996,1.0
Clean_TlV_tehrTFs,47.919999999999995,0.999986
Clean_TlV_tehrTFs,48.0,0.999937
Clean_TlV_tehrTFs,48.08,0.999947
Clean_TlV_tehrTFs,48.16,0.999835
Clean_TlV_tehrTFs,48.239999999999995,0.999835
Clean_TlV_tehrTFs,48.32,0.999877
Clean_TlV_tehrTFs,48.4,0.999845
Clean_TlV_tehrTFs,48.48,0.999932
Clean_TlV_tehrTFs,48.559999999999995,0.99999
Clean_TlV_tehrTFs,48.63999999999999,0.999985
Clean_TlV_tehrTFs,48.72,0.999972
Clean_TlV_tehrTFs,48.8,0.99883
Clean_TlV_tehrTFs,48.879999999999995,0.999994
Clean_TlV_tehrTFs,48.959999999999994,0.89078
Clean_TlV_tehrTFs,49.04,0.999996
Clean_TlV_tehrTFs,49.12,0.992114
Clean_TlV_tehrTFs,49.199999999999996,0.998474
Clean_TlV_tehrTFs,49.279999999999994,0.993659
Clean_TlV_tehrTFs,49.36,0.999919
Clean_TlV_tehrTFs,49.44,0.999834
Clean_TlV_tehrTFs,49.519999999999996,0.999962
Clean_TlV_tehrTFs,49.599999999999994,0.996564
Clean_TlV_tehrTFs,49.68,0.041814
Clean_TlV_tehrTFs,49.76,0.101723
Clean_TlV_tehrTFs,49.839999999999996,0.98647
Clean_TlV_tehrTFs,49.919999999999995,0.976857
Clean_TlV_tehrTFs,50.0,0.99627
Clean_TlV_tehrTFs,50.08,0.999452
Clean_TlV_tehrTFs,50.16,0.999941
Clean_TlV_tehrTFs,50.239999999999995,0.999979
Clean_TlV_tehrTFs,50.32,0.999992
Clean_TlV_tehrTFs,50.4,0.999972
Clean_TlV_tehrTFs,50.48,0.999997
Clean_TlV_tehrTFs,50.559999999999995,0.996477
Clean_TlV_tehrTFs,50.63999999999999,0.999996
Clean_TlV_tehrTFs,50.72,0.999999
Clean_TlV_tehrTFs,50.8,0.999999
Clean_TlV_tehrTFs,50.879999999999995,0.999987
Clean_TlV_tehrTFs,50.959999999999994,0.999999
Clean_TlV_tehrTFs,51.04,0.999982
Clean_TlV_tehrTFs,51.12,1.0
Clean_TlV_tehrTFs,51.199999999999996,0.999999
Clean_TlV_tehrTFs,51.279999999999994,1.0
Clean_TlV_tehrTFs,51.36,0.999998
Clean_TlV_tehrTFs,51.44,1.0
Clean_TlV_tehrTFs,51.519999999999996,0.999998
Clean_TlV_tehrTFs,51.599999999999994,0.999999
Clean_TlV_tehrTFs,51.68,0.999957
Clean_TlV_tehrTFs,51.76,1.0
Clean_TlV_tehrTFs,51.839999999999996,0.999976
Clean_TlV_tehrTFs,51.919999999999995,0.999986
Clean_TlV_tehrTFs,52.0,0.999926
Clean_TlV_tehrTFs,52.08,0.999972
Clean_TlV_tehrTFs,52.16,0.999995
Clean_TlV_tehrTFs,52.239999999999995,0.999993
Clean_TlV_tehrTFs,52.32,0.999999
Clean_TlV_tehrTFs,52.4,1.0
Clean_TlV_tehrTFs,52.48,0.999973
Clean_TlV_tehrTFs,52.559999999999995,0.999731
Clean_TlV_tehrTFs,52.63999999999999,0.997823
Clean_TlV_tehrTFs,52.72,0.9999
Clean_TlV_tehrTFs,52.8,0.999356
Clean_TlV_tehrTFs,52.879999999999995,0.999579
Clean_TlV_tehrTFs,52.959999999999994,0.969555
Clean_TlV_tehrTFs,53.04,0.990285
Clean_TlV_tehrTFs,53.12,0.999542
Clean_TlV_tehrTFs,53.199999999999996,0.999965
Clean_TlV_tehrTFs,53.279999999999994,0.996126
Clean_TlV_tehrTFs,53.36,0.999982
Clean_TlV_tehrTFs,53.44,0.994678
Clean_TlV_tehrTFs,53.519999999999996,0.999509
Clean_TlV_tehrTFs,53.599999999999994,0.999996
Clean_TlV_tehrTFs,53.68,0.999998
Clean_TlV_tehrTFs,53.76,0.99968
Clean_TlV_tehrTFs,53.839999999999996,0.998719
Clean_TlV_tehrTFs,53.919999999999995,0.984666
Clean_TlV_tehrTFs,54.0,0.951084
Clean_TlV_tehrTFs,54.08,0.99626
Clean_TlV_tehrTFs,54.16,0.997672
Clean_TlV_tehrTFs,54.239999999999995,0.999799
Clean_TlV_tehrTFs,54.32,0.999993
Clean_TlV_tehrTFs,54.4,0.998723
Clean_TlV_tehrTFs,54.48,0.999174
Clean_TlV_tehrTFs,54.559999999999995,0.997954
Clean_TlV_tehrTFs,54.63999999999999,0.999264
Clean_TlV_tehrTFs,54.72,0.903491
Clean_TlV_tehrTFs,54.8,0.073483
Clean_TlV_tehrTFs,54.879999999999995,0.0
Clean_TlV_tehrTFs,54.959999999999994,0.0
Clean_TlV_tehrTFs,55.04,0.0
Clean_TlV_tehrTFs,55.12,0.0
Clean_TlV_tehrTFs,55.199999999999996,0.215803
Clean_TlV_tehrTFs,55.279999999999994,0.785674
Clean_TlV_tehrTFs,55.36,0.992772
Clean_TlV_tehrTFs,55.44,0.992375
Clean_TlV_tehrTFs,55.519999999999996,0.988596
Clean_TlV_tehrTFs,55.599999999999994,0.99929
Clean_TlV_tehrTFs,55.68,0.999708
Clean_TlV_tehrTFs,55.76,0.999396
Clean_TlV_tehrTFs,55.839999999999996,0.99983
Clean_TlV_tehrTFs,55.919999999999995,0.99997
Clean_TlV_tehrTFs,56.0,0.999991
Clean_TlV_tehrTFs,56.08,0.999916
Clean_TlV_tehrTFs,56.16,0.999972
Clean_TlV_tehrTFs,56.239999999999995,0.999835
Clean_TlV_tehrTFs,56.32,0.999939
Clean_TlV_tehrTFs,56.4,0.998954
Clean_TlV_tehrTFs,56.48,0.999786
Clean_TlV_tehrTFs,56.559999999999995,0.999727
Clean_TlV_tehrTFs,56.63999999999999,0.999997
Clean_TlV_tehrTFs,56.72,0.99999
Clean_TlV_tehrTFs,56.8,0.999985
Clean_TlV_tehrTFs,56.879999999999995,0.999962
Clean_TlV_tehrTFs,56.959999999999994,0.999312
Clean_TlV_tehrTFs,57.04,0.999931
Clean_TlV_tehrTFs,57.12,0.999978
Clean_TlV_tehrTFs,57.199999999999996,0.999997
Clean_TlV_tehrTFs,57.279999999999994,0.999953
Clean_TlV_tehrTFs,57.36,0.999999
Clean_TlV_tehrTFs,57.44,0.999978
Clean_TlV_tehrTFs,57.519999999999996,0.999974
Clean_TlV_tehrTFs,57.599999999999994,0.999937
Clean_TlV_tehrTFs,57.68,0.999378
Clean_TlV_tehrTFs,57.76,0.999985
Clean_TlV_tehrTFs,57.839999999999996,0.999953
Clean_TlV_tehrTFs,57.919999999999995,0.999722
Clean_TlV_tehrTFs,58.0,0.999976
Clean_TlV_tehrTFs,58.08,0.999951
Clean_TlV_tehrTFs,58.16,0.999765
Clean_TlV_tehrTFs,58.239999999999995,0.99979
Clean_TlV_tehrTFs,58.32,0.997289
Clean_TlV_tehrTFs,58.4,0.913551
Clean_TlV_tehrTFs,58.48,0.875621
Clean_TlV_tehrTFs,58.559999999999995,0.978398
Clean_TlV_tehrTFs,58.63999999999999,0.199576
Clean_TlV_tehrTFs,58.72,0.219004
Clean_TlV_tehrTFs,58.8,0.663813
Clean_TlV_tehrTFs,58.879999999999995,0.999422
Clean_TlV_tehrTFs,58.959999999999994,0.999832
Clean_TlV_tehrTFs,59.04,0.994415
Clean_TlV_tehrTFs,59.12,0.991985
Clean_TlV_tehrTFs,59.199999999999996,0.999288
Clean_TlV_tehrTFs,59.279999999999994,0.999598
Clean_TlV_tehrTFs,59.36,0.999991
Clean_TlV_tehrTFs,59.44,0.999969
Clean_TlV_tehrTFs,59.519999999999996,1.0
Clean_TlV_tehrTFs,59.599999999999994,0.999992
Clean_TlV_tehrTFs,59.68,1.0
Clean_TlV_tehrTFs,59.76,0.999997
Clean_TlV_tehrTFs,59.839999999999996,0.999999
Clean_TlV_tehrTFs,59.919999999999995,0.999951
Clean_TlV_tehrTFs,60.0,0.999984
Clean_TlV_tehrTFs,60.08,0.999651
Clean_TlV_tehrTFs,60.16,0.999937
Clean_TlV_tehrTFs,60.239999999999995,0.998641
Clean_TlV_tehrTFs,60.32,0.999769
Clean_TlV_tehrTFs,60.4,0.999908
Clean_TlV_tehrTFs,60.48,0.998796
Clean_TlV_tehrTFs,60.559999999999995,0.999994
Clean_TlV_tehrTFs,60.63999999999999,0.999556
Clean_TlV_tehrTFs,60.72,0.999925
Clean_TlV_tehrTFs,60.8,0.994134
Clean_TlV_tehrTFs,60.879999999999995,0.999912
Clean_TlV_tehrTFs,60.959999999999994,0.999729
Clean_TlV_tehrTFs,61.04,0.999973
Clean_TlV_tehrTFs,61.12,0.995743
Clean_TlV_tehrTFs,61.199999999999996,0.999907
Clean_TlV_tehrTFs,61.279999999999994,0.996791
Clean_TlV_tehrTFs,61.36,0.999883
Clean_TlV_tehrTFs,61.44,0.989516
Clean_TlV_tehrTFs,61.519999999999996,0.999295
Clean_TlV_tehrTFs,61.599999999999994,0.995263
Clean_TlV_tehrTFs,61.68,0.963274
Clean_TlV_tehrTFs,61.76,0.9965
Clean_TlV_tehrTFs,61.839999999999996,0.977586
Clean_TlV_tehrTFs,61.919999999999995,0.999218
Clean_TlV_tehrTFs,62.0,0.985247
Clean_TlV_tehrTFs,62.08,0.988763
Clean_TlV_tehrTFs,62.16,0.980758
Clean_TlV_tehrTFs,62.239999999999995,0.998371
Clean_TlV_tehrTFs,62.32,0.999974
Clean_TlV_tehrTFs,62.4,0.999991
Clean_TlV_tehrTFs,62.48,0.999992
Clean_TlV_tehrTFs,62.559999999999995,0.999791
Clean_TlV_tehrTFs,62.63999999999999,0.999954
Clean_TlV_tehrTFs,62.72,0.999976
Clean_TlV_tehrTFs,62.8,0.999991
Clean_TlV_tehrTFs,62.879999999999995,0.999975
Clean_TlV_tehrTFs,62.959999999999994,0.999825
Clean_TlV_tehrTFs,63.04,0.999953
Clean_TlV_tehrTFs,63.12,0.999996
Clean_TlV_tehrTFs,63.199999999999996,0.999996
Clean_TlV_tehrTFs,63.279999999999994,0.999999
Clean_TlV_tehrTFs,63.36,0.99999
Clean_TlV_tehrTFs,63.44,0.999991
Clean_TlV_tehrTFs,63.519999999999996,1.0
Clean_TlV_tehrTFs,63.599999999999994,1.0
Clean_TlV_tehrTFs,63.68,0.999999
Clean_TlV_tehrTFs,63.76,1.0
Clean_TlV_tehrTFs,63.839999999999996,0.999998
Clean_TlV_tehrTFs,63.919999999999995,1.0
Clean_TlV_tehrTFs,64.0,1.0
Clean_TlV_tehrTFs,64.08,0.99995
Clean_TlV_tehrTFs,64.16,0.999997
Clean_TlV_tehrTFs,64.24,0.999999
Clean_TlV_tehrTFs,64.32000000000001,0.999987
Clean_TlV_tehrTFs,64.4,0.999967
Clean_TlV_tehrTFs,64.48,0.999926
Clean_TlV_tehrTFs,64.56,0.999773
Clean_TlV_tehrTFs,64.64,0.999821
Clean_TlV_tehrTFs,64.72,0.744535
Clean_TlV_tehrTFs,64.8,0.991449
Clean_TlV_tehrTFs,64.88000000000001,0.999004
Clean_TlV_tehrTFs,64.96000000000001,0.985724
Clean_TlV_tehrTFs,65.04,0.998482
Clean_TlV_tehrTFs,65.12,0.999864
Clean_TlV_tehrTFs,65.2,0.999972
Clean_TlV_tehrTFs,65.28,0.999996
Clean_TlV_tehrTFs,65.36,0.999976
Clean_TlV_tehrTFs,65.44,0.999719
Clean_TlV_tehrTFs,65.52000000000001,0.999789
Clean_TlV_tehrTFs,65.60000000000001,0.999753
Clean_TlV_tehrTFs,65.68,0.999986
Clean_TlV_tehrTFs,65.76,0.999996
Clean_TlV_tehrTFs,65.84,0.999999
Clean_TlV_tehrTFs,65.92,0.999986
Clean_TlV_tehrTFs,66.0,0.999995
Clean_TlV_tehrTFs,66.08,0.999953
Clean_TlV_tehrTFs,66.16000000000001,0.99999
Clean_TlV_tehrTFs,66.24000000000001,0.999875
Clean_TlV_tehrTFs,66.32000000000001,0.999885
Clean_TlV_tehrTFs,66.4,0.999959
Clean_TlV_tehrTFs,66.48,0.999972
Clean_TlV_tehrTFs,66.56,0.999898
Clean_TlV_tehrTFs,66.64,0.999956
Clean_TlV_tehrTFs,66.72,0.999979
Clean_TlV_tehrTFs,66.8,0.999995
Clean_TlV_tehrTFs,66.88000000000001,0.999068
Clean_TlV_tehrTFs,66.96000000000001,0.997965
Clean_TlV_tehrTFs,67.04,0.967284
Clean_TlV_tehrTFs,67.12,0.294902
Clean_TlV_tehrTFs,67.2,0.370306
Clean_TlV_tehrTFs,67.28,0.640329
Clean_TlV_tehrTFs,67.36,0.580485
Clean_TlV_tehrTFs,67.44,0.976969
Clean_TlV_tehrTFs,67.52000000000001,0.997712
Clean_TlV_tehrTFs,67.60000000000001,0.998735
Clean_TlV_tehrTFs,67.68,0.989675
Clean_TlV_tehrTFs,67.76,0.999312
Clean_TlV_tehrTFs,67.84,0.999605
Clean_TlV_tehrTFs,67.92,0.999939
Clean_TlV_tehrTFs,68.0,0.999996
Clean_TlV_tehrTFs,68.08,0.999988
Clean_TlV_tehrTFs,68.16000000000001,0.999997
Clean_TlV_tehrTFs,68.24000000000001,0.999931
Clean_TlV_tehrTFs,68.32000000000001,0.999998
Clean_TlV_tehrTFs,68.4,0.999859
Clean_TlV_tehrTFs,68.48,0.999991
Clean_TlV_tehrTFs,68.56,0.999968
Clean_TlV_tehrTFs,68.64,0.998515
Clean_TlV_tehrTFs,68.72,0.993498
Clean_TlV_tehrTFs,68.8,0.995485
Clean_TlV_tehrTFs,68.88000000000001,0.990549
Clean_TlV_tehrTFs,68.96000000000001,0.999453
Clean_TlV_tehrTFs,69.04,0.999983
Clean_TlV_tehrTFs,69.12,0.999994
Clean_TlV_tehrTFs,69.2,0.999998
Clean_TlV_tehrTFs,69.28,0.999998
Clean_TlV_tehrTFs,69.36,0.999984
Clean_TlV_tehrTFs,69.44,0.999999
Clean_TlV_tehrTFs,69.52000000000001,0.999997
Clean_TlV_tehrTFs,69.60000000000001,1.0
Clean_TlV_tehrTFs,69.68,0.99999
Clean_TlV_tehrTFs,69.76,0.999998
Clean_TlV_tehrTFs,69.84,0.999994
Clean_TlV_tehrTFs,69.92,0.999994
Clean_TlV_tehrTFs,70.0,0.999674
Clean_TlV_tehrTFs,70.08,0.999988
Clean_TlV_tehrTFs,70.16000000000001,0.999939
Clean_TlV_tehrTFs,70.24000000000001,0.999858
Clean_TlV_tehrTFs,70.32000000000001,0.999367
Clean_TlV_tehrTFs,70.4,0.997997
Clean_TlV_tehrTFs,70.48,0.998196
Clean_TlV_tehrTFs,70.56,0.99511
Clean_TlV_tehrTFs,70.64,0.999707
Clean_TlV_tehrTFs,70.72,0.995154
Clean_TlV_tehrTFs,70.8,0.999903
Clean_TlV_tehrTFs,70.88000000000001,0.998368
Clean_TlV_tehrTFs,70.96000000000001,0.996396
Clean_TlV_tehrTFs,71.04,0.999641
Clean_TlV_tehrTFs,71.12,0.999967
Clean_TlV_tehrTFs,71.2,0.999094
Clean_TlV_tehrTFs,71.28,0.999921
Clean_TlV_tehrTFs,71.36,0.984839
Clean_TlV_tehrTFs,71.44,0.999919
Clean_TlV_tehrTFs,71.52000000000001,0.996812
Clean_TlV_tehrTFs,71.60000000000001,0.997082
Clean_TlV_tehrTFs,71.68,0.991145
Clean_TlV_tehrTFs,71.76,0.999964
Clean_TlV_tehrTFs,71.84,0.999996
Clean_TlV_tehrTFs,71.92,0.999999
Clean_TlV_tehrTFs,72.0,0.999994
Clean_TlV_tehrTFs,72.08,0.999856
Clean_TlV_tehrTFs,72.16000000000001,0.999957
Clean_TlV_tehrTFs,72.24000000000001,0.999995
Clean_TlV_tehrTFs,72.32000000000001,0.999995
Clean_TlV_tehrTFs,72.4,0.999999
Clean_TlV_tehrTFs,72.48,0.999999
Clean_TlV_tehrTFs,72.56,0.999941
Clean_TlV_tehrTFs,72.64,0.999989
Clean_TlV_tehrTFs,72.72,0.999945
Clean_TlV_tehrTFs,72.8,0.999988
Clean_TlV_tehrTFs,72.88000000000001,0.99998
Clean_TlV_tehrTFs,72.96000000000001,0.999945
Clean_TlV_tehrTFs,73.04,0.999995
Clean_TlV_tehrTFs,73.12,0.999997
Clean_TlV_tehrTFs,73.2,0.998091
Clean_TlV_tehrTFs,73.28,0.999984
Clean_TlV_tehrTFs,73.36,0.99999
Clean_TlV_tehrTFs,73.44,0.999997
Clean_TlV_tehrTFs,73.52000000000001,0.999991
Clean_TlV_tehrTFs,73.60000000000001,0.999913
Clean_TlV_tehrTFs,73.68,0.999928
Clean_TlV_tehrTFs,73.76,0.999982
Clean_TlV_tehrTFs,73.84,0.999762
Clean_TlV_tehrTFs,73.92,0.999998
Clean_TlV_tehrTFs,74.0,0.999579
Clean_TlV_tehrTFs,74.08,0.999995
Clean_TlV_tehrTFs,74.16000000000001,0.999336
Clean_TlV_tehrTFs,74.24000000000001,0.999967
Clean_TlV_tehrTFs,74.32000000000001,0.999992
Clean_TlV_tehrTFs,74.4,0.999971
Clean_TlV_tehrTFs,74.48,0.99992
Clean_TlV_tehrTFs,74.56,1.0
Clean_TlV_tehrTFs,74.64,0.999999
Clean_TlV_tehrTFs,74.72,1.0
Clean_TlV_tehrTFs,74.8,0.999972
Clean_TlV_tehrTFs,74.88000000000001,0.999999
Clean_TlV_tehrTFs,74.96000000000001,0.99992
Clean_TlV_tehrTFs,75.04,0.999989
Clean_TlV_tehrTFs,75.12,0.999997
Clean_TlV_tehrTFs,75.2,0.999999
Clean_TlV_tehrTFs,75.28,0.99985
Clean_TlV_tehrTFs,75.36,0.998388
Clean_TlV_tehrTFs,75.44,0.998624
Clean_TlV_tehrTFs,75.52000000000001,0.998382
Clean_TlV_tehrTFs,75.60000000000001,0.999998
Clean_TlV_tehrTFs,75.68,0.999999
Clean_TlV_tehrTFs,75.76,1.0
Clean_TlV_tehrTFs,75.84,0.999906
Clean_TlV_tehrTFs,75.92,0.999993
Clean_TlV_tehrTFs,76.0,0.999967
Clean_TlV_tehrTFs,76.08,0.999992
Clean_TlV_tehrTFs,76.16000000000001,0.999997
Clean_TlV_tehrTFs,76.24000000000001,0.999999
Clean_TlV_tehrTFs,76.32000000000001,0.999974
Clean_TlV_tehrTFs,76.4,0.999984
Clean_TlV_tehrTFs,76.48,0.999991
Clean_TlV_tehrTFs,76.56,1.0
Clean_TlV_tehrTFs,76.64,0.999986
Clean_TlV_tehrTFs,76.72,0.999956
Clean_TlV_tehrTFs,76.8,0.999962
Clean_TlV_tehrTFs,76.88000000000001,0.999829
Clean_TlV_tehrTFs,76.96000000000001,0.999997
Clean_TlV_tehrTFs,77.04,0.999999
Clean_TlV_tehrTFs,77.12,1.0
Clean_TlV_tehrTFs,77.2,0.999763
Clean_TlV_tehrTFs,77.28,0.999209
Clean_TlV_tehrTFs,77.36,0.999979
Clean_TlV_tehrTFs,77.44,0.999904
Clean_TlV_tehrTFs,77.52000000000001,0.999972
Clean_TlV_tehrTFs,77.60000000000001,0.999995
Clean_TlV_tehrTFs,77.68,0.999975
Clean_TlV_tehrTFs,77.76,0.999992
Clean_TlV_tehrTFs,77.84,0.999983
Clean_TlV_tehrTFs,77.92,0.99994
Clean_TlV_tehrTFs,78.0,0.999996
Clean_TlV_tehrTFs,78.08,0.99984
Clean_TlV_tehrTFs,78.16000000000001,0.999944
Clean_TlV_tehrTFs,78.24000000000001,0.999746
Clean_TlV_tehrTFs,78.32000000000001,0.999842
Clean_TlV_tehrTFs,78.4,0.998769
Clean_TlV_tehrTFs,78.48,0.999907
Clean_TlV_tehrTFs,78.56,0.999993
Clean_TlV_tehrTFs,78.64,0.99995
Clean_TlV_tehrTFs,78.72,0.982351
Clean_TlV_tehrTFs,78.8,0.999918
Clean_TlV_tehrTFs,78.88000000000001,0.999971
Clean_TlV_tehrTFs,78.96000000000001,0.999953
Clean_TlV_tehrTFs,79.04,0.999884
Clean_TlV_tehrTFs,79.12,0.999881
Clean_TlV_tehrTFs,79.2,0.999995
Clean_TlV_tehrTFs,79.28,0.999999
Clean_TlV_tehrTFs,79.36,0.999984
Clean_TlV_tehrTFs,79.44,0.999987
Clean_TlV_tehrTFs,79.52000000000001,0.999996
Clean_TlV_tehrTFs,79.60000000000001,0.999994
Clean_TlV_tehrTFs,79.68,0.999995
Clean_TlV_tehrTFs,79.76,0.999973
Clean_TlV_tehrTFs,79.84,0.999885
Clean_TlV_tehrTFs,79.92,0.999994
Clean_TlV_tehrTFs,80.0,0.999911
Clean_TlV_tehrTFs,80.08,0.245273
Clean_TlV_tehrTFs,80.16000000000001,0.097203
Clean_TlV_tehrTFs,80.24000000000001,0.970823
Clean_TlV_tehrTFs,80.32000000000001,0.412542
Clean_TlV_tehrTFs,80.4,0.999467
Clean_TlV_tehrTFs,80.48,0.999861
Clean_TlV_tehrTFs,80.56,0.999999
Clean_TlV_tehrTFs,80.64,0.999994
Clean_TlV_tehrTFs,80.72,0.999988
Clean_TlV_tehrTFs,80.8,0.999998
Clean_TlV_tehrTFs,80.88000000000001,0.999997
Clean_TlV_tehrTFs,80.96000000000001,0.999998
Clean_TlV_tehrTFs,81.04,1.0
Clean_TlV_tehrTFs,81.12,0.999999
Clean_TlV_tehrTFs,81.2,1.0
Clean_TlV_tehrTFs,81.28,0.999995
Clean_TlV_tehrTFs,81.36,0.999859
Clean_TlV_tehrTFs,81.44,0.999278
Clean_TlV_tehrTFs,81.52000000000001,0.999992
Clean_TlV_tehrTFs,81.60000000000001,0.999812
Clean_TlV_tehrTFs,81.68,0.999992
Clean_TlV_tehrTFs,81.76,0.999999
Clean_TlV_tehrTFs,81.84,0.999998
Clean_TlV_tehrTFs,81.92,0.999991
Clean_TlV_tehrTFs,82.0,0.999998
Clean_TlV_tehrTFs,82.08,0.999998
Clean_TlV_tehrTFs,82.16000000000001,0.999994
Clean_TlV_tehrTFs,82.24000000000001,0.999995
Clean_TlV_tehrTFs,82.32000000000001,1.0
Clean_TlV_tehrTFs,82.4,0.999998
Clean_TlV_tehrTFs,82.48,0.999989
Clean_TlV_tehrTFs,82.56,0.999995
Clean_TlV_tehrTFs,82.64,0.999998
Clean_TlV_tehrTFs,82.72,0.999961
Clean_TlV_tehrTFs,82.8,0.999991
Clean_TlV_tehrTFs,82.88000000000001,0.999997
Clean_TlV_tehrTFs,82.96000000000001,0.999999
Clean_TlV_tehrTFs,83.04,0.999995
Clean_TlV_tehrTFs,83.12,0.99998
Clean_TlV_tehrTFs,83.2,1.0
Clean_TlV_tehrTFs,83.28,1.0
Clean_TlV_tehrTFs,83.36,0.999998
Clean_TlV_tehrTFs,83.44,0.999992
Clean_TlV_tehrTFs,83.52000000000001,0.999986
Clean_TlV_tehrTFs,83.60000000000001,1.0
Clean_TlV_tehrTFs,83.68,0.999845
Clean_TlV_tehrTFs,83.76,0.999995
Clean_TlV_tehrTFs,83.84,0.999996
Clean_TlV_tehrTFs,83.92,0.999997
Clean_TlV_tehrTFs,84.0,0.999998
Clean_TlV_tehrTFs,84.08,0.999999
Clean_TlV_tehrTFs,84.16000000000001,0.999998
Clean_TlV_tehrTFs,84.24000000000001,0.999999
Clean_TlV_tehrTFs,84.32000000000001,1.0
Clean_TlV_tehrTFs,84.4,0.999996
Clean_TlV_tehrTFs,84.48,0.999994
Clean_TlV_tehrTFs,84.56,0.999987
Clean_TlV_tehrTFs,84.64,0.999979
Clean_TlV_tehrTFs,84.72,0.99977
Clean_TlV_tehrTFs,84.8,0.999999
Clean_TlV_tehrTFs,84.88000000000001,0.999999
Clean_TlV_tehrTFs,84.96000000000001,0.999999
Clean_TlV_tehrTFs,85.04,1.0
Clean_TlV_tehrTFs,85.12,0.999998
Clean_TlV_tehrTFs,85.2,0.999935
Clean_TlV_tehrTFs,85.28,0.998501
Clean_TlV_tehrTFs,85.36,0.01365
Clean_TlV_tehrTFs,85.44,0.003804
Clean_TlV_tehrTFs,85.52000000000001,0.0
Clean_TlV_tehrTFs,85.60000000000001,0.0
Clean_TlV_tehrTFs,85.68,0.15354
Clean_TlV_tehrTFs,85.76,0.463369
Clean_TlV_tehrTFs,85.84,0.999688
Clean_TlV_tehrTFs,85.92,0.999089
Clean_TlV_tehrTFs,86.0,0.999998
Clean_TlV_tehrTFs,86.08,0.999997
Clean_TlV_tehrTFs,86.16000000000001,0.999944
Clean_TlV_tehrTFs,86.24000000000001,0.999906
Clean_TlV_tehrTFs,86.32000000000001,0.999921
Clean_TlV_tehrTFs,86.4,0.999586
Clean_TlV_tehrTFs,86.48,0.999925
Clean_TlV_tehrTFs,86.56,0.999837
Clean_TlV_tehrTFs,86.64,1.0
Clean_TlV_tehrTFs,86.72,0.999947
Clean_TlV_tehrTFs,86.8,0.999946
Clean_TlV_tehrTFs,86.88000000000001,1.0
Clean_TlV_tehrTFs,86.96000000000001,0.999999
Clean_TlV_tehrTFs,87.04,1.0
Clean_TlV_tehrTFs,87.12,0.999874
Clean_TlV_tehrTFs,87.2,0.999996
Clean_TlV_tehrTFs,87.28,0.999972
Clean_TlV_tehrTFs,87.36,0.999998
Clean_TlV_tehrTFs,87.44,0.999996
Clean_TlV_tehrTFs,87.52000000000001,0.999998
Clean_TlV_tehrTFs,87.60000000000001,1.0
Clean_TlV_tehrTFs,87.68,0.999993
Clean_TlV_tehrTFs,87.76,0.999999
Clean_TlV_tehrTFs,87.84,0.999999
Clean_TlV_tehrTFs,87.92,0.999997
Clean_TlV_tehrTFs,88.0,0.999958
Clean_TlV_tehrTFs,88.08,0.999812
Clean_TlV_tehrTFs,88.16000000000001,1.0
Clean_TlV_tehrTFs,88.24000000000001,0.999985
Clean_TlV_tehrTFs,88.32000000000001,0.999999
Clean_TlV_tehrTFs,88.4,0.999689
Clean_TlV_tehrTFs,88.48,0.999995
Clean_TlV_tehrTFs,88.56,0.999996
Clean_TlV_tehrTFs,88.64,0.999999
Clean_TlV_tehrTFs,88.72,0.999945
Clean_TlV_tehrTFs,88.8,0.999946
Clean_TlV_tehrTFs,88.88000000000001,0.999997
Clean_TlV_tehrTFs,88.96000000000001,0.999923
Clean_TlV_tehrTFs,89.04,0.999996
Clean_TlV_tehrTFs,89.12,0.999998
Clean_TlV_tehrTFs,89.2,0.999994
Clean_TlV_tehrTFs,89.28,0.999999
Clean_TlV_tehrTFs,89.36,0.999922
Clean_TlV_tehrTFs,89.44,0.999857
Clean_TlV_tehrTFs,89.52000000000001,0.999691
Clean_TlV_tehrTFs,89.60000000000001,0.949939
Clean_TlV_tehrTFs,89.68,0.716734
Clean_TlV_tehrTFs,89.76,0.014911
Clean_TlV_tehrTFs,89.84,0.016216
Clean_TlV_tehrTFs,89.92,0.0
Clean_TlV_tehrTFs,90.0,0.0
Clean_TlV_tehrTFs,90.08,0.112233
Clean_TlV_tehrTFs,90.16000000000001,0.989243
Clean_TlV_tehrTFs,90.24000000000001,0.998582
Clean_TlV_tehrTFs,90.32000000000001,0.99997
Clean_TlV_tehrTFs,90.4,0.999985
Clean_TlV_tehrTFs,90.48,0.999965
Clean_TlV_tehrTFs,90.56,0.999999
Clean_TlV_tehrTFs,90.64,0.99999
Clean_TlV_tehrTFs,90.72,0.999997
Clean_TlV_tehrTFs,90.8,0.99973
Clean_TlV_tehrTFs,90.88000000000001,0.999993
Clean_TlV_tehrTFs,90.96000000000001,0.999938
Clean_TlV_tehrTFs,91.04,0.999254
Clean_TlV_tehrTFs,91.12,0.999954
Clean_TlV_tehrTFs,91.2,0.999951
Clean_TlV_tehrTFs,91.28,0.999837
Clean_TlV_tehrTFs,91.36,0.999094
Clean_TlV_tehrTFs,91.44,0.999824
Clean_TlV_tehrTFs,91.52000000000001,0.976996
Clean_TlV_tehrTFs,91.60000000000001,0.996704
Clean_TlV_tehrTFs,91.68,0.996901
Clean_TlV_tehrTFs,91.76,0.447572
Clean_TlV_tehrTFs,91.84,0.985141
Clean_TlV_tehrTFs,91.92,0.999997
Clean_TlV_tehrTFs,92.0,0.999942
Clean_TlV_tehrTFs,92.08,0.999936
Clean_TlV_tehrTFs,92.16000000000001,0.999995
Clean_TlV_tehrTFs,92.24000000000001,0.999995
Clean_TlV_tehrTFs,92.32000000000001,1.0
Clean_TlV_tehrTFs,92.4,0.999999
Clean_TlV_tehrTFs,92.48,0.999993
Clean_TlV_tehrTFs,92.56,0.999998
Clean_TlV_tehrTFs,92.64,0.999976
Clean_TlV_tehrTFs,92.72,0.999998
Clean_TlV_tehrTFs,92.8,0.999995
Clean_TlV_tehrTFs,92.88000000000001,0.999988
Clean_TlV_tehrTFs,92.96000000000001,0.999948
Clean_TlV_tehrTFs,93.04,0.999999
Clean_TlV_tehrTFs,93.12,0.999999
Clean_TlV_tehrTFs,93.2,0.99998
Clean_TlV_tehrTFs,93.28,0.999989
Clean_TlV_tehrTFs,93.36,0.999986
Clean_TlV_tehrTFs,93.44,0.999993
Clean_TlV_tehrTFs,93.52000000000001,0.999998
Clean_TlV_tehrTFs,93.60000000000001,0.999993
Clean_TlV_tehrTFs,93.68,1.0
Clean_TlV_tehrTFs,93.76,0.999984
Clean_TlV_tehrTFs,93.84,0.999997
Clean_TlV_tehrTFs,93.92,0.999992
Clean_TlV_tehrTFs,94.0,0.999961
Clean_TlV_tehrTFs,94.08,0.999258
Clean_TlV_tehrTFs,94.16000000000001,0.999997
Clean_TlV_tehrTFs,94.24000000000001,0.999997
Clean_TlV_tehrTFs,94.32000000000001,0.998358
Clean_TlV_tehrTFs,94.4,0.999084
Clean_TlV_tehrTFs,94.48,0.999486
Clean_TlV_tehrTFs,94.56,0.999998
Clean_TlV_tehrTFs,94.64,0.999959
Clean_TlV_tehrTFs,94.72,0.99995
Clean_TlV_tehrTFs,94.8,0.999857
Clean_TlV_tehrTFs,94.88000000000001,0.999996
Clean_TlV_tehrTFs,94.96000000000001,0.999908
Clean_TlV_tehrTFs,95.04,0.999999
Clean_TlV_tehrTFs,95.12,0.999613
Clean_TlV_tehrTFs,95.2,0.987712
Clean_TlV_tehrTFs,95.28,0.555975
Clean_TlV_tehrTFs,95.36,0.995968
Clean_TlV_tehrTFs,95.44,0.999985
Clean_TlV_tehrTFs,95.52000000000001,0.999958
Clean_TlV_tehrTFs,95.60000000000001,0.999893
Clean_TlV_tehrTFs,95.68,0.999838
Clean_TlV_tehrTFs,95.76,0.999958
Clean_TlV_tehrTFs,95.84,0.999975
Clean_TlV_tehrTFs,95.92,0.999945
Clean_TlV_tehrTFs,96.0,0.999959
Clean_TlV_tehrTFs,96.08,0.999998
Clean_TlV_tehrTFs,96.16000000000001,0.999999
Clean_TlV_tehrTFs,96.24000000000001,0.998629
Clean_TlV_tehrTFs,96.32000000000001,0.999987
Clean_TlV_tehrTFs,96.4,0.997309
Clean_TlV_tehrTFs,96.48,0.999439
Clean_TlV_tehrTFs,96.56,0.993126
Clean_TlV_tehrTFs,96.64,0.999951
Clean_TlV_tehrTFs,96.72,0.999946
Clean_TlV_tehrTFs,96.8,0.999996
Clean_TlV_tehrTFs,96.88000000000001,0.999982
Clean_TlV_tehrTFs,96.96000000000001,0.999985
Clean_TlV_tehrTFs,97.04,0.999985
Clean_TlV_tehrTFs,97.12,0.999999
Clean_TlV_tehrTFs,97.2,0.999998
Clean_TlV_tehrTFs,97.28,0.999999
Clean_TlV_tehrTFs,97.36,0.999985
Clean_TlV_tehrTFs,97.44,1.0
Clean_TlV_tehrTFs,97.52000000000001,0.999584
Clean_TlV_tehrTFs,97.60000000000001,0.999992
Clean_TlV_tehrTFs,97.68,0.999989
Clean_TlV_tehrTFs,97.76,0.999947
Clean_TlV_tehrTFs,97.84,0.997846
Clean_TlV_tehrTFs,97.92,0.999275
Clean_TlV_tehrTFs,98.0,0.901207
Clean_TlV_tehrTFs,98.08,0.996095
Clean_TlV_tehrTFs,98.16000000000001,0.997725
Clean_TlV_tehrTFs,98.24000000000001,0.635988
Clean_TlV_tehrTFs,98.32000000000001,0.98847
Clean_TlV_tehrTFs,98.4,0.998724
Clean_TlV_tehrTFs,98.48,0.999908
Clean_TlV_tehrTFs,98.56,0.99952
Clean_TlV_tehrTFs,98.64,0.999989
Clean_TlV_tehrTFs,98.72,0.999972
Clean_TlV_tehrTFs,98.8,0.999995
Clean_TlV_tehrTFs,98.88000000000001,0.999686
Clean_TlV_tehrTFs,98.96000000000001,0.999837
Clean_TlV_tehrTFs,99.04,0.999431
Clean_TlV_tehrTFs,99.12,0.999902
Clean_TlV_tehrTFs,99.2,0.999057
Clean_TlV_tehrTFs,99.28,0.999961
Clean_TlV_tehrTFs,99.36,0.999975
Clean_TlV_tehrTFs,99.44,0.999999
Clean_TlV_tehrTFs,99.52000000000001,0.999934
Clean_TlV_tehrTFs,99.60000000000001,0.999989
Clean_TlV_tehrTFs,99.68,0.999998
Clean_TlV_tehrTFs,99.76,0.999989
Clean_TlV_tehrTFs,99.84,0.999999
Clean_TlV_tehrTFs,99.92,0.999998
Clean_TlV_tehrTFs,100.0,1.0
Clean_TlV_tehrTFs,100.08,1.0
Clean_TlV_tehrTFs,100.16000000000001,0.999997
Clean_TlV_tehrTFs,100.24000000000001,1.0
Clean_TlV_tehrTFs,100.32000000000001,1.0
Clean_TlV_tehrTFs,100.4,1.0
Clean_TlV_tehrTFs,100.48,0.999981
Clean_TlV_tehrTFs,100.56,0.999998
Clean_TlV_tehrTFs,100.64,0.999992
Clean_TlV_tehrTFs,100.72,0.999998
Clean_TlV_tehrTFs,100.8,0.999999
Clean_TlV_tehrTFs,100.88000000000001,1.0
Clean_TlV_tehrTFs,100.96000000000001,0.999958
Clean_TlV_tehrTFs,101.04,0.999923
Clean_TlV_tehrTFs,101.12,0.999987
Clean_TlV_tehrTFs,101.2,0.999996
Clean_TlV_tehrTFs,101.28,0.999996
Clean_TlV_tehrTFs,101.36,1.0
Clean_TlV_tehrTFs,101.44,0.999999
Clean_TlV_tehrTFs,101.52000000000001,0.999959
Clean_TlV_tehrTFs,101.60000000000001,1.0
Clean_TlV_tehrTFs,101.68,0.999974
Clean_TlV_tehrTFs,101.76,0.999988
Clean_TlV_tehrTFs,101.84,0.999997
Clean_TlV_tehrTFs,101.92,0.999997
Clean_TlV_tehrTFs,102.0,0.999997
Clean_TlV_tehrTFs,102.08,1.0
Clean_TlV_tehrTFs,102.16000000000001,1.0
Clean_TlV_tehrTFs,102.24000000000001,1.0
Clean_TlV_tehrTFs,102.32000000000001,0.999998
Clean_TlV_tehrTFs,102.4,0.999973
Clean_TlV_tehrTFs,102.48,1.0
Clean_TlV_tehrTFs,102.56,0.999998
Clean_TlV_tehrTFs,102.64,0.999832
Clean_TlV_tehrTFs,102.72,0.999984
Clean_TlV_tehrTFs,102.8,0.999937
Clean_TlV_tehrTFs,102.88000000000001,0.99999
Clean_TlV_tehrTFs,102.96000000000001,0.999604
Clean_TlV_tehrTFs,103.04,0.999989
Clean_TlV_tehrTFs,103.12,0.999886
Clean_TlV_tehrTFs,103.2,0.99999
Clean_TlV_tehrTFs,103.28,0.999949
Clean_TlV_tehrTFs,103.36,0.999997
Clean_TlV_tehrTFs,103.44,1.0
Clean_TlV_tehrTFs,103.52000000000001,1.0
Clean_TlV_tehrTFs,103.60000000000001,1.0
Clean_TlV_tehrTFs,103.68,0.999999
Clean_TlV_tehrTFs,103.76,1.0
Clean_TlV_tehrTFs,103.84,1.0
Clean_TlV_tehrTFs,103.92,1.0
Clean_TlV_tehrTFs,104.0,1.0
Clean_TlV_tehrTFs,104.08,0.999999
Clean_TlV_tehrTFs,104.16000000000001,1.0
Clean_TlV_tehrTFs,104.24000000000001,0.999998
Clean_TlV_tehrTFs,104.32000000000001,1.0
Clean_TlV_tehrTFs,104.4,1.0
Clean_TlV_tehrTFs,104.48,0.999999
Clean_TlV_tehrTFs,104.56,1.0
Clean_TlV_tehrTFs,104.64,0.999999
Clean_TlV_tehrTFs,104.72,0.999997
Clean_TlV_tehrTFs,104.8,1.0
Clean_TlV_tehrTFs,104.88000000000001,0.999998
Clean_TlV_tehrTFs,104.96000000000001,0.999992
Clean_TlV_tehrTFs,105.04,0.99999
Clean_TlV_tehrTFs,105.12,0.999985
Clean_TlV_tehrTFs,105.2,0.999966
Clean_TlV_tehrTFs,105.28,0.999919
Clean_TlV_tehrTFs,105.36,0.999237
Clean_TlV_tehrTFs,105.44,0.989619
Clean_TlV_tehrTFs,105.52000000000001,0.995412
Clean_TlV_tehrTFs,105.60000000000001,0.926593
Clean_TlV_tehrTFs,105.68,0.995617
Clean_TlV_tehrTFs,105.76,0.991328
Clean_TlV_tehrTFs,105.84,0.257986
Clean_TlV_tehrTFs,105.92,0.798393
Clean_TlV_tehrTFs,106.0,0.125336
Clean_TlV_tehrTFs,106.08,0.005647
Clean_TlV_tehrTFs,106.16000000000001,0.006135
Clean_TlV_tehrTFs,106.24000000000001,0.53891
Clean_TlV_tehrTFs,106.32000000000001,0.82444
Clean_TlV_tehrTFs,106.4,0.892929
Clean_TlV_tehrTFs,106.48,0.999449
Clean_TlV_tehrTFs,106.56,0.999822
Clean_TlV_tehrTFs,106.64,0.999754
Clean_TlV_tehrTFs,106.72,0.998173
Clean_TlV_tehrTFs,106.8,0.999824
Clean_TlV_tehrTFs,106.88000000000001,0.999861
Clean_TlV_tehrTFs,106.96000000000001,0.999618
Clean_TlV_tehrTFs,107.04,0.999334
Clean_TlV_tehrTFs,107.12,0.999831
Clean_TlV_tehrTFs,107.2,0.999348
Clean_TlV_tehrTFs,107.28,0.999754
Clean_TlV_tehrTFs,107.36,0.999943
Clean_TlV_tehrTFs,107.44,0.999926
Clean_TlV_tehrTFs,107.52000000000001,0.999985
Clean_TlV_tehrTFs,107.60000000000001,0.999979
Clean_TlV_tehrTFs,107.68,0.999992
Clean_TlV_tehrTFs,107.76,0.999848
Clean_TlV_tehrTFs,107.84,0.999869
Clean_TlV_tehrTFs,107.92,0.999944
Clean_TlV_tehrTFs,108.0,0.999987
Clean_TlV_tehrTFs,108.08,0.999944
Clean_TlV_tehrTFs,108.16000000000001,0.999873
Clean_TlV_tehrTFs,108.24000000000001,0.550096
Clean_TlV_tehrTFs,108.32000000000001,0.957801
Clean_TlV_tehrTFs,108.4,0.999999
Clean_TlV_tehrTFs,108.48,1.0
Clean_TlV_tehrTFs,108.56,1.0
Clean_TlV_tehrTFs,108.64,1.0
Clean_TlV_tehrTFs,108.72,1.0
Clean_TlV_tehrTFs,108.8,0.999995
Clean_TlV_tehrTFs,108.88000000000001,1.0
Clean_TlV_tehrTFs,108.96000000000001,0.999954
Clean_TlV_tehrTFs,109.04,0.999997
Clean_TlV_tehrTFs,109.12,0.999991
Clean_TlV_tehrTFs,109.2,0.999996
Clean_TlV_tehrTFs,109.28,1.0
Clean_TlV_tehrTFs,109.36,0.999885
Clean_TlV_tehrTFs,109.44,0.999966
Clean_TlV_tehrTFs,109.52000000000001,0.999274
Clean_TlV_tehrTFs,109.60000000000001,0.998721
Clean_TlV_tehrTFs,109.68,0.999988
Clean_TlV_tehrTFs,109.76,0.999991
Clean_TlV_tehrTFs,109.84,0.99998
Clean_TlV_tehrTFs,109.92,0.999886
Clean_TlV_tehrTFs,110.0,0.999968
Clean_TlV_tehrTFs,110.08,0.999487
Clean_TlV_tehrTFs,110.16000000000001,0.999228
Clean_TlV_tehrTFs,110.24000000000001,0.999992
Clean_TlV_tehrTFs,110.32000000000001,0.999966
Clean_TlV_tehrTFs,110.4,0.999993
Clean_TlV_tehrTFs,110.48,1.0
Clean_TlV_tehrTFs,110.56,0.999996
Clean_TlV_tehrTFs,110.64,0.999995
Clean_TlV_tehrTFs,110.72,0.999933
Clean_TlV_tehrTFs,110.8,0.999959
Clean_TlV_tehrTFs,110.88000000000001,0.999964
Clean_TlV_tehrTFs,110.96000000000001,0.99999
Clean_TlV_tehrTFs,111.04,0.999999
Clean_TlV_tehrTFs,111.12,1.0
Clean_TlV_tehrTFs,111.2,1.0
Clean_TlV_tehrTFs,111.28,1.0
Clean_TlV_tehrTFs,111.36,1.0
Clean_TlV_tehrTFs,111.44,0.999999
Clean_TlV_tehrTFs,111.52000000000001,0.999975
Clean_TlV_tehrTFs,111.60000000000001,1.0
Clean_TlV_tehrTFs,111.68,1.0
Clean_TlV_tehrTFs,111.76,1.0
Clean_TlV_tehrTFs,111.84,0.999992
Clean_TlV_tehrTFs,111.92,1.0
Clean_TlV_tehrTFs,112.0,0.999993
Clean_TlV_tehrTFs,112.08,1.0
Clean_TlV_tehrTFs,112.16000000000001,1.0
Clean_TlV_tehrTFs,112.24000000000001,1.0
Clean_TlV_tehrTFs,112.32000000000001,0.999999
Clean_TlV_tehrTFs,112.4,1.0
Clean_TlV_tehrTFs,112.48,0.999999
Clean_TlV_tehrTFs,112.56,0.999859
Clean_TlV_tehrTFs,112.64,0.999982
Clean_TlV_tehrTFs,112.72,0.999984
Clean_TlV_tehrTFs,112.8,0.999906
Clean_TlV_tehrTFs,112.88000000000001,0.995083
Clean_TlV_tehrTFs,112.96000000000001,0.999979
Clean_TlV_tehrTFs,113.04,0.999734
Clean_TlV_tehrTFs,113.12,0.996012
Clean_TlV_tehrTFs,113.2,0.968035
Clean_TlV_tehrTFs,113.28,0.969204
Clean_TlV_tehrTFs,113.36,0.171222
Clean_TlV_tehrTFs,113.44,0.178392
Clean_TlV_tehrTFs,113.52000000000001,0.87118
Clean_TlV_tehrTFs,113.60000000000001,0.906548
Clean_TlV_tehrTFs,113.68,0.999719
Clean_TlV_tehrTFs,113.76,0.999892
Clean_TlV_tehrTFs,113.84,0.999995
Clean_TlV_tehrTFs,113.92,0.999978
Clean_TlV_tehrTFs,114.0,0.999713
Clean_TlV_tehrTFs,114.08,0.999284
Clean_TlV_tehrTFs,114.16000000000001,0.999308
Clean_TlV_tehrTFs,114.24000000000001,0.988386
Clean_TlV_tehrTFs,114.32000000000001,0.999993
Clean_TlV_tehrTFs,114.4,0.999944
Clean_TlV_tehrTFs,114.48,0.999978
Clean_TlV_tehrTFs,114.56,0.999901
Clean_TlV_tehrTFs,114.64,0.999976
Clean_TlV_tehrTFs,114.72,0.999906
Clean_TlV_tehrTFs,114.8,0.999979
Clean_TlV_tehrTFs,114.88000000000001,0.99992
Clean_TlV_tehrTFs,114.96000000000001,0.999976
Clean_TlV_tehrTFs,115.04,0.99999
Clean_TlV_tehrTFs,115.12,0.999992
Clean_TlV_tehrTFs,115.2,0.999949
Clean_TlV_tehrTFs,115.28,0.999993
Clean_TlV_tehrTFs,115.36,0.999988
Clean_TlV_tehrTFs,115.44,1.0
Clean_TlV_tehrTFs,115.52000000000001,0.999997
Clean_TlV_tehrTFs,115.60000000000001,0.999979
Clean_TlV_tehrTFs,115.68,0.999892
Clean_TlV_tehrTFs,115.76,0.99966
Clean_TlV_tehrTFs,115.84,0.999403
Clean_TlV_tehrTFs,115.92,0.999965
Clean_TlV_tehrTFs,116.0,0.999914
Clean_TlV_tehrTFs,116.08,0.999955
Clean_TlV_tehrTFs,116.16000000000001,0.999474
Clean_TlV_tehrTFs,116.24000000000001,0.999819
Clean_TlV_tehrTFs,116.32000000000001,0.999961
Clean_TlV_tehrTFs,116.4,0.999635
Clean_TlV_tehrTFs,116.48,0.999983
Clean_TlV_tehrTFs,116.56,0.999812
Clean_TlV_tehrTFs,116.64,0.999998
Clean_TlV_tehrTFs,116.72,0.999866
Clean_TlV_tehrTFs,116.8,1.0
Clean_TlV_tehrTFs,116.88000000000001,1.0
Clean_TlV_tehrTFs,116.96000000000001,1.0
Clean_TlV_tehrTFs,117.04,1.0
Clean_TlV_tehrTFs,117.12,1.0
Clean_TlV_tehrTFs,117.2,1.0
Clean_TlV_tehrTFs,117.28,1.0
Clean_TlV_tehrTFs,117.36,1.0
Clean_TlV_tehrTFs,117.44,1.0
Clean_TlV_tehrTFs,117.52000000000001,0.999998
Clean_TlV_tehrTFs,117.60000000000001,0.999997
Clean_TlV_tehrTFs,117.68,0.999973
Clean_TlV_tehrTFs,117.76,0.999994
Clean_TlV_tehrTFs,117.84,0.999991
Clean_TlV_tehrTFs,117.92,1.0
Clean_TlV_tehrTFs,118.0,0.999999
Clean_TlV_tehrTFs,118.08,1.0
Clean_TlV_tehrTFs,118.16000000000001,0.999996
Clean_TlV_tehrTFs,118.24000000000001,0.999999
Clean_TlV_tehrTFs,118.32000000000001,0.999842
Clean_TlV_tehrTFs,118.4,0.994232
Clean_TlV_tehrTFs,118.48,0.338799
Clean_TlV_tehrTFs,118.56,0.147347
Clean_TlV_tehrTFs,118.64,0.069407
Clean_TlV_tehrTFs,118.72,0.026719
Clean_TlV_tehrTFs,118.8,0.413361
Clean_TlV_tehrTFs,118.88000000000001,0.944221
Clean_TlV_tehrTFs,118.96000000000001,0.999587
Clean_TlV_tehrTFs,119.04,0.999964
Clean_TlV_tehrTFs,119.12,0.999982
Clean_TlV_tehrTFs,119.2,0.999882
Clean_TlV_tehrTFs,119.28,0.999993
Clean_TlV_tehrTFs,119.36,0.99998
Clean_TlV_tehrTFs,119.44,0.999992
Music_nb8CnIo_-_A,0.48,0.02226
Music_nb8CnIo_-_A,0.5599999999999999,0.00833
Music_nb8CnIo_-_A,0.64,0.016122
Music_nb8CnIo_-_A,0.72,0.025177
Music_nb8CnIo_-_A,0.8,0.002237
Music_nb8CnIo_-_A,0.88,0.00252
Music_nb8CnIo_-_A,0.96,0.001886
Music_nb8CnIo_-_A,1.04,0.021037
Music_nb8CnIo_-_A,1.12,0.02499
Music_nb8CnIo_-_A,1.2,0.006144
Music_nb8CnIo_-_A,1.28,0.001289
Music_nb8CnIo_-_A,1.3599999999999999,0.00067
Music_nb8CnIo_-_A,1.44,0.000345
Music_nb8CnIo_-_A,1.52,0.00247
Music_nb8CnIo_-_A,1.6,0.000431
Music_nb8CnIo_-_A,1.68,0.000793
Music_nb8CnIo_-_A,1.76,0.001244
Music_nb8CnIo_-_A,1.84,0.001525
Music_nb8CnIo_-_A,1.92,0.001349
Music_nb8CnIo_-_A,2.0,0.002593
Music_nb8CnIo_-_A,2.08,0.005944
Music_nb8CnIo_-_A,2.16,0.00095
Music_nb8CnIo_-_A,2.24,0.004571
Music_nb8CnIo_-_A,2.3200000000000003,0.00251
Music_nb8CnIo_-_A,2.4,0.000449
Music_nb8CnIo_-_A,2.48,0.001107
Music_nb8CnIo_-_A,2.56,0.032942
Music_nb8CnIo_-_A,2.64,0.000919
Music_nb8CnIo_-_A,2.72,0.006511
Music_nb8CnIo_-_A,2.8,0.005338
Music_nb8CnIo_-_A,2.88,0.008029
Music_nb8CnIo_-_A,2.96,0.017124
Music_nb8CnIo_-_A,3.04,0.010069
Music_nb8CnIo_-_A,3.12,0.021337
Music_nb8CnIo_-_A,3.2,0.010308
Music_nb8CnIo_-_A,3.28,0.042597
Music_nb8CnIo_-_A,3.36,0.003925
Music_nb8CnIo_-_A,3.44,0.013639
Music_nb8CnIo_-_A,3.52,0.016524
Music_nb8CnIo_-_A,3.6,0.016839
Music_nb8CnIo_-_A,3.68,0.006509
Music_nb8CnIo_-_A,3.76,0.006169
Music_nb8CnIo_-_A,3.84,0.037952
Music_nb8CnIo_-_A,3.92,0.005849
Music_nb8CnIo_-_A,4.0,0.006364
Music_nb8CnIo_-_A,4.08,0.001072
Music_nb8CnIo_-_A,4.16,0.00043
Music_nb8CnIo_-_A,4.24,0.000319
Music_nb8CnIo_-_A,4.32,0.000187
Music_nb8CnIo_-_A,4.4,0.00038
Music_nb8CnIo_-_A,4.48,0.001178
Music_nb8CnIo_-_A,4.5600000000000005,0.006017
Music_nb8CnIo_-_A,4.640000000000001,0.006433
Music_nb8CnIo_-_A,4.720000000000001,0.016275
Music_nb8CnIo_-_A,4.800000000000001,0.0308
Music_nb8CnIo_-_A,4.880000000000001,0.029469
Music_nb8CnIo_-_A,4.960000000000001,0.028233
Music_nb8CnIo_-_A,5.039999999999999,0.025467
Music_nb8CnIo_-_A,5.119999999999999,0.01914
Music_nb8CnIo_-_A,5.199999999999999,0.025852
Music_nb8CnIo_-_A,5.279999999999999,0.026862
Music_nb8CnIo_-_A,5.359999999999999,0.032524
Music_nb8CnIo_-_A,5.4399999999999995,0.010663
Music_nb8CnIo_-_A,5.52,0.010435
Music_nb8CnIo_-_A,5.6,0.010407
Music_nb8CnIo_-_A,5.68,0.028622
Music_nb8CnIo_-_A,5.76,0.025782
Music_nb8CnIo_-_A,5.84,0.051335
Music_nb8CnIo_-_A,5.92,0.010187
Music_nb8CnIo_-_A,6.0,0.010578
Music_nb8CnIo_-_A,6.08,0.01636
Music_nb8CnIo_-_A,6.16,0.050614
Music_nb8CnIo_-_A,6.24,0.026202
Music_nb8CnIo_-_A,6.32,0.018326
Music_nb8CnIo_-_A,6.4,0.176017
Music_nb8CnIo_-_A,6.48,0.05096
Music_nb8CnIo_-_A,6.5600000000000005,0.012846
Music_nb8CnIo_-_A,6.640000000000001,0.019453
Music_nb8CnIo_-_A,6.720000000000001,0.029138
Music_nb8CnIo_-_A,6.800000000000001,0.069998
Music_nb8CnIo_-_A,6.880000000000001,0.105992
Music_nb8CnIo_-_A,6.960000000000001,0.075864
Music_nb8CnIo_-_A,7.039999999999999,0.01527
Music_nb8CnIo_-_A,7.119999999999999,0.040013
Music_nb8CnIo_-_A,7.199999999999999,0.063451
Music_nb8CnIo_-_A,7.279999999999999,0.093051
Music_nb8CnIo_-_A,7.359999999999999,0.011623
Music_nb8CnIo_-_A,7.4399999999999995,0.010187
Music_nb8CnIo_-_A,7.52,0.019215
Music_nb8CnIo_-_A,7.6,0.023918
Music_nb8CnIo_-_A,7.68,0.040324
Music_nb8CnIo_-_A,7.76,0.033913
Music_nb8CnIo_-_A,7.84,0.035278
Music_nb8CnIo_-_A,7.92,0.066348
Music_nb8CnIo_-_A,8.0,0.095776
Music_nb8CnIo_-_A,8.08,0.017487
Music_nb8CnIo_-_A,8.16,0.007523
Music_nb8CnIo_-_A,8.24,0.005341
Music_nb8CnIo_-_A,8.32,0.021139
Music_nb8CnIo_-_A,8.4,0.018561
Music_nb8CnIo_-_A,8.48,0.010573
Music_nb8CnIo_-_A,8.56,0.040473
Music_nb8CnIo_-_A,8.64,0.076907
Music_nb8CnIo_-_A,8.72,0.063438
Music_nb8CnIo_-_A,8.8,0.048547
Music_nb8CnIo_-_A,8.88,0.01827
Music_nb8CnIo_-_A,8.96,0.035154
Music_nb8CnIo_-_A,9.040000000000001,0.074235
Music_nb8CnIo_-_A,9.120000000000001,0.026761
Music_nb8CnIo_-_A,9.200000000000001,0.055419
Music_nb8CnIo_-_A,9.280000000000001,0.008406
Music_nb8CnIo_-_A,9.360000000000001,0.043688
Music_nb8CnIo_-_A,9.440000000000001,0.022707
Music_nb8CnIo_-_A,9.52,0.009158
Music_nb8CnIo_-_A,9.6,0.050825
Music_nb8CnIo_-_A,9.68,0.080831
Music_nb8CnIo_-_A,9.76,0.044359
Music_nb8CnIo_-_A,9.84,0.006293
Music_nb8CnIo_-_A,9.92,0.054311
Music_nb8CnIo_-_A,10.0,0.177809
Music_nb8CnIo_-_A,10.08,0.194451
Music_nb8CnIo_-_A,10.16,0.211479
Music_nb8CnIo_-_A,10.24,0.046595
Music_nb8CnIo_-_A,10.32,0.012951
Music_nb8CnIo_-_A,10.4,0.01045
Music_nb8CnIo_-_A,10.48,0.026338
Music_nb8CnIo_-_A,10.56,0.021434
Music_nb8CnIo_-_A,10.64,0.024274
Music_nb8CnIo_-_A,10.72,0.023806
Music_nb8CnIo_-_A,10.8,0.322213
Music_nb8CnIo_-_A,10.88,0.793033
Music_nb8CnIo_-_A,10.96,0.831428
Music_nb8CnIo_-_A,11.040000000000001,0.938699
Music_nb8CnIo_-_A,11.120000000000001,0.857913
Music_nb8CnIo_-_A,11.200000000000001,0.872203
Music_nb8CnIo_-_A,11.280000000000001,0.937255
Music_nb8CnIo_-_A,11.360000000000001,0.945283
Music_nb8CnIo_-_A,11.440000000000001,0.89395
Music_nb8CnIo_-_A,11.52,0.765429
Music_nb8CnIo_-_A,11.6,0.99038
Music_nb8CnIo_-_A,11.68,0.788831
Music_nb8CnIo_-_A,11.76,0.968722
Music_nb8CnIo_-_A,11.84,0.479286
Music_nb8CnIo_-_A,11.92,0.302894
Music_nb8CnIo_-_A,12.0,0.624972
Music_nb8CnIo_-_A,12.08,0.98058
Music_nb8CnIo_-_A,12.16,0.940217
Music_nb8CnIo_-_A,12.24,0.80406
Music_nb8CnIo_-_A,12.32,0.857593
Music_nb8CnIo_-_A,12.4,0.854437
Music_nb8CnIo_-_A,12.48,0.893172
Music_nb8CnIo_-_A,12.56,0.181202
Music_nb8CnIo_-_A,12.64,0.048026
Music_nb8CnIo_-_A,12.72,0.186516
Music_nb8CnIo_-_A,12.8,0.359191
Music_nb8CnIo_-_A,12.88,0.365704
Music_nb8CnIo_-_A,12.96,0.259009
Music_nb8CnIo_-_A,13.040000000000001,0.432916
Music_nb8CnIo_-_A,13.120000000000001,0.190496
Music_nb8CnIo_-_A,13.200000000000001,0.328287
Music_nb8CnIo_-_A,13.280000000000001,0.64839
Music_nb8CnIo_-_A,13.360000000000001,0.67738
Music_nb8CnIo_-_A,13.440000000000001,0.484861
Music_nb8CnIo_-_A,13.52,0.631059
Music_nb8CnIo_-_A,13.6,0.241011
Music_nb8CnIo_-_A,13.68,0.231214
Music_nb8CnIo_-_A,13.76,0.190796
Music_nb8CnIo_-_A,13.84,0.39209
Music_nb8CnIo_-_A,13.92,0.350891
Music_nb8CnIo_-_A,14.0,0.223935
Music_nb8CnIo_-_A,14.08,0.44408
Music_nb8CnIo_-_A,14.16,0.243743
Music_nb8CnIo_-_A,14.24,0.100218
Music_nb8CnIo_-_A,14.32,0.10344
Music_nb8CnIo_-_A,14.4,0.122599
Music_nb8CnIo_-_A,14.48,0.093388
Music_nb8CnIo_-_A,14.56,0.358544
Music_nb8CnIo_-_A,14.64,0.146725
Music_nb8CnIo_-_A,14.72,0.106146
Music_nb8CnIo_-_A,14.8,0.27051
Music_nb8CnIo_-_A,14.88,0.242025
Music_nb8CnIo_-_A,14.96,0.290205
Music_nb8CnIo_-_A,15.040000000000001,0.402203
Music_nb8CnIo_-_A,15.120000000000001,0.195859
Music_nb8CnIo_-_A,15.200000000000001,0.397127
Music_nb8CnIo_-_A,15.280000000000001,0.12703
Music_nb8CnIo_-_A,15.360000000000001,0.087803
Music_nb8CnIo_-_A,15.440000000000001,0.090278
Music_nb8CnIo_-_A,15.52,0.211014
Music_nb8CnIo_-_A,15.6,0.026892
Music_nb8CnIo_-_A,15.68,0.041245
Music_nb8CnIo_-_A,15.76,0.071235
Music_nb8CnIo_-_A,15.84,0.122642
Music_nb8CnIo_-_A,15.92,0.22027
Music_nb8CnIo_-_A,16.0,0.080065
Music_nb8CnIo_-_A,16.08,0.045654
Music_nb8CnIo_-_A,16.16,0.345296
Music_nb8CnIo_-_A,16.24,0.429928
Music_nb8CnIo_-_A,16.32,0.257962
Music_nb8CnIo_-_A,16.4,0.086622
Music_nb8CnIo_-_A,16.48,0.208639
Music_nb8CnIo_-_A,16.56,0.598311
Music_nb8CnIo_-_A,16.64,0.186179
Music_nb8CnIo_-_A,16.72,0.338603
Music_nb8CnIo_-_A,16.8,0.307341
Music_nb8CnIo_-_A,16.88,0.171361
Music_nb8CnIo_-_A,16.96,0.206753
Music_nb8CnIo_-_A,17.04,0.179204
Music_nb8CnIo_-_A,17.12,0.361489
Music_nb8CnIo_-_A,17.2,0.05069
Music_nb8CnIo_-_A,17.28,0.21688
Music_nb8CnIo_-_A,17.36,0.090782
Music_nb8CnIo_-_A,17.44,0.10293
Music_nb8CnIo_-_A,17.52,0.12797
Music_nb8CnIo_-_A,17.6,0.242843
Music_nb8CnIo_-_A,17.68,0.038061
Music_nb8CnIo_-_A,17.76,0.286199
Music_nb8CnIo_-_A,17.84,0.943846
Music_nb8CnIo_-_A,17.92,0.983894
Music_nb8CnIo_-_A,18.0,0.877536
Music_nb8CnIo_-_A,18.080000000000002,0.214108
Music_nb8CnIo_-_A,18.16,0.636787
Music_nb8CnIo_-_A,18.240000000000002,0.655377
Music_nb8CnIo_-_A,18.32,0.208892
Music_nb8CnIo_-_A,18.400000000000002,0.124651
Music_nb8CnIo_-_A,18.48,0.390981
Music_nb8CnIo_-_A,18.56,0.265215
Music_nb8CnIo_-_A,18.64,0.185608
Music_nb8CnIo_-_A,18.72,0.113638
Music_nb8CnIo_-_A,18.8,0.05437
Music_nb8CnIo_-_A,18.88,0.022554
Music_nb8CnIo_-_A,18.96,0.032488
Music_nb8CnIo_-_A,19.04,0.106908
Music_nb8CnIo_-_A,19.12,0.176738
Music_nb8CnIo_-_A,19.2,0.399491
Music_nb8CnIo_-_A,19.28,0.20607
Music_nb8CnIo_-_A,19.36,0.213391
Music_nb8CnIo_-_A,19.44,0.581541
Music_nb8CnIo_-_A,19.52,0.386553
Music_nb8CnIo_-_A,19.6,0.511933
Music_nb8CnIo_-_A,19.68,0.771382
Music_nb8CnIo_-_A,19.76,0.518547
Music_nb8CnIo_-_A,19.84,0.53901
Music_nb8CnIo_-_A,19.92,0.430945
Music_nb8CnIo_-_A,20.0,0.171765
Music_nb8CnIo_-_A,20.080000000000002,0.05254
Music_nb8CnIo_-_A,20.16,0.152598
Music_nb8CnIo_-_A,20.240000000000002,0.022516
Music_nb8CnIo_-_A,20.32,0.008925
Music_nb8CnIo_-_A,20.400000000000002,0.01351
Music_nb8CnIo_-_A,20.48,0.019998
Music_nb8CnIo_-_A,20.56,0.003794
Music_nb8CnIo_-_A,20.64,0.051691
Music_nb8CnIo_-_A,20.72,0.120941
Music_nb8CnIo_-_A,20.8,0.386514
Music_nb8CnIo_-_A,20.88,0.27585
Music_nb8CnIo_-_A,20.96,0.330076
Music_nb8CnIo_-_A,21.04,0.080927
Music_nb8CnIo_-_A,21.12,0.029567
Music_nb8CnIo_-_A,21.2,0.026164
Music_nb8CnIo_-_A,21.28,0.112651
Music_nb8CnIo_-_A,21.36,0.011393
Music_nb8CnIo_-_A,21.44,0.055224
Music_nb8CnIo_-_A,21.52,0.027026
Music_nb8CnIo_-_A,21.6,0.030198
Music_nb8CnIo_-_A,21.68,0.199439
Music_nb8CnIo_-_A,21.76,0.031381
Music_nb8CnIo_-_A,21.84,0.017024
Music_nb8CnIo_-_A,21.92,0.023669
Music_nb8CnIo_-_A,22.0,0.379317
Music_nb8CnIo_-_A,22.080000000000002,0.132056
Music_nb8CnIo_-_A,22.16,0.326662
Music_nb8CnIo_-_A,22.240000000000002,0.410559
Music_nb8CnIo_-_A,22.32,0.56954
Music_nb8CnIo_-_A,22.400000000000002,0.664403
Music_nb8CnIo_-_A,22.48,0.099654
Music_nb8CnIo_-_A,22.56,0.72271
Music_nb8CnIo_-_A,22.64,0.326465
Music_nb8CnIo_-_A,22.72,0.374349
Music_nb8CnIo_-_A,22.8,0.088905
Music_nb8CnIo_-_A,22.88,0.159503
Music_nb8CnIo_-_A,22.96,0.235495
Music_nb8CnIo_-_A,23.04,0.205061
Music_nb8CnIo_-_A,23.12,0.034724
Music_nb8CnIo_-_A,23.2,0.036852
Music_nb8CnIo_-_A,23.28,0.072252
Music_nb8CnIo_-_A,23.36,0.25268
Music_nb8CnIo_-_A,23.44,0.368506
Music_nb8CnIo_-_A,23.52,0.54202
Music_nb8CnIo_-_A,23.6,0.169708
Music_nb8CnIo_-_A,23.68,0.329749
Music_nb8CnIo_-_A,23.76,0.49506
Music_nb8CnIo_-_A,23.84,0.93371
Music_nb8CnIo_-_A,23.92,0.631676
Music_nb8CnIo_-_A,24.0,0.293905
Music_nb8CnIo_-_A,24.080000000000002,0.127798
Music_nb8CnIo_-_A,24.16,0.13511
Music_nb8CnIo_-_A,24.240000000000002,0.398789
Music_nb8CnIo_-_A,24.32,0.169115
Music_nb8CnIo_-_A,24.400000000000002,0.222982
Music_nb8CnIo_-_A,24.48,0.322752
Music_nb8CnIo_-_A,24.56,0.165394
Music_nb8CnIo_-_A,24.64,0.303291
Music_nb8CnIo_-_A,24.72,0.45331
Music_nb8CnIo_-_A,24.8,0.617479
Music_nb8CnIo_-_A,24.88,0.889678
Music_nb8CnIo_-_A,24.96,0.823808
Music_nb8CnIo_-_A,25.04,0.813327
Music_nb8CnIo_-_A,25.12,0.566331
Music_nb8CnIo_-_A,25.2,0.917639
Music_nb8CnIo_-_A,25.28,0.722724
Music_nb8CnIo_-_A,25.36,0.952743
Music_nb8CnIo_-_A,25.44,0.312452
Music_nb8CnIo_-_A,25.52,0.445239
Music_nb8CnIo_-_A,25.6,0.154607
Music_nb8CnIo_-_A,25.68,0.070909
Music_nb8CnIo_-_A,25.76,0.041291
Music_nb8CnIo_-_A,25.84,0.23981
Music_nb8CnIo_-_A,25.92,0.064965
Music_nb8CnIo_-_A,26.0,0.628339
Music_nb8CnIo_-_A,26.080000000000002,0.033605
Music_nb8CnIo_-_A,26.16,0.293613
Music_nb8CnIo_-_A,26.240000000000002,0.866183
Music_nb8CnIo_-_A,26.32,0.481302
Music_nb8CnIo_-_A,26.400000000000002,0.642967
Music_nb8CnIo_-_A,26.48,0.648949
Music_nb8CnIo_-_A,26.56,0.969263
Music_nb8CnIo_-_A,26.64,0.803016
Music_nb8CnIo_-_A,26.72,0.133308
Music_nb8CnIo_-_A,26.8,0.2825
Music_nb8CnIo_-_A,26.88,0.146083
Music_nb8CnIo_-_A,26.96,0.094589
Music_nb8CnIo_-_A,27.04,0.142298
Music_nb8CnIo_-_A,27.12,0.32867
Music_nb8CnIo_-_A,27.2,0.326164
Music_nb8CnIo_-_A,27.28,0.183968
Music_nb8CnIo_-_A,27.36,0.410437
Music_nb8CnIo_-_A,27.44,0.653813
Music_nb8CnIo_-_A,27.52,0.481489
Music_nb8CnIo_-_A,27.6,0.209879
Music_nb8CnIo_-_A,27.68,0.343383
Music_nb8CnIo_-_A,27.76,0.220464
Music_nb8CnIo_-_A,27.84,0.639277
Music_nb8CnIo_-_A,27.92,0.140925
Music_nb8CnIo_-_A,28.0,0.454289
Music_nb8CnIo_-_A,28.080000000000002,0.246143
Music_nb8CnIo_-_A,28.16,0.540325
Music_nb8CnIo_-_A,28.240000000000002,0.284352
Music_nb8CnIo_-_A,28.32,0.433235
Music_nb8CnIo_-_A,28.400000000000002,0.210156
Music_nb8CnIo_-_A,28.48,0.114859
Music_nb8CnIo_-_A,28.56,0.209306
Music_nb8CnIo_-_A,28.64,0.618146
Music_nb8CnIo_-_A,28.72,0.547637
Music_nb8CnIo_-_A,28.8,0.073977
Music_nb8CnIo_-_A,28.88,0.197105
Music_nb8CnIo_-_A,28.96,0.46161
Music_nb8CnIo_-_A,29.04,0.882455
Music_nb8CnIo_-_A,29.12,0.328363
Music_nb8CnIo_-_A,29.2,0.054532
Music_nb8CnIo_-_A,29.28,0.142706
Music_nb8CnIo_-_A,29.36,0.433157
Music_nb8CnIo_-_A,29.44,0.492876
Music_nb8CnIo_-_A,29.52,0.541494
Music_nb8CnIo_-_A,29.6,0.137945
Music_nb8CnIo_-_A,29.68,0.087679
Music_nb8CnIo_-_A,29.76,0.004479
Music_nb8CnIo_-_A,29.84,0.009249
Music_nb8CnIo_-_A,29.92,0.004069
Music_nb8CnIo_-_A,30.0,0.004449
Music_nb8CnIo_-_A,30.080000000000002,0.000947
Music_nb8CnIo_-_A,30.16,0.024458
Music_nb8CnIo_-_A,30.240000000000002,0.050741
Music_nb8CnIo_-_A,30.32,0.017703
Music_nb8CnIo_-_A,30.400000000000002,0.225522
Music_nb8CnIo_-_A,30.48,0.087071
Music_nb8CnIo_-_A,30.56,0.143433
Music_nb8CnIo_-_A,30.64,0.082925
Music_nb8CnIo_-_A,30.72,0.263655
Music_nb8CnIo_-_A,30.8,0.064274
Music_nb8CnIo_-_A,30.88,0.059294
Music_nb8CnIo_-_A,30.96,0.077661
Music_nb8CnIo_-_A,31.04,0.135297
Music_nb8CnIo_-_A,31.12,0.0373
Music_nb8CnIo_-_A,31.2,0.133768
Music_nb8CnIo_-_A,31.28,0.0423
Music_nb8CnIo_-_A,31.36,0.140505
Music_nb8CnIo_-_A,31.44,0.085749
Music_nb8CnIo_-_A,31.52,0.085685
Music_nb8CnIo_-_A,31.6,0.257307
Music_nb8CnIo_-_A,31.68,0.066571
Music_nb8CnIo_-_A,31.76,0.037649
Music_nb8CnIo_-_A,31.84,0.043755
Music_nb8CnIo_-_A,31.92,0.056942
Music_nb8CnIo_-_A,32.0,0.056086
Music_nb8CnIo_-_A,32.08,0.083741
Music_nb8CnIo_-_A,32.16,0.05656
Music_nb8CnIo_-_A,32.24,0.030412
Music_nb8CnIo_-_A,32.32,0.010372
Music_nb8CnIo_-_A,32.4,0.022653
Music_nb8CnIo_-_A,32.48,0.001424
Music_nb8CnIo_-_A,32.559999999999995,0.009695
Music_nb8CnIo_-_A,32.63999999999999,0.013453
Music_nb8CnIo_-_A,32.72,0.077186
Music_nb8CnIo_-_A,32.8,0.052583
Music_nb8CnIo_-_A,32.879999999999995,0.059901
Music_nb8CnIo_-_A,32.959999999999994,0.016962
Music_nb8CnIo_-_A,33.04,0.018078
Music_nb8CnIo_-_A,33.12,0.2359
Music_nb8CnIo_-_A,33.199999999999996,0.089456
Music_nb8CnIo_-_A,33.279999999999994,0.074624
Music_nb8CnIo_-_A,33.36,0.075295
Music_nb8CnIo_-_A,33.44,0.119861
Music_nb8CnIo_-_A,33.519999999999996,0.032552
Music_nb8CnIo_-_A,33.599999999999994,0.031599
Music_nb8CnIo_-_A,33.68,0.034464
Music_nb8CnIo_-_A,33.76,0.072401
Music_nb8CnIo_-_A,33.839999999999996,0.03265
Music_nb8CnIo_-_A,33.919999999999995,0.019012
Music_nb8CnIo_-_A,34.0,0.014339
Music_nb8CnIo_-_A,34.08,0.54855
Music_nb8CnIo_-_A,34.16,0.04076
Music_nb8CnIo_-_A,34.239999999999995,0.077525
Music_nb8CnIo_-_A,34.32,0.028212
Music_nb8CnIo_-_A,34.4,0.07533
Music_nb8CnIo_-_A,34.48,0.070842
Music_nb8CnIo_-_A,34.559999999999995,0.040114
Music_nb8CnIo_-_A,34.63999999999999,0.01089
Music_nb8CnIo_-_A,34.72,0.007137
Music_nb8CnIo_-_A,34.8,0.529732
Music_nb8CnIo_-_A,34.879999999999995,0.274175
Music_nb8CnIo_-_A,34.959999999999994,0.988808
Music_nb8CnIo_-_A,35.04,0.984266
Music_nb8CnIo_-_A,35.12,0.999432
Music_nb8CnIo_-_A,35.199999999999996,0.997728
Music_nb8CnIo_-_A,35.279999999999994,0.999574
Music_nb8CnIo_-_A,35.36,0.999231
Music_nb8CnIo_-_A,35.44,0.918026
Music_nb8CnIo_-_A,35.519999999999996,0.866641
Music_nb8CnIo_-_A,35.599999999999994,0.972768
Music_nb8CnIo_-_A,35.68,0.948033
Music_nb8CnIo_-_A,35.76,0.936644
Music_nb8CnIo_-_A,35.839999999999996,0.804758
Music_nb8CnIo_-_A,35.919999999999995,0.364815
Music_nb8CnIo_-_A,36.0,0.727189
Music_nb8CnIo_-_A,36.08,0.561529
Music_nb8CnIo_-_A,36.16,0.743725
Music_nb8CnIo_-_A,36.239999999999995,0.111879
Music_nb8CnIo_-_A,36.32,0.05758
Music_nb8CnIo_-_A,36.4,0.31077
Music_nb8CnIo_-_A,36.48,0.160418
Music_nb8CnIo_-_A,36.559999999999995,0.208755
Music_nb8CnIo_-_A,36.63999999999999,0.532347
Music_nb8CnIo_-_A,36.72,0.288398
Music_nb8CnIo_-_A,36.8,0.296257
Music_nb8CnIo_-_A,36.879999999999995,0.295599
Music_nb8CnIo_-_A,36.959999999999994,0.374269
Music_nb8CnIo_-_A,37.04,0.323636
Music_nb8CnIo_-_A,37.12,0.128901
Music_nb8CnIo_-_A,37.199999999999996,0.775301
Music_nb8CnIo_-_A,37.279999999999994,0.435223
Music_nb8CnIo_-_A,37.36,0.518197
Music_nb8CnIo_-_A,37.44,0.429822
Music_nb8CnIo_-_A,37.519999999999996,0.336316
Music_nb8CnIo_-_A,37.599999999999994,0.451411
Music_nb8CnIo_-_A,37.68,0.140413
Music_nb8CnIo_-_A,37.76,0.309402
Music_nb8CnIo_-_A,37.839999999999996,0.402296
Music_nb8CnIo_-_A,37.919999999999995,0.402661
Music_nb8CnIo_-_A,38.0,0.240445
Music_nb8CnIo_-_A,38.08,0.271138
Music_nb8CnIo_-_A,38.16,0.195579
Music_nb8CnIo_-_A,38.239999999999995,0.152268
Music_nb8CnIo_-_A,38.32,0.246815
Music_nb8CnIo_-_A,38.4,0.414575
Music_nb8CnIo_-_A,38.48,0.701198
Music_nb8CnIo_-_A,38.559999999999995,0.199124
Music_nb8CnIo_-_A,38.63999999999999,0.414704
Music_nb8CnIo_-_A,38.72,0.641956
Music_nb8CnIo_-_A,38.8,0.560564
Music_nb8CnIo_-_A,38.879999999999995,0.6165
Music_nb8CnIo_-_A,38.959999999999994,0.463591
Music_nb8CnIo_-_A,39.04,0.245667
Music_nb8CnIo_-_A,39.12,0.289145
Music_nb8CnIo_-_A,39.199999999999996,0.161658
Music_nb8CnIo_-_A,39.279999999999994,0.147582
Music_nb8CnIo_-_A,39.36,0.312282
Music_nb8CnIo_-_A,39.44,0.294895
Music_nb8CnIo_-_A,39.519999999999996,0.353694
Music_nb8CnIo_-_A,39.599999999999994,0.2634
Music_nb8CnIo_-_A,39.68,0.096957
Music_nb8CnIo_-_A,39.76,0.087854
Music_nb8CnIo_-_A,39.839999999999996,0.129076
Music_nb8CnIo_-_A,39.919999999999995,0.198782
Music_nb8CnIo_-_A,40.0,0.119643
Music_nb8CnIo_-_A,40.08,0.196711
Music_nb8CnIo_-_A,40.16,0.147314
Music_nb8CnIo_-_A,40.239999999999995,0.363406
Music_nb8CnIo_-_A,40.32,0.776975
Music_nb8CnIo_-_A,40.4,0.702016
Music_nb8CnIo_-_A,40.48,0.577878
Music_nb8CnIo_-_A,40.559999999999995,0.294062
Music_nb8CnIo_-_A,40.63999999999999,0.905937
Music_nb8CnIo_-_A,40.72,0.479663
Music_nb8CnIo_-_A,40.8,0.55924
Music_nb8CnIo_-_A,40.879999999999995,0.790661
Music_nb8CnIo_-_A,40.959999999999994,0.201802
Music_nb8CnIo_-_A,41.04,0.495847
Music_nb8CnIo_-_A,41.12,0.599559
Music_nb8CnIo_-_A,41.199999999999996,0.582311
Music_nb8CnIo_-_A,41.279999999999994,0.131103
Music_nb8CnIo_-_A,41.36,0.713175
Music_nb8CnIo_-_A,41.44,0.396893
Music_nb8CnIo_-_A,41.519999999999996,0.169519
Music_nb8CnIo_-_A,41.599999999999994,0.319348
Music_nb8CnIo_-_A,41.68,0.314313
Music_nb8CnIo_-_A,41.76,0.552766
Music_nb8CnIo_-_A,41.839999999999996,0.592256
Music_nb8CnIo_-_A,41.919999999999995,0.199526
Music_nb8CnIo_-_A,42.0,0.173337
Music_nb8CnIo_-_A,42.08,0.219081
Music_nb8CnIo_-_A,42.16,0.140016
Music_nb8CnIo_-_A,42.239999999999995,0.188881
Music_nb8CnIo_-_A,42.32,0.199576
Music_nb8CnIo_-_A,42.4,0.067024
Music_nb8CnIo_-_A,42.48,0.063714
Music_nb8CnIo_-_A,42.559999999999995,0.169194
Music_nb8CnIo_-_A,42.63999999999999,0.119157
Music_nb8CnIo_-_A,42.72,0.06608
Music_nb8CnIo_-_A,42.8,0.02608
Music_nb8CnIo_-_A,42.879999999999995,0.100954
Music_nb8CnIo_-_A,42.959999999999994,0.146237
Music_nb8CnIo_-_A,43.04,0.074634
Music_nb8CnIo_-_A,43.12,0.436897
Music_nb8CnIo_-_A,43.199999999999996,0.109693
Music_nb8CnIo_-_A,43.279999999999994,0.411708
Music_nb8CnIo_-_A,43.36,0.302896
Music_nb8CnIo_-_A,43.44,0.26832
Music_nb8CnIo_-_A,43.519999999999996,0.908484
Music_nb8CnIo_-_A,43.599999999999994,0.961111
Music_nb8CnIo_-_A,43.68,0.922926
Music_nb8CnIo_-_A,43.76,0.852047
Music_nb8CnIo_-_A,43.839999999999996,0.56839
Music_nb8CnIo_-_A,43.919999999999995,0.855305
Music_nb8CnIo_-_A,44.0,0.949877
Music_nb8CnIo_-_A,44.08,0.694304
Music_nb8CnIo_-_A,44.16,0.875181
Music_nb8CnIo_-_A,44.239999999999995,0.869109
Music_nb8CnIo_-_A,44.32,0.807792
Music_nb8CnIo_-_A,44.4,0.938501
Music_nb8CnIo_-_A,44.48,0.953373
Music_nb8CnIo_-_A,44.559999999999995,0.939272
Music_nb8CnIo_-_A,44.63999999999999,0.90736
Music_nb8CnIo_-_A,44.72,0.984468
Music_nb8CnIo_-_A,44.8,0.979561
Music_nb8CnIo_-_A,44.879999999999995,0.984185
Music_nb8CnIo_-_A,44.959999999999994,0.977046
Music_nb8CnIo_-_A,45.04,0.945333
Music_nb8CnIo_-_A,45.12,0.980875
Music_nb8CnIo_-_A,45.199999999999996,0.980224
Music_nb8CnIo_-_A,45.279999999999994,0.981003
Music_nb8CnIo_-_A,45.36,0.939728
Music_nb8CnIo_-_A,45.44,0.384433
Music_nb8CnIo_-_A,45.519999999999996,0.858625
Music_nb8CnIo_-_A,45.599999999999994,0.651411
Music_nb8CnIo_-_A,45.68,0.836893
Music_nb8CnIo_-_A,45.76,0.797427
Music_nb8CnIo_-_A,45.839999999999996,0.713816
Music_nb8CnIo_-_A,45.919999999999995,0.313758
Music_nb8CnIo_-_A,46.0,0.067775
Music_nb8CnIo_-_A,46.08,0.358824
Music_nb8CnIo_-_A,46.16,0.376095
Music_nb8CnIo_-_A,46.239999999999995,0.013445
Music_nb8CnIo_-_A,46.32,0.052106
Music_nb8CnIo_-_A,46.4,0.006969
Music_nb8CnIo_-_A,46.48,0.017608
Music_nb8CnIo_-_A,46.559999999999995,0.777757
Music_nb8CnIo_-_A,46.63999999999999,0.958174
Music_nb8CnIo_-_A,46.72,0.960577
Music_nb8CnIo_-_A,46.8,0.922838
Music_nb8CnIo_-_A,46.879999999999995,0.989364
Music_nb8CnIo_-_A,46.959999999999994,0.984328
Music_nb8CnIo_-_A,47.04,0.563251
Music_nb8CnIo_-_A,47.12,0.803058
Music_nb8CnIo_-_A,47.199999999999996,0.360997
Music_nb8CnIo_-_A,47.279999999999994,0.610316
Music_nb8CnIo_-_A,47.36,0.58237
Music_nb8CnIo_-_A,47.44,0.689789
Music_nb8CnIo_-_A,47.519999999999996,0.382528
Music_nb8CnIo_-_A,47.599999999999994,0.846103
Music_nb8CnIo_-_A,47.68,0.81652
Music_nb8CnIo_-_A,47.76,0.891699
Music_nb8CnIo_-_A,47.839999999999996,0.356162
Music_nb8CnIo_-_A,47.919999999999995,0.681184
Music_nb8CnIo_-_A,48.0,0.121524
Music_nb8CnIo_-_A,48.08,0.189528
Music_nb8CnIo_-_A,48.16,0.095551
Music_nb8CnIo_-_A,48.239999999999995,0.074901
Music_nb8CnIo_-_A,48.32,0.159354
Music_nb8CnIo_-_A,48.4,0.322893
Music_nb8CnIo_-_A,48.48,0.302116
Music_nb8CnIo_-_A,48.559999999999995,0.319226
Music_nb8CnIo_-_A,48.63999999999999,0.303159
Music_nb8CnIo_-_A,48.72,0.38067
Music_nb8CnIo_-_A,48.8,0.195393
Music_nb8CnIo_-_A,48.879999999999995,0.185683
Music_nb8CnIo_-_A,48.959999999999994,0.314339
Music_nb8CnIo_-_A,49.04,0.71178
Music_nb8CnIo_-_A,49.12,0.330971
Music_nb8CnIo_-_A,49.199999999999996,0.730255
Music_nb8CnIo_-_A,49.279999999999994,0.162072
Music_nb8CnIo_-_A,49.36,0.226864
Music_nb8CnIo_-_A,49.44,0.664198
Music_nb8CnIo_-_A,49.519999999999996,0.907227
Music_nb8CnIo_-_A,49.599999999999994,0.868755
Music_nb8CnIo_-_A,49.68,0.816745
Music_nb8CnIo_-_A,49.76,0.485687
Music_nb8CnIo_-_A,49.839999999999996,0.935127
Music_nb8CnIo_-_A,49.919999999999995,0.913717
Music_nb8CnIo_-_A,50.0,0.940729
Music_nb8CnIo_-_A,50.08,0.995568
Music_nb8CnIo_-_A,50.16,0.907519
Music_nb8CnIo_-_A,50.239999999999995,0.865782
Music_nb8CnIo_-_A,50.32,0.955181
Music_nb8CnIo_-_A,50.4,0.140836
Music_nb8CnIo_-_A,50.48,0.235225
Music_nb8CnIo_-_A,50.559999999999995,0.65564
Music_nb8CnIo_-_A,50.63999999999999,0.600818
Music_nb8CnIo_-_A,50.72,0.585319
Music_nb8CnIo_-_A,50.8,0.544476
Music_nb8CnIo_-_A,50.879999999999995,0.65529
Music_nb8CnIo_-_A,50.959999999999994,0.531598
Music_nb8CnIo_-_A,51.04,0.781379
Music_nb8CnIo_-_A,51.12,0.290012
Music_nb8CnIo_-_A,51.199999999999996,0.208169
Music_nb8CnIo_-_A,51.279999999999994,0.341642
Music_nb8CnIo_-_A,51.36,0.390931
Music_nb8CnIo_-_A,51.44,0.359843
Music_nb8CnIo_-_A,51.519999999999996,0.905298
Music_nb8CnIo_-_A,51.599999999999994,0.858052
Music_nb8CnIo_-_A,51.68,0.536792
Music_nb8CnIo_-_A,51.76,0.476822
Music_nb8CnIo_-_A,51.839999999999996,0.225973
Music_nb8CnIo_-_A,51.919999999999995,0.548222
Music_nb8CnIo_-_A,52.0,0.935294
Music_nb8CnIo_-_A,52.08,0.939824
Music_nb8CnIo_-_A,52.16,0.968471
Music_nb8CnIo_-_A,52.239999999999995,0.964782
Music_nb8CnIo_-_A,52.32,0.850618
Music_nb8CnIo_-_A,52.4,0.936822
Music_nb8CnIo_-_A,52.48,0.9635
Music_nb8CnIo_-_A,52.559999999999995,0.984706
Music_nb8CnIo_-_A,52.63999999999999,0.988551
Music_nb8CnIo_-_A,52.72,0.987474
Music_nb8CnIo_-_A,52.8,0.911312
Music_nb8CnIo_-_A,52.879999999999995,0.826367
Music_nb8CnIo_-_A,52.959999999999994,0.604515
Music_nb8CnIo_-_A,53.04,0.674051
Music_nb8CnIo_-_A,53.12,0.496282
Music_nb8CnIo_-_A,53.199999999999996,0.377105
Music_nb8CnIo_-_A,53.279999999999994,0.637774
Music_nb8CnIo_-_A,53.36,0.792525
Music_nb8CnIo_-_A,53.44,0.896928
Music_nb8CnIo_-_A,53.519999999999996,0.539478
Music_nb8CnIo_-_A,53.599999999999994,0.984866
Music_nb8CnIo_-_A,53.68,0.619751
Music_nb8CnIo_-_A,53.76,0.632835
Music_nb8CnIo_-_A,53.839999999999996,0.478112
Music_nb8CnIo_-_A,53.919999999999995,0.906796
Music_nb8CnIo_-_A,54.0,0.566695
Music_nb8CnIo_-_A,54.08,0.529317
Music_nb8CnIo_-_A,54.16,0.670956
Music_nb8CnIo_-_A,54.239999999999995,0.586615
Music_nb8CnIo_-_A,54.32,0.838583
Music_nb8CnIo_-_A,54.4,0.286828
Music_nb8CnIo_-_A,54.48,0.380309
Music_nb8CnIo_-_A,54.559999999999995,0.463718
Music_nb8CnIo_-_A,54.63999999999999,0.303287
Music_nb8CnIo_-_A,54.72,0.355759
Music_nb8CnIo_-_A,54.8,0.503098
Music_nb8CnIo_-_A,54.879999999999995,0.562442
Music_nb8CnIo_-_A,54.959999999999994,0.784779
Music_nb8CnIo_-_A,55.04,0.945486
Music_nb8CnIo_-_A,55.12,0.827901
Music_nb8CnIo_-_A,55.199999999999996,0.684178
Music_nb8CnIo_-_A,55.279999999999994,0.830263
Music_nb8CnIo_-_A,55.36,0.963935
Music_nb8CnIo_-_A,55.44,0.997997
Music_nb8CnIo_-_A,55.519999999999996,0.990233
Music_nb8CnIo_-_A,55.599999999999994,0.995423
Music_nb8CnIo_-_A,55.68,0.988929
Music_nb8CnIo_-_A,55.76,0.930586
Music_nb8CnIo_-_A,55.839999999999996,0.975816
Music_nb8CnIo_-_A,55.919999999999995,0.970635
Music_nb8CnIo_-_A,56.0,0.996186
Music_nb8CnIo_-_A,56.08,0.994003
Music_nb8CnIo_-_A,56.16,0.997257
Music_nb8CnIo_-_A,56.239999999999995,0.98707
Music_nb8CnIo_-_A,56.32,0.99889
Music_nb8CnIo_-_A,56.4,0.998455
Music_nb8CnIo_-_A,56.48,0.994138
Music_nb8CnIo_-_A,56.559999999999995,0.993855
Music_nb8CnIo_-_A,56.63999999999999,0.979871
Music_nb8CnIo_-_A,56.72,0.98994
Music_nb8CnIo_-_A,56.8,0.723634
Music_nb8CnIo_-_A,56.879999999999995,0.97798
Music_nb8CnIo_-_A,56.959999999999994,0.842548
Music_nb8CnIo_-_A,57.04,0.659013
Music_nb8CnIo_-_A,57.12,0.774794
Music_nb8CnIo_-_A,57.199999999999996,0.896524
Music_nb8CnIo_-_A,57.279999999999994,0.883978
Music_nb8CnIo_-_A,57.36,0.589556
Music_nb8CnIo_-_A,57.44,0.796145
Music_nb8CnIo_-_A,57.519999999999996,0.767235
Music_nb8CnIo_-_A,57.599999999999994,0.636773
Music_nb8CnIo_-_A,57.68,0.477801
Music_nb8CnIo_-_A,57.76,0.63998
Music_nb8CnIo_-_A,57.839999999999996,0.562843
Music_nb8CnIo_-_A,57.919999999999995,0.683977
Music_nb8CnIo_-_A,58.0,0.678145
Music_nb8CnIo_-_A,58.08,0.394267
Music_nb8CnIo_-_A,58.16,0.509159
Music_nb8CnIo_-_A,58.239999999999995,0.645228
Music_nb8CnIo_-_A,58.32,0.785911
Music_nb8CnIo_-_A,58.4,0.814233
Music_nb8CnIo_-_A,58.48,0.459893
Music_nb8CnIo_-_A,58.559999999999995,0.683518
Music_nb8CnIo_-_A,58.63999999999999,0.664658
Music_nb8CnIo_-_A,58.72,0.623677
Music_nb8CnIo_-_A,58.8,0.675656
Music_nb8CnIo_-_A,58.879999999999995,0.841426
Music_nb8CnIo_-_A,58.959999999999994,0.741334
Music_nb8CnIo_-_A,59.04,0.95361
Music_nb8CnIo_-_A,59.12,0.787395
Music_nb8CnIo_-_A,59.199999999999996,0.351132
Music_nb8CnIo_-_A,59.279999999999994,0.643594
Music_nb8CnIo_-_A,59.36,0.922713
Music_nb8CnIo_-_A,59.44,0.660111
Music_nb8CnIo_-_A,59.519999999999996,0.437422
Music_nb8CnIo_-_A,59.599999999999994,0.807626
Music_nb8CnIo_-_A,59.68,0.584047
Music_nb8CnIo_-_A,59.76,0.434821
Music_nb8CnIo_-_A,59.839999999999996,0.18284
Music_nb8CnIo_-_A,59.919999999999995,0.550119
Music_nb8CnIo_-_A,60.0,0.22764
Music_nb8CnIo_-_A,60.08,0.657685
Music_nb8CnIo_-_A,60.16,0.591058
Music_nb8CnIo_-_A,60.239999999999995,0.733854
Music_nb8CnIo_-_A,60.32,0.356925
Music_nb8CnIo_-_A,60.4,0.955833
Music_nb8CnIo_-_A,60.48,0.651344
Music_nb8CnIo_-_A,60.559999999999995,0.730165
Music_nb8CnIo_-_A,60.63999999999999,0.69874
Music_nb8CnIo_-_A,60.72,0.81404
Music_nb8CnIo_-_A,60.8,0.905816
Music_nb8CnIo_-_A,60.879999999999995,0.580034
Music_nb8CnIo_-_A,60.959999999999994,0.219127
Music_nb8CnIo_-_A,61.04,0.15392
Music_nb8CnIo_-_A,61.12,0.087311
Music_nb8CnIo_-_A,61.199999999999996,0.052958
Music_nb8CnIo_-_A,61.279999999999994,0.05344
Music_nb8CnIo_-_A,61.36,0.041226
Music_nb8CnIo_-_A,61.44,0.12094
Music_nb8CnIo_-_A,61.519999999999996,0.025048
Music_nb8CnIo_-_A,61.599999999999994,0.045722
Music_nb8CnIo_-_A,61.68,0.124131
Music_nb8CnIo_-_A,61.76,0.045496
Music_nb8CnIo_-_A,61.839999999999996,0.544093
Music_nb8CnIo_-_A,61.919999999999995,0.255414
Music_nb8CnIo_-_A,62.0,0.196607
Music_nb8CnIo_-_A,62.08,0.167742
Music_nb8CnIo_-_A,62.16,0.418948
Music_nb8CnIo_-_A,62.239999999999995,0.747619
Music_nb8CnIo_-_A,62.32,0.216128
Music_nb8CnIo_-_A,62.4,0.304123
Music_nb8CnIo_-_A,62.48,0.299275
Music_nb8CnIo_-_A,62.559999999999995,0.192217
Music_nb8CnIo_-_A,62.63999999999999,0.064843
Music_nb8CnIo_-_A,62.72,0.105136
Music_nb8CnIo_-_A,62.8,0.557231
Music_nb8CnIo_-_A,62.879999999999995,0.214947
Music_nb8CnIo_-_A,62.959999999999994,0.867185
Music_nb8CnIo_-_A,63.04,0.273003
Music_nb8CnIo_-_A,63.12,0.522538
Music_nb8CnIo_-_A,63.199999999999996,0.659102
Music_nb8CnIo_-_A,63.279999999999994,0.602753
Music_nb8CnIo_-_A,63.36,0.450668
Music_nb8CnIo_-_A,63.44,0.349027
Music_nb8CnIo_-_A,63.519999999999996,0.839571
Music_nb8CnIo_-_A,63.599999999999994,0.531206
Music_nb8CnIo_-_A,63.68,0.511825
Music_nb8CnIo_-_A,63.76,0.43906
Music_nb8CnIo_-_A,63.839999999999996,0.820671
Music_nb8CnIo_-_A,63.919999999999995,0.644068
Music_nb8CnIo_-_A,64.0,0.962754
Music_nb8CnIo_-_A,64.08,0.966816
Music_nb8CnIo_-_A,64.16,0.951442
Music_nb8CnIo_-_A,64.24,0.991808
Music_nb8CnIo_-_A,64.32000000000001,0.895881
Music_nb8CnIo_-_A,64.4,0.971329
Music_nb8CnIo_-_A,64.48,0.958823
Music_nb8CnIo_-_A,64.56,0.627249
Music_nb8CnIo_-_A,64.64,0.133616
Music_nb8CnIo_-_A,64.72,0.854947
Music_nb8CnIo_-_A,64.8,0.946156
Music_nb8CnIo_-_A,64.88000000000001,0.810729
Music_nb8CnIo_-_A,64.96000000000001,0.827283
Music_nb8CnIo_-_A,65.04,0.741965
Music_nb8CnIo_-_A,65.12,0.902393
Music_nb8CnIo_-_A,65.2,0.823361
Music_nb8CnIo_-_A,65.28,0.896204
Music_nb8CnIo_-_A,65.36,0.913076
Music_nb8CnIo_-_A,65.44,0.187983
Music_nb8CnIo_-_A,65.52000000000001,0.18834
Music_nb8CnIo_-_A,65.60000000000001,0.19363
Music_nb8CnIo_-_A,65.68,0.67402
Music_nb8CnIo_-_A,65.76,0.316486
Music_nb8CnIo_-_A,65.84,0.830397
Music_nb8CnIo_-_A,65.92,0.167071
Music_nb8CnIo_-_A,66.0,0.081606
Music_nb8CnIo_-_A,66.08,0.074141
Music_nb8CnIo_-_A,66.16000000000001,0.087736
Music_nb8CnIo_-_A,66.24000000000001,0.076933
Music_nb8CnIo_-_A,66.32000000000001,0.043145
Music_nb8CnIo_-_A,66.4,0.06002
Music_nb8CnIo_-_A,66.48,0.035465
Music_nb8CnIo_-_A,66.56,0.09913
Music_nb8CnIo_-_A,66.64,0.412682
Music_nb8CnIo_-_A,66.72,0.465192
Music_nb8CnIo_-_A,66.8,0.220153
Music_nb8CnIo_-_A,66.88000000000001,0.37913
Music_nb8CnIo_-_A,66.96000000000001,0.92156
Music_nb8CnIo_-_A,67.04,0.959078
Music_nb8CnIo_-_A,67.12,0.92344
Music_nb8CnIo_-_A,67.2,0.932781
Music_nb8CnIo_-_A,67.28,0.987215
Music_nb8CnIo_-_A,67.36,0.976718
Music_nb8CnIo_-_A,67.44,0.979326
Music_nb8CnIo_-_A,67.52000000000001,0.958328
Music_nb8CnIo_-_A,67.60000000000001,0.956016
Music_nb8CnIo_-_A,67.68,0.952124
Music_nb8CnIo_-_A,67.76,0.878296
Music_nb8CnIo_-_A,67.84,0.892943
Music_nb8CnIo_-_A,67.92,0.988295
Music_nb8CnIo_-_A,68.0,0.972846
Music_nb8CnIo_-_A,68.08,0.970578
Music_nb8CnIo_-_A,68.16000000000001,0.971739
Music_nb8CnIo_-_A,68.24000000000001,0.918903
Music_nb8CnIo_-_A,68.32000000000001,0.967637
Music_nb8CnIo_-_A,68.4,0.654345
Music_nb8CnIo_-_A,68.48,0.872432
Music_nb8CnIo_-_A,68.56,0.886526
Music_nb8CnIo_-_A,68.64,0.623454
Music_nb8CnIo_-_A,68.72,0.823193
Music_nb8CnIo_-_A,68.8,0.67362
Music_nb8CnIo_-_A,68.88000000000001,0.963924
Music_nb8CnIo_-_A,68.96000000000001,0.882691
Music_nb8CnIo_-_A,69.04,0.934418
Music_nb8CnIo_-_A,69.12,0.935225
Music_nb8CnIo_-_A,69.2,0.967535
Music_nb8CnIo_-_A,69.28,0.901847
Music_nb8CnIo_-_A,69.36,0.914189
Music_nb8CnIo_-_A,69.44,0.968306
Music_nb8CnIo_-_A,69.52000000000001,0.982052
Music_nb8CnIo_-_A,69.60000000000001,0.948263
Music_nb8CnIo_-_A,69.68,0.964821
Music_nb8CnIo_-_A,69.76,0.979318
Music_nb8CnIo_-_A,69.84,0.951956
Music_nb8CnIo_-_A,69.92,0.995218
Music_nb8CnIo_-_A,70.0,0.960325
Music_nb8CnIo_-_A,70.08,0.810883
Music_nb8CnIo_-_A,70.16000000000001,0.771586
Music_nb8CnIo_-_A,70.24000000000001,0.758394
Music_nb8CnIo_-_A,70.32000000000001,0.875597
Music_nb8CnIo_-_A,70.4,0.937061
Music_nb8CnIo_-_A,70.48,0.781084
Music_nb8CnIo_-_A,70.56,0.976701
Music_nb8CnIo_-_A,70.64,0.941355
Music_nb8CnIo_-_A,70.72,0.938188
Music_nb8CnIo_-_A,70.8,0.761382
Music_nb8CnIo_-_A,70.88000000000001,0.637645
Music_nb8CnIo_-_A,70.96000000000001,0.722949
Music_nb8CnIo_-_A,71.04,0.839497
Music_nb8CnIo_-_A,71.12,0.724171
Music_nb8CnIo_-_A,71.2,0.809887
Music_nb8CnIo_-_A,71.28,0.885989
Music_nb8CnIo_-_A,71.36,0.670264
Music_nb8CnIo_-_A,71.44,0.562074
Music_nb8CnIo_-_A,71.52000000000001,0.71241
Music_nb8CnIo_-_A,71.60000000000001,0.126436
Music_nb8CnIo_-_A,71.68,0.083671
Music_nb8CnIo_-_A,71.76,0.120402
Music_nb8CnIo_-_A,71.84,0.415531
Music_nb8CnIo_-_A,71.92,0.753692
Music_nb8CnIo_-_A,72.0,0.890501
Music_nb8CnIo_-_A,72.08,0.96271
Music_nb8CnIo_-_A,72.16000000000001,0.802563
Music_nb8CnIo_-_A,72.24000000000001,0.745595
Music_nb8CnIo_-_A,72.32000000000001,0.733344
Music_nb8CnIo_-_A,72.4,0.912965
Music_nb8CnIo_-_A,72.48,0.459892
Music_nb8CnIo_-_A,72.56,0.987422
Music_nb8CnIo_-_A,72.64,0.993303
Music_nb8CnIo_-_A,72.72,0.995624
Music_nb8CnIo_-_A,72.8,0.994771
Music_nb8CnIo_-_A,72.88000000000001,0.998405
Music_nb8CnIo_-_A,72.96000000000001,0.967849
Music_nb8CnIo_-_A,73.04,0.980849
Music_nb8CnIo_-_A,73.12,0.972984
Music_nb8CnIo_-_A,73.2,0.999784
Music_nb8CnIo_-_A,73.28,0.999272
Music_nb8CnIo_-_A,73.36,0.999964
Music_nb8CnIo_-_A,73.44,0.999884
Music_nb8CnIo_-_A,73.52000000000001,0.997898
Music_nb8CnIo_-_A,73.60000000000001,0.994126
Music_nb8CnIo_-_A,73.68,0.977549
Music_nb8CnIo_-_A,73.76,0.990086
Music_nb8CnIo_-_A,73.84,0.991654
Music_nb8CnIo_-_A,73.92,0.997408
Music_nb8CnIo_-_A,74.0,0.980437
Music_nb8CnIo_-_A,74.08,0.989693
Music_nb8CnIo_-_A,74.16000000000001,0.96245
Music_nb8CnIo_-_A,74.24000000000001,0.969631
Music_nb8CnIo_-_A,74.32000000000001,0.939168
Music_nb8CnIo_-_A,74.4,0.939958
Music_nb8CnIo_-_A,74.48,0.908687
Music_nb8CnIo_-_A,74.56,0.883194
Music_nb8CnIo_-_A,74.64,0.878209
Music_nb8CnIo_-_A,74.72,0.259148
Music_nb8CnIo_-_A,74.8,0.439371
Music_nb8CnIo_-_A,74.88000000000001,0.878336
Music_nb8CnIo_-_A,74.96000000000001,0.989052
Music_nb8CnIo_-_A,75.04,0.950903
Music_nb8CnIo_-_A,75.12,0.753627
Music_nb8CnIo_-_A,75.2,0.982763
Music_nb8CnIo_-_A,75.28,0.97293
Music_nb8CnIo_-_A,75.36,0.960217
Music_nb8CnIo_-_A,75.44,0.288575
Music_nb8CnIo_-_A,75.52000000000001,0.056292
Music_nb8CnIo_-_A,75.60000000000001,0.301677
Music_nb8CnIo_-_A,75.68,0.284738
Music_nb8CnIo_-_A,75.76,0.083391
Music_nb8CnIo_-_A,75.84,0.054529
Music_nb8CnIo_-_A,75.92,0.039603
Music_nb8CnIo_-_A,76.0,0.224009
Music_nb8CnIo_-_A,76.08,0.080505
Music_nb8CnIo_-_A,76.16000000000001,0.48949
Music_nb8CnIo_-_A,76.24000000000001,0.69223
Music_nb8CnIo_-_A,76.32000000000001,0.53905
Music_nb8CnIo_-_A,76.4,0.836684
Music_nb8CnIo_-_A,76.48,0.236845
Music_nb8CnIo_-_A,76.56,0.269683
Music_nb8CnIo_-_A,76.64,0.375171
Music_nb8CnIo_-_A,76.72,0.469957
Music_nb8CnIo_-_A,76.8,0.255938
Music_nb8CnIo_-_A,76.88000000000001,0.070247
Music_nb8CnIo_-_A,76.96000000000001,0.155781
Music_nb8CnIo_-_A,77.04,0.050095
Music_nb8CnIo_-_A,77.12,0.081379
Music_nb8CnIo_-_A,77.2,0.036101
Music_nb8CnIo_-_A,77.28,0.224286
Music_nb8CnIo_-_A,77.36,0.048139
Music_nb8CnIo_-_A,77.44,0.140082
Music_nb8CnIo_-_A,77.52000000000001,0.117795
Music_nb8CnIo_-_A,77.60000000000001,0.127489
Music_nb8CnIo_-_A,77.68,0.135558
Music_nb8CnIo_-_A,77.76,0.067007
Music_nb8CnIo_-_A,77.84,0.833914
Music_nb8CnIo_-_A,77.92,0.475657
Music_nb8CnIo_-_A,78.0,0.736047
Music_nb8CnIo_-_A,78.08,0.39201
Music_nb8CnIo_-_A,78.16000000000001,0.730315
Music_nb8CnIo_-_A,78.24000000000001,0.118133
Music_nb8CnIo_-_A,78.32000000000001,0.276702
Music_nb8CnIo_-_A,78.4,0.064965
Music_nb8CnIo_-_A,78.48,0.033919
Music_nb8CnIo_-_A,78.56,0.130141
Music_nb8CnIo_-_A,78.64,0.056611
Music_nb8CnIo_-_A,78.72,0.131044
Music_nb8CnIo_-_A,78.8,0.043684
Music_nb8CnIo_-_A,78.88000000000001,0.035477
Music_nb8CnIo_-_A,78.96000000000001,0.028438
Music_nb8CnIo_-_A,79.04,0.323327
Music_nb8CnIo_-_A,79.12,0.164395
Music_nb8CnIo_-_A,79.2,0.211498
Music_nb8CnIo_-_A,79.28,0.122586
Music_nb8CnIo_-_A,79.36,0.362198
Music_nb8CnIo_-_A,79.44,0.19581
Music_nb8CnIo_-_A,79.52000000000001,0.174007
Music_nb8CnIo_-_A,79.60000000000001,0.101887
Music_nb8CnIo_-_A,79.68,0.518357
Music_nb8CnIo_-_A,79.76,0.176589
Music_nb8CnIo_-_A,79.84,0.240084
Music_nb8CnIo_-_A,79.92,0.437457
Music_nb8CnIo_-_A,80.0,0.090358
Music_nb8CnIo_-_A,80.08,0.070619
Music_nb8CnIo_-_A,80.16000000000001,0.149979
Music_nb8CnIo_-_A,80.24000000000001,0.049198
Music_nb8CnIo_-_A,80.32000000000001,0.14976
Music_nb8CnIo_-_A,80.4,0.147409
Music_nb8CnIo_-_A,80.48,0.151788
Music_nb8CnIo_-_A,80.56,0.151317
Music_nb8CnIo_-_A,80.64,0.456016
Music_nb8CnIo_-_A,80.72,0.375372
Music_nb8CnIo_-_A,80.8,0.378166
Music_nb8CnIo_-_A,80.88000000000001,0.606976
Music_nb8CnIo_-_A,80.96000000000001,0.516959
Music_nb8CnIo_-_A,81.04,0.119044
Music_nb8CnIo_-_A,81.12,0.169937
Music_nb8CnIo_-_A,81.2,0.203299
Music_nb8CnIo_-_A,81.28,0.054697
Music_nb8CnIo_-_A,81.36,0.136939
Music_nb8CnIo_-_A,81.44,0.097314
Music_nb8CnIo_-_A,81.52000000000001,0.200326
Music_nb8CnIo_-_A,81.60000000000001,0.045296
Music_nb8CnIo_-_A,81.68,0.01437
Music_nb8CnIo_-_A,81.76,0.01978
Music_nb8CnIo_-_A,81.84,0.030747
Music_nb8CnIo_-_A,81.92,0.1728
Music_nb8CnIo_-_A,82.0,0.141252
Music_nb8CnIo_-_A,82.08,0.417215
Music_nb8CnIo_-_A,82.16000000000001,0.366536
Music_nb8CnIo_-_A,82.24000000000001,0.552308
Music_nb8CnIo_-_A,82.32000000000001,0.860802
Music_nb8CnIo_-_A,82.4,0.72727
Music_nb8CnIo_-_A,82.48,0.675905
Music_nb8CnIo_-_A,82.56,0.635673
Music_nb8CnIo_-_A,82.64,0.548422
Music_nb8CnIo_-_A,82.72,0.1663
Music_nb8CnIo_-_A,82.8,0.1504
Music_nb8CnIo_-_A,82.88000000000001,0.033961
Music_nb8CnIo_-_A,82.96000000000001,0.049862
Music_nb8CnIo_-_A,83.04,0.058532
Music_nb8CnIo_-_A,83.12,0.072695
Music_nb8CnIo_-_A,83.2,0.009099
Music_nb8CnIo_-_A,83.28,0.048584
Music_nb8CnIo_-_A,83.36,0.048801
Music_nb8CnIo_-_A,83.44,0.156011
Music_nb8CnIo_-_A,83.52000000000001,0.072083
Music_nb8CnIo_-_A,83.60000000000001,0.283299
Music_nb8CnIo_-_A,83.68,0.135723
Music_nb8CnIo_-_A,83.76,0.021427
Music_nb8CnIo_-_A,83.84,0.027897
Music_nb8CnIo_-_A,83.92,0.013329
Music_nb8CnIo_-_A,84.0,0.002996
Music_nb8CnIo_-_A,84.08,0.002268
Music_nb8CnIo_-_A,84.16000000000001,0.004683
Music_nb8CnIo_-_A,84.24000000000001,0.002611
Music_nb8CnIo_-_A,84.32000000000001,0.039386
Music_nb8CnIo_-_A,84.4,0.000536
Music_nb8CnIo_-_A,84.48,0.062131
Music_nb8CnIo_-_A,84.56,0.196306
Music_nb8CnIo_-_A,84.64,0.02936
Music_nb8CnIo_-_A,84.72,0.00373
Music_nb8CnIo_-_A,84.8,0.008642
Music_nb8CnIo_-_A,84.88000000000001,0.266323
Music_nb8CnIo_-_A,84.96000000000001,0.113911
Music_nb8CnIo_-_A,85.04,0.108949
Music_nb8CnIo_-_A,85.12,0.099267
Music_nb8CnIo_-_A,85.2,0.244451
Music_nb8CnIo_-_A,85.28,0.515019
Music_nb8CnIo_-_A,85.36,0.482566
Music_nb8CnIo_-_A,85.44,0.437084
Music_nb8CnIo_-_A,85.52000000000001,0.785767
Music_nb8CnIo_-_A,85.60000000000001,0.347678
Music_nb8CnIo_-_A,85.68,0.197609
Music_nb8CnIo_-_A,85.76,0.026375
Music_nb8CnIo_-_A,85.84,0.37397
Music_nb8CnIo_-_A,85.92,0.065522
Music_nb8CnIo_-_A,86.0,0.062765
Music_nb8CnIo_-_A,86.08,0.023659
Music_nb8CnIo_-_A,86.16000000000001,0.191182
Music_nb8CnIo_-_A,86.24000000000001,0.122309
Music_nb8CnIo_-_A,86.32000000000001,0.336627
Music_nb8CnIo_-_A,86.4,0.210909
Music_nb8CnIo_-_A,86.48,0.107169
Music_nb8CnIo_-_A,86.56,0.349925
Music_nb8CnIo_-_A,86.64,0.712239
Music_nb8CnIo_-_A,86.72,0.818004
Music_nb8CnIo_-_A,86.8,0.608918
Music_nb8CnIo_-_A,86.88000000000001,0.341863
Music_nb8CnIo_-_A,86.96000000000001,0.270522
Music_nb8CnIo_-_A,87.04,0.16016
Music_nb8CnIo_-_A,87.12,0.19793
Music_nb8CnIo_-_A,87.2,0.087302
Music_nb8CnIo_-_A,87.28,0.138089
Music_nb8CnIo_-_A,87.36,0.040055
Music_nb8CnIo_-_A,87.44,0.395256
Music_nb8CnIo_-_A,87.52000000000001,0.300781
Music_nb8CnIo_-_A,87.60000000000001,0.552477
Music_nb8CnIo_-_A,87.68,0.594388
Music_nb8CnIo_-_A,87.76,0.708544
Music_nb8CnIo_-_A,87.84,0.742902
Music_nb8CnIo_-_A,87.92,0.60856
Music_nb8CnIo_-_A,88.0,0.49057
Music_nb8CnIo_-_A,88.08,0.90126
Music_nb8CnIo_-_A,88.16000000000001,0.803708
Music_nb8CnIo_-_A,88.24000000000001,0.748422
Music_nb8CnIo_-_A,88.32000000000001,0.627835
Music_nb8CnIo_-_A,88.4,0.319596
Music_nb8CnIo_-_A,88.48,0.488461
Music_nb8CnIo_-_A,88.56,0.032554
Music_nb8CnIo_-_A,88.64,0.594555
Music_nb8CnIo_-_A,88.72,0.059873
Music_nb8CnIo_-_A,88.8,0.133123
Music_nb8CnIo_-_A,88.88000000000001,0.41461
Music_nb8CnIo_-_A,88.96000000000001,0.031494
Music_nb8CnIo_-_A,89.04,0.166128
Music_nb8CnIo_-_A,89.12,0.837504
Music_nb8CnIo_-_A,89.2,0.281177
Music_nb8CnIo_-_A,89.28,0.595148
Music_nb8CnIo_-_A,89.36,0.505933
Music_nb8CnIo_-_A,89.44,0.696925
Music_nb8CnIo_-_A,89.52000000000001,0.413541
Music_nb8CnIo_-_A,89.60000000000001,0.625005
Music_nb8CnIo_-_A,89.68,0.739959
Music_nb8CnIo_-_A,89.76,0.201515
Music_nb8CnIo_-_A,89.84,0.39574
Music_nb8CnIo_-_A,89.92,0.139975
Music_nb8CnIo_-_A,90.0,0.595361
Music_nb8CnIo_-_A,90.08,0.293551
Music_nb8CnIo_-_A,90.16000000000001,0.328444
Music_nb8CnIo_-_A,90.24000000000001,0.430505
Music_nb8CnIo_-_A,90.32000000000001,0.312668
Music_nb8CnIo_-_A,90.4,0.332003
Music_nb8CnIo_-_A,90.48,0.226788
Music_nb8CnIo_-_A,90.56,0.625348
Music_nb8CnIo_-_A,90.64,0.132394
Music_nb8CnIo_-_A,90.72,0.250843
Music_nb8CnIo_-_A,90.8,0.347254
Music_nb8CnIo_-_A,90.88000000000001,0.665125
Music_nb8CnIo_-_A,90.96000000000001,0.230628
Music_nb8CnIo_-_A,91.04,0.511992
Music_nb8CnIo_-_A,91.12,0.417649
Music_nb8CnIo_-_A,91.2,0.214912
Music_nb8CnIo_-_A,91.28,0.270489
Music_nb8CnIo_-_A,91.36,0.072506
Music_nb8CnIo_-_A,91.44,0.454562
Music_nb8CnIo_-_A,91.52000000000001,0.317626
Music_nb8CnIo_-_A,91.60000000000001,0.245721
Music_nb8CnIo_-_A,91.68,0.13838
Music_nb8CnIo_-_A,91.76,0.342336
Music_nb8CnIo_-_A,91.84,0.277702
Music_nb8CnIo_-_A,91.92,0.81015
Music_nb8CnIo_-_A,92.0,0.11714
Music_nb8CnIo_-_A,92.08,0.406162
Music_nb8CnIo_-_A,92.16000000000001,0.046825
Music_nb8CnIo_-_A,92.24000000000001,0.208875
Music_nb8CnIo_-_A,92.32000000000001,0.057844
Music_nb8CnIo_-_A,92.4,0.122311
Music_nb8CnIo_-_A,92.48,0.053242
Music_nb8CnIo_-_A,92.56,0.023487
Music_nb8CnIo_-_A,92.64,0.001662
Music_nb8CnIo_-_A,92.72,0.002428
Music_nb8CnIo_-_A,92.8,0.002659
Music_nb8CnIo_-_A,92.88000000000001,0.001068
Music_nb8CnIo_-_A,92.96000000000001,0.007091
Music_nb8CnIo_-_A,93.04,0.041986
Music_nb8CnIo_-_A,93.12,0.043602
Music_nb8CnIo_-_A,93.2,0.010761
Music_nb8CnIo_-_A,93.28,0.160446
Music_nb8CnIo_-_A,93.36,0.018788
Music_nb8CnIo_-_A,93.44,0.140669
Music_nb8CnIo_-_A,93.52000000000001,0.028862
Music_nb8CnIo_-_A,93.60000000000001,0.118684
Music_nb8CnIo_-_A,93.68,0.072311
Music_nb8CnIo_-_A,93.76,0.057605
Music_nb8CnIo_-_A,93.84,0.232282
Music_nb8CnIo_-_A,93.92,0.196794
Music_nb8CnIo_-_A,94.0,0.044525
Music_nb8CnIo_-_A,94.08,0.0907
Music_nb8CnIo_-_A,94.16000000000001,0.058228
Music_nb8CnIo_-_A,94.24000000000001,0.126753
Music_nb8CnIo_-_A,94.32000000000001,0.044667
Music_nb8CnIo_-_A,94.4,0.075615
Music_nb8CnIo_-_A,94.48,0.311939
Music_nb8CnIo_-_A,94.56,0.073703
Music_nb8CnIo_-_A,94.64,0.045077
Music_nb8CnIo_-_A,94.72,0.260112
Music_nb8CnIo_-_A,94.8,0.15524
Music_nb8CnIo_-_A,94.88000000000001,0.165361
Music_nb8CnIo_-_A,94.96000000000001,0.067369
Music_nb8CnIo_-_A,95.04,0.078668
Music_nb8CnIo_-_A,95.12,0.037144
Music_nb8CnIo_-_A,95.2,0.01469
Music_nb8CnIo_-_A,95.28,0.046375
Music_nb8CnIo_-_A,95.36,0.021636
Music_nb8CnIo_-_A,95.44,0.010235
Music_nb8CnIo_-_A,95.52000000000001,0.006926
Music_nb8CnIo_-_A,95.60000000000001,0.062795
Music_nb8CnIo_-_A,95.68,0.024193
Music_nb8CnIo_-_A,95.76,0.040112
Music_nb8CnIo_-_A,95.84,0.061535
Music_nb8CnIo_-_A,95.92,0.187771
Music_nb8CnIo_-_A,96.0,0.209912
Music_nb8CnIo_-_A,96.08,0.036123
Music_nb8CnIo_-_A,96.16000000000001,0.012757
Music_nb8CnIo_-_A,96.24000000000001,0.07659
Music_nb8CnIo_-_A,96.32000000000001,0.074559
Music_nb8CnIo_-_A,96.4,0.297045
Music_nb8CnIo_-_A,96.48,0.056648
Music_nb8CnIo_-_A,96.56,0.175344
Music_nb8CnIo_-_A,96.64,0.087011
Music_nb8CnIo_-_A,96.72,0.047565
Music_nb8CnIo_-_A,96.8,0.025942
Music_nb8CnIo_-_A,96.88000000000001,0.069596
Music_nb8CnIo_-_A,96.96000000000001,0.023348
Music_nb8CnIo_-_A,97.04,0.005799
Music_nb8CnIo_-_A,97.12,0.010446
Music_nb8CnIo_-_A,97.2,0.024967
Music_nb8CnIo_-_A,97.28,0.005108
Music_nb8CnIo_-_A,97.36,0.00121
Music_nb8CnIo_-_A,97.44,0.001258
Music_nb8CnIo_-_A,97.52000000000001,0.00875
Music_nb8CnIo_-_A,97.60000000000001,0.004183
Music_nb8CnIo_-_A,97.68,0.00782
Music_nb8CnIo_-_A,97.76,0.01761
Music_nb8CnIo_-_A,97.84,0.004204
Music_nb8CnIo_-_A,97.92,0.014087
Music_nb8CnIo_-_A,98.0,0.01038
Music_nb8CnIo_-_A,98.08,0.010225
Music_nb8CnIo_-_A,98.16000000000001,0.016612
Music_nb8CnIo_-_A,98.24000000000001,0.024116
Music_nb8CnIo_-_A,98.32000000000001,0.113852
Music_nb8CnIo_-_A,98.4,0.17409
Music_nb8CnIo_-_A,98.48,0.0
Music_nb8CnIo_-_A,98.56,0.0
Music_nb8CnIo_-_A,98.64,0.0
Music_nb8CnIo_-_A,98.72,0.0
Music_nb8CnIo_-_A,98.8,0.0
Music_nb8CnIo_-_A,98.88000000000001,0.0
Music_nb8CnIo_-_A,98.96000000000001,0.0
Music_nb8CnIo_-_A,99.04,0.0
Noise_2kVf_qNfblQ,0.48,0.003535
Noise_2kVf_qNfblQ,0.5599999999999999,0.000643
Noise_2kVf_qNfblQ,0.64,0.000249
Noise_2kVf_qNfblQ,0.72,0.000274
Noise_2kVf_qNfblQ,0.8,8.8e-05
Noise_2kVf_qNfblQ,0.88,0.000672
Noise_2kVf_qNfblQ,0.96,0.000588
Noise_2kVf_qNfblQ,1.04,0.002359
Noise_2kVf_qNfblQ,1.12,0.001285
Noise_2kVf_qNfblQ,1.2,0.000978
Noise_2kVf_qNfblQ,1.28,0.00141
Noise_2kVf_qNfblQ,1.3599999999999999,0.002573
Noise_2kVf_qNfblQ,1.44,0.006394
Noise_2kVf_qNfblQ,1.52,0.00191
Noise_2kVf_qNfblQ,1.6,0.00187
Noise_2kVf_qNfblQ,1.68,0.003664
Noise_2kVf_qNfblQ,1.76,0.000826
Noise_2kVf_qNfblQ,1.84,0.001425
Noise_2kVf_qNfblQ,1.92,0.000537
Noise_2kVf_qNfblQ,2.0,0.002578
Noise_2kVf_qNfblQ,2.08,0.005268
Noise_2kVf_qNfblQ,2.16,0.005506
Noise_2kVf_qNfblQ,2.24,0.001566
Noise_2kVf_qNfblQ,2.3200000000000003,0.001337
Noise_2kVf_qNfblQ,2.4,0.011394
Noise_2kVf_qNfblQ,2.48,0.011824
Noise_2kVf_qNfblQ,2.56,0.066212
Noise_2kVf_qNfblQ,2.64,0.013579
Noise_2kVf_qNfblQ,2.72,0.022045
Noise_2kVf_qNfblQ,2.8,0.02031
Noise_2kVf_qNfblQ,2.88,0.022921
Noise_2kVf_qNfblQ,2.96,0.01601
Noise_2kVf_qNfblQ,3.04,0.018661
Noise_2kVf_qNfblQ,3.12,0.016688
Noise_2kVf_qNfblQ,3.2,0.035596
Noise_2kVf_qNfblQ,3.28,0.051156
Noise_2kVf_qNfblQ,3.36,0.067136
Noise_2kVf_qNfblQ,3.44,0.007379
Noise_2kVf_qNfblQ,3.52,0.022846
Noise_2kVf_qNfblQ,3.6,0.077379
Noise_2kVf_qNfblQ,3.68,0.161148
Noise_2kVf_qNfblQ,3.76,0.104997
Noise_2kVf_qNfblQ,3.84,0.032849
Noise_2kVf_qNfblQ,3.92,0.031591
Noise_2kVf_qNfblQ,4.0,0.029841
Noise_2kVf_qNfblQ,4.08,0.039067
Noise_2kVf_qNfblQ,4.16,0.006364
Noise_2kVf_qNfblQ,4.24,0.004789
Noise_2kVf_qNfblQ,4.32,0.004655
Noise_2kVf_qNfblQ,4.4,0.011798
Noise_2kVf_qNfblQ,4.48,0.002789
Noise_2kVf_qNfblQ,4.5600000000000005,0.006719
Noise_2kVf_qNfblQ,4.640000000000001,0.005053
Noise_2kVf_qNfblQ,4.720000000000001,0.013034
Noise_2kVf_qNfblQ,4.800000000000001,0.010942
Noise_2kVf_qNfblQ,4.880000000000001,0.009883
Noise_2kVf_qNfblQ,4.960000000000001,0.004612
Noise_2kVf_qNfblQ,5.039999999999999,0.003113
Noise_2kVf_qNfblQ,5.119999999999999,0.017523
Noise_2kVf_qNfblQ,5.199999999999999,0.006078
Noise_2kVf_qNfblQ,5.279999999999999,0.019948
Noise_2kVf_qNfblQ,5.359999999999999,0.023357
Noise_2kVf_qNfblQ,5.4399999999999995,0.289532
Noise_2kVf_qNfblQ,5.52,0.008755
Noise_2kVf_qNfblQ,5.6,0.008889
Noise_2kVf_qNfblQ,5.68,0.007595
Noise_2kVf_qNfblQ,5.76,0.026332
Noise_2kVf_qNfblQ,5.84,0.13513
Noise_2kVf_qNfblQ,5.92,0.158943
Noise_2kVf_qNfblQ,6.0,0.222143
Noise_2kVf_qNfblQ,6.08,0.171263
Noise_2kVf_qNfblQ,6.16,0.114944
Noise_2kVf_qNfblQ,6.24,0.102637
Noise_2kVf_qNfblQ,6.32,0.160092
Noise_2kVf_qNfblQ,6.4,0.167938
Noise_2kVf_qNfblQ,6.48,0.159818
Noise_2kVf_qNfblQ,6.5600000000000005,0.125655
Noise_2kVf_qNfblQ,6.640000000000001,0.057854
Noise_2kVf_qNfblQ,6.720000000000001,0.017758
Noise_2kVf_qNfblQ,6.800000000000001,0.00324
Noise_2kVf_qNfblQ,6.880000000000001,0.001851
Noise_2kVf_qNfblQ,6.960000000000001,0.020016
Noise_2kVf_qNfblQ,7.039999999999999,0.004783
Noise_2kVf_qNfblQ,7.119999999999999,0.053781
Noise_2kVf_qNfblQ,7.199999999999999,0.043301
Noise_2kVf_qNfblQ,7.279999999999999,0.188832
Noise_2kVf_qNfblQ,7.359999999999999,0.141083
Noise_2kVf_qNfblQ,7.4399999999999995,0.170742
Noise_2kVf_qNfblQ,7.52,0.121786
Noise_2kVf_qNfblQ,7.6,0.159065
Noise_2kVf_qNfblQ,7.68,0.058357
Noise_2kVf_qNfblQ,7.76,0.05314
Noise_2kVf_qNfblQ,7.84,0.077159
Noise_2kVf_qNfblQ,7.92,0.119202
Noise_2kVf_qNfblQ,8.0,0.135639
Noise_2kVf_qNfblQ,8.08,0.132594
Noise_2kVf_qNfblQ,8.16,0.081304
Noise_2kVf_qNfblQ,8.24,0.028362
Noise_2kVf_qNfblQ,8.32,0.029712
Noise_2kVf_qNfblQ,8.4,0.120085
Noise_2kVf_qNfblQ,8.48,0.022603
Noise_2kVf_qNfblQ,8.56,0.181804
Noise_2kVf_qNfblQ,8.64,0.046415
Noise_2kVf_qNfblQ,8.72,0.081755
Noise_2kVf_qNfblQ,8.8,0.008126
Noise_2kVf_qNfblQ,8.88,0.013521
Noise_2kVf_qNfblQ,8.96,0.013354
Noise_2kVf_qNfblQ,9.040000000000001,0.00848
Noise_2kVf_qNfblQ,9.120000000000001,0.014353
Noise_2kVf_qNfblQ,9.200000000000001,0.007072
Noise_2kVf_qNfblQ,9.280000000000001,0.003778
Noise_2kVf_qNfblQ,9.360000000000001,0.002497
Noise_2kVf_qNfblQ,9.440000000000001,0.003349
Noise_2kVf_qNfblQ,9.52,0.003837
Noise_2kVf_qNfblQ,9.6,0.004279
Noise_2kVf_qNfblQ,9.68,0.007834
Noise_2kVf_qNfblQ,9.76,0.000829
Noise_2kVf_qNfblQ,9.84,0.001266
Noise_2kVf_qNfblQ,9.92,0.000826
Noise_2kVf_qNfblQ,10.0,0.056552
Noise_2kVf_qNfblQ,10.08,0.035275
Noise_2kVf_qNfblQ,10.16,0.041097
Noise_2kVf_qNfblQ,10.24,0.015139
Noise_2kVf_qNfblQ,10.32,0.007788
Noise_2kVf_qNfblQ,10.4,0.018074
Noise_2kVf_qNfblQ,10.48,0.0532
Noise_2kVf_qNfblQ,10.56,0.00706
Noise_2kVf_qNfblQ,10.64,0.015188
Noise_2kVf_qNfblQ,10.72,0.017032
Noise_2kVf_qNfblQ,10.8,0.001965
Noise_2kVf_qNfblQ,10.88,0.003892
Noise_2kVf_qNfblQ,10.96,0.000141
Noise_2kVf_qNfblQ,11.040000000000001,0.002523
Noise_2kVf_qNfblQ,11.120000000000001,0.000971
Noise_2kVf_qNfblQ,11.200000000000001,0.003073
Noise_2kVf_qNfblQ,11.280000000000001,0.001128
Noise_2kVf_qNfblQ,11.360000000000001,0.00163
Noise_2kVf_qNfblQ,11.440000000000001,0.000802
Noise_2kVf_qNfblQ,11.52,0.000358
Noise_2kVf_qNfblQ,11.6,0.001533
Noise_2kVf_qNfblQ,11.68,0.006211
Noise_2kVf_qNfblQ,11.76,0.005754
Noise_2kVf_qNfblQ,11.84,0.001859
Noise_2kVf_qNfblQ,11.92,0.002067
Noise_2kVf_qNfblQ,12.0,0.008578
Noise_2kVf_qNfblQ,12.08,0.005671
Noise_2kVf_qNfblQ,12.16,0.008523
Noise_2kVf_qNfblQ,12.24,0.017963
Noise_2kVf_qNfblQ,12.32,0.0058
Noise_2kVf_qNfblQ,12.4,0.005506
Noise_2kVf_qNfblQ,12.48,0.004817
Noise_2kVf_qNfblQ,12.56,0.003617
Noise_2kVf_qNfblQ,12.64,0.003428
Noise_2kVf_qNfblQ,12.72,0.007606
Noise_2kVf_qNfblQ,12.8,0.008339
Noise_2kVf_qNfblQ,12.88,0.001956
Noise_2kVf_qNfblQ,12.96,0.013786
Noise_2kVf_qNfblQ,13.040000000000001,0.010454
Noise_2kVf_qNfblQ,13.120000000000001,0.148331
Noise_2kVf_qNfblQ,13.200000000000001,0.140097
Noise_2kVf_qNfblQ,13.280000000000001,0.130312
Noise_2kVf_qNfblQ,13.360000000000001,0.244089
Noise_2kVf_qNfblQ,13.440000000000001,0.164778
Noise_2kVf_qNfblQ,13.52,0.236584
Noise_2kVf_qNfblQ,13.6,0.457966
Noise_2kVf_qNfblQ,13.68,0.32547
Noise_2kVf_qNfblQ,13.76,0.128612
Noise_2kVf_qNfblQ,13.84,0.596254
Noise_2kVf_qNfblQ,13.92,0.309096
Noise_2kVf_qNfblQ,14.0,0.277878
Noise_2kVf_qNfblQ,14.08,0.133232
Noise_2kVf_qNfblQ,14.16,0.120829
Noise_2kVf_qNfblQ,14.24,0.058755
Noise_2kVf_qNfblQ,14.32,0.038654
Noise_2kVf_qNfblQ,14.4,0.032958
Noise_2kVf_qNfblQ,14.48,0.120863
Noise_2kVf_qNfblQ,14.56,0.017848
Noise_2kVf_qNfblQ,14.64,0.043624
Noise_2kVf_qNfblQ,14.72,0.052408
Noise_2kVf_qNfblQ,14.8,0.009858
Noise_2kVf_qNfblQ,14.88,0.024186
Noise_2kVf_qNfblQ,14.96,0.02
Noise_2kVf_qNfblQ,15.040000000000001,0.019131
Noise_2kVf_qNfblQ,15.120000000000001,0.007003
Noise_2kVf_qNfblQ,15.200000000000001,0.019208
Noise_2kVf_qNfblQ,15.280000000000001,0.012981
Noise_2kVf_qNfblQ,15.360000000000001,0.033646
Noise_2kVf_qNfblQ,15.440000000000001,0.00462
Noise_2kVf_qNfblQ,15.52,0.00269
Noise_2kVf_qNfblQ,15.6,0.003002
Noise_2kVf_qNfblQ,15.68,0.001749
Noise_2kVf_qNfblQ,15.76,0.001889
Noise_2kVf_qNfblQ,15.84,0.001628
Noise_2kVf_qNfblQ,15.92,0.000408
Noise_2kVf_qNfblQ,16.0,0.000847
Noise_2kVf_qNfblQ,16.08,0.001042
Noise_2kVf_qNfblQ,16.16,0.00038
Noise_2kVf_qNfblQ,16.24,0.000447
Noise_2kVf_qNfblQ,16.32,0.002427
Noise_2kVf_qNfblQ,16.4,0.001739
Noise_2kVf_qNfblQ,16.48,0.005542
Noise_2kVf_qNfblQ,16.56,0.001255
Noise_2kVf_qNfblQ,16.64,0.002886
Noise_2kVf_qNfblQ,16.72,0.004889
Noise_2kVf_qNfblQ,16.8,0.008803
Noise_2kVf_qNfblQ,16.88,0.009417
Noise_2kVf_qNfblQ,16.96,0.009182
Noise_2kVf_qNfblQ,17.04,0.010359
Noise_2kVf_qNfblQ,17.12,0.014776
Noise_2kVf_qNfblQ,17.2,0.000599
Noise_2kVf_qNfblQ,17.28,0.010401
Noise_2kVf_qNfblQ,17.36,0.006337
Noise_2kVf_qNfblQ,17.44,0.009504
Noise_2kVf_qNfblQ,17.52,0.005787
Noise_2kVf_qNfblQ,17.6,0.012098
Noise_2kVf_qNfblQ,17.68,0.000629
Noise_2kVf_qNfblQ,17.76,0.002854
Noise_2kVf_qNfblQ,17.84,0.002306
Noise_2kVf_qNfblQ,17.92,0.001361
Noise_2kVf_qNfblQ,18.0,0.003603
Noise_2kVf_qNfblQ,18.080000000000002,0.012677
Noise_2kVf_qNfblQ,18.16,0.039908
Noise_2kVf_qNfblQ,18.240000000000002,0.009933
Noise_2kVf_qNfblQ,18.32,0.008381
Noise_2kVf_qNfblQ,18.400000000000002,0.005848
Noise_2kVf_qNfblQ,18.48,0.011064
Noise_2kVf_qNfblQ,18.56,0.007027
Noise_2kVf_qNfblQ,18.64,0.016554
Noise_2kVf_qNfblQ,18.72,0.00647
Noise_2kVf_qNfblQ,18.8,0.013269
Noise_2kVf_qNfblQ,18.88,0.028875
Noise_2kVf_qNfblQ,18.96,0.02789
Noise_2kVf_qNfblQ,19.04,0.032512
Noise_2kVf_qNfblQ,19.12,0.042716
Noise_2kVf_qNfblQ,19.2,0.0272
Noise_2kVf_qNfblQ,19.28,0.021961
Noise_2kVf_qNfblQ,19.36,0.034108
Noise_2kVf_qNfblQ,19.44,0.047954
Noise_2kVf_qNfblQ,19.52,0.072678
Noise_2kVf_qNfblQ,19.6,0.123046
Noise_2kVf_qNfblQ,19.68,0.113893
Noise_2kVf_qNfblQ,19.76,0.044838
Noise_2kVf_qNfblQ,19.84,0.140016
Noise_2kVf_qNfblQ,19.92,0.070616
Noise_2kVf_qNfblQ,20.0,0.138703
Noise_2kVf_qNfblQ,20.080000000000002,0.057214
Noise_2kVf_qNfblQ,20.16,0.065336
Noise_2kVf_qNfblQ,20.240000000000002,0.022475
Noise_2kVf_qNfblQ,20.32,0.07325
Noise_2kVf_qNfblQ,20.400000000000002,0.00757
Noise_2kVf_qNfblQ,20.48,0.01115
Noise_2kVf_qNfblQ,20.56,0.004657
Noise_2kVf_qNfblQ,20.64,0.019899
Noise_2kVf_qNfblQ,20.72,0.003348
Noise_2kVf_qNfblQ,20.8,0.002274
Noise_2kVf_qNfblQ,20.88,0.003076
Noise_2kVf_qNfblQ,20.96,0.002765
Noise_2kVf_qNfblQ,21.04,0.004168
Noise_2kVf_qNfblQ,21.12,0.011946
Noise_2kVf_qNfblQ,21.2,0.008749
Noise_2kVf_qNfblQ,21.28,0.016571
Noise_2kVf_qNfblQ,21.36,0.015243
Noise_2kVf_qNfblQ,21.44,0.039325
Noise_2kVf_qNfblQ,21.52,0.007603
Noise_2kVf_qNfblQ,21.6,0.008566
Noise_2kVf_qNfblQ,21.68,0.014673
Noise_2kVf_qNfblQ,21.76,0.009992
Noise_2kVf_qNfblQ,21.84,0.003796
Noise_2kVf_qNfblQ,21.92,0.001242
Noise_2kVf_qNfblQ,22.0,0.001406
Noise_2kVf_qNfblQ,22.080000000000002,0.003495
Noise_2kVf_qNfblQ,22.16,0.000868
Noise_2kVf_qNfblQ,22.240000000000002,0.000725
Noise_2kVf_qNfblQ,22.32,0.004042
Noise_2kVf_qNfblQ,22.400000000000002,0.002921
Noise_2kVf_qNfblQ,22.48,0.003492
Noise_2kVf_qNfblQ,22.56,0.004122
Noise_2kVf_qNfblQ,22.64,0.003272
Noise_2kVf_qNfblQ,22.72,0.0458
Noise_2kVf_qNfblQ,22.8,0.0903
Noise_2kVf_qNfblQ,22.88,0.011212
Noise_2kVf_qNfblQ,22.96,0.018351
Noise_2kVf_qNfblQ,23.04,0.00465
Noise_2kVf_qNfblQ,23.12,0.010415
Noise_2kVf_qNfblQ,23.2,0.008843
Noise_2kVf_qNfblQ,23.28,0.027294
Noise_2kVf_qNfblQ,23.36,0.005907
Noise_2kVf_qNfblQ,23.44,0.003816
Noise_2kVf_qNfblQ,23.52,0.006719
Noise_2kVf_qNfblQ,23.6,0.001486
Noise_2kVf_qNfblQ,23.68,0.000795
Noise_2kVf_qNfblQ,23.76,0.000672
Noise_2kVf_qNfblQ,23.84,0.00042
Noise_2kVf_qNfblQ,23.92,0.001191
Noise_2kVf_qNfblQ,24.0,0.001679
Noise_2kVf_qNfblQ,24.080000000000002,0.001325
Noise_2kVf_qNfblQ,24.16,0.001332
Noise_2kVf_qNfblQ,24.240000000000002,0.003846
Noise_2kVf_qNfblQ,24.32,0.022454
Noise_2kVf_qNfblQ,24.400000000000002,0.018693
Noise_2kVf_qNfblQ,24.48,0.054439
Noise_2kVf_qNfblQ,24.56,0.073199
Noise_2kVf_qNfblQ,24.64,0.053728
Noise_2kVf_qNfblQ,24.72,0.023384
Noise_2kVf_qNfblQ,24.8,0.03536
Noise_2kVf_qNfblQ,24.88,0.07295
Noise_2kVf_qNfblQ,24.96,0.05622
Noise_2kVf_qNfblQ,25.04,0.039399
Noise_2kVf_qNfblQ,25.12,0.031713
Noise_2kVf_qNfblQ,25.2,0.008591
Noise_2kVf_qNfblQ,25.28,0.023907
Noise_2kVf_qNfblQ,25.36,0.010412
Noise_2kVf_qNfblQ,25.44,0.022105
Noise_2kVf_qNfblQ,25.52,0.010254
Noise_2kVf_qNfblQ,25.6,0.016836
Noise_2kVf_qNfblQ,25.68,0.000435
Noise_2kVf_qNfblQ,25.76,0.000128
Noise_2kVf_qNfblQ,25.84,8e-05
Noise_2kVf_qNfblQ,25.92,0.00493
Noise_2kVf_qNfblQ,26.0,0.005815
Noise_2kVf_qNfblQ,26.080000000000002,0.011806
Noise_2kVf_qNfblQ,26.16,0.002334
Noise_2kVf_qNfblQ,26.240000000000002,0.004386
Noise_2kVf_qNfblQ,26.32,0.003191
Noise_2kVf_qNfblQ,26.400000000000002,0.001959
Noise_2kVf_qNfblQ,26.48,0.005117
Noise_2kVf_qNfblQ,26.56,0.007225
Noise_2kVf_qNfblQ,26.64,0.007604
Noise_2kVf_qNfblQ,26.72,0.003624
Noise_2kVf_qNfblQ,26.8,0.008379
Noise_2kVf_qNfblQ,26.88,0.003652
Noise_2kVf_qNfblQ,26.96,0.01247
Noise_2kVf_qNfblQ,27.04,0.013402
Noise_2kVf_qNfblQ,27.12,0.021138
Noise_2kVf_qNfblQ,27.2,0.014717
Noise_2kVf_qNfblQ,27.28,0.01663
Noise_2kVf_qNfblQ,27.36,0.038753
Noise_2kVf_qNfblQ,27.44,0.032066
Noise_2kVf_qNfblQ,27.52,0.034893
Noise_2kVf_qNfblQ,27.6,0.030016
Noise_2kVf_qNfblQ,27.68,0.016629
Noise_2kVf_qNfblQ,27.76,0.005409
Noise_2kVf_qNfblQ,27.84,0.006479
Noise_2kVf_qNfblQ,27.92,0.005596
Noise_2kVf_qNfblQ,28.0,0.011634
Noise_2kVf_qNfblQ,28.080000000000002,0.043619
Noise_2kVf_qNfblQ,28.16,0.018106
Noise_2kVf_qNfblQ,28.240000000000002,0.018018
Noise_2kVf_qNfblQ,28.32,0.01637
Noise_2kVf_qNfblQ,28.400000000000002,0.034051
Noise_2kVf_qNfblQ,28.48,0.007335
Noise_2kVf_qNfblQ,28.56,0.043779
Noise_2kVf_qNfblQ,28.64,0.013903
Noise_2kVf_qNfblQ,28.72,0.017138
Noise_2kVf_qNfblQ,28.8,0.033008
Noise_2kVf_qNfblQ,28.88,0.021896
Noise_2kVf_qNfblQ,28.96,0.005513
Noise_2kVf_qNfblQ,29.04,0.001029
Noise_2kVf_qNfblQ,29.12,0.000911
Noise_2kVf_qNfblQ,29.2,0.001278
Noise_2kVf_qNfblQ,29.28,0.001196
Noise_2kVf_qNfblQ,29.36,0.001022
Noise_2kVf_qNfblQ,29.44,0.010483
Noise_2kVf_qNfblQ,29.52,0.006354
Noise_2kVf_qNfblQ,29.6,0.003216
Noise_2kVf_qNfblQ,29.68,0.016228
Noise_2kVf_qNfblQ,29.76,0.037929
Noise_2kVf_qNfblQ,29.84,0.186356
Noise_2kVf_qNfblQ,29.92,0.050629
Noise_2kVf_qNfblQ,30.0,0.119387
Noise_2kVf_qNfblQ,30.080000000000002,0.079675
Noise_2kVf_qNfblQ,30.16,0.131871
Noise_2kVf_qNfblQ,30.240000000000002,0.104843
Noise_2kVf_qNfblQ,30.32,0.108212
Noise_2kVf_qNfblQ,30.400000000000002,0.067309
Noise_2kVf_qNfblQ,30.48,0.055544
Noise_2kVf_qNfblQ,30.56,0.516662
Noise_2kVf_qNfblQ,30.64,0.227145
Noise_2kVf_qNfblQ,30.72,0.707657
Noise_2kVf_qNfblQ,30.8,0.631233
Noise_2kVf_qNfblQ,30.88,0.860575
Noise_2kVf_qNfblQ,30.96,0.092355
Noise_2kVf_qNfblQ,31.04,0.113658
Noise_2kVf_qNfblQ,31.12,0.091043
Noise_2kVf_qNfblQ,31.2,0.734219
Noise_2kVf_qNfblQ,31.28,0.766027
Noise_2kVf_qNfblQ,31.36,0.67503
Noise_2kVf_qNfblQ,31.44,0.232889
Noise_2kVf_qNfblQ,31.52,0.065111
Noise_2kVf_qNfblQ,31.6,0.055967
Noise_2kVf_qNfblQ,31.68,0.008909
Noise_2kVf_qNfblQ,31.76,0.028983
Noise_2kVf_qNfblQ,31.84,0.03111
Noise_2kVf_qNfblQ,31.92,0.035693
Noise_2kVf_qNfblQ,32.0,0.036497
Noise_2kVf_qNfblQ,32.08,0.055895
Noise_2kVf_qNfblQ,32.16,0.293969
Noise_2kVf_qNfblQ,32.24,0.26017
Noise_2kVf_qNfblQ,32.32,0.202415
Noise_2kVf_qNfblQ,32.4,0.060512
Noise_2kVf_qNfblQ,32.48,0.052463
Noise_2kVf_qNfblQ,32.559999999999995,0.04887
Noise_2kVf_qNfblQ,32.63999999999999,0.075395
Noise_2kVf_qNfblQ,32.72,0.042376
Noise_2kVf_qNfblQ,32.8,0.057614
Noise_2kVf_qNfblQ,32.879999999999995,0.06213
Noise_2kVf_qNfblQ,32.959999999999994,0.078025
Noise_2kVf_qNfblQ,33.04,0.014063
Noise_2kVf_qNfblQ,33.12,0.003246
Noise_2kVf_qNfblQ,33.199999999999996,0.002875
Noise_2kVf_qNfblQ,33.279999999999994,0.018588
Noise_2kVf_qNfblQ,33.36,0.032605
Noise_2kVf_qNfblQ,33.44,0.012881
Noise_2kVf_qNfblQ,33.519999999999996,0.015911
Noise_2kVf_qNfblQ,33.599999999999994,0.075838
Noise_2kVf_qNfblQ,33.68,0.16108
Noise_2kVf_qNfblQ,33.76,0.010468
Noise_2kVf_qNfblQ,33.839999999999996,0.004701
Noise_2kVf_qNfblQ,33.919999999999995,0.012265
Noise_2kVf_qNfblQ,34.0,0.016833
Noise_2kVf_qNfblQ,34.08,0.030778
Noise_2kVf_qNfblQ,34.16,0.05453
Noise_2kVf_qNfblQ,34.239999999999995,0.107648
Noise_2kVf_qNfblQ,34.32,0.054348
Noise_2kVf_qNfblQ,34.4,0.050382
Noise_2kVf_qNfblQ,34.48,0.061942
Noise_2kVf_qNfblQ,34.559999999999995,0.038163
Noise_2kVf_qNfblQ,34.63999999999999,0.040019
Noise_2kVf_qNfblQ,34.72,0.032598
Noise_2kVf_qNfblQ,34.8,0.028483
Noise_2kVf_qNfblQ,34.879999999999995,0.084029
Noise_2kVf_qNfblQ,34.959999999999994,0.036943
Noise_2kVf_qNfblQ,35.04,0.064423
Noise_2kVf_qNfblQ,35.12,0.021773
Noise_2kVf_qNfblQ,35.199999999999996,0.083634
Noise_2kVf_qNfblQ,35.279999999999994,0.026364
Noise_2kVf_qNfblQ,35.36,0.022029
Noise_2kVf_qNfblQ,35.44,0.022733
Noise_2kVf_qNfblQ,35.519999999999996,0.037733
Noise_2kVf_qNfblQ,35.599999999999994,0.027209
Noise_2kVf_qNfblQ,35.68,0.050521
Noise_2kVf_qNfblQ,35.76,0.020705
Noise_2kVf_qNfblQ,35.839999999999996,0.012177
Noise_2kVf_qNfblQ,35.919999999999995,0.014809
Noise_2kVf_qNfblQ,36.0,0.017063
Noise_2kVf_qNfblQ,36.08,0.016038
Noise_2kVf_qNfblQ,36.16,0.046606
Noise_2kVf_qNfblQ,36.239999999999995,0.041996
Noise_2kVf_qNfblQ,36.32,0.009506
Noise_2kVf_qNfblQ,36.4,0.005173
Noise_2kVf_qNfblQ,36.48,0.00572
Noise_2kVf_qNfblQ,36.559999999999995,0.014348
Noise_2kVf_qNfblQ,36.63999999999999,0.121579
Noise_2kVf_qNfblQ,36.72,0.112068
Noise_2kVf_qNfblQ,36.8,0.027209
Noise_2kVf_qNfblQ,36.879999999999995,0.005448
Noise_2kVf_qNfblQ,36.959999999999994,0.037253
Noise_2kVf_qNfblQ,37.04,0.003175
Noise_2kVf_qNfblQ,37.12,0.009175
Noise_2kVf_qNfblQ,37.199999999999996,0.00931
Noise_2kVf_qNfblQ,37.279999999999994,0.014316
Noise_2kVf_qNfblQ,37.36,0.008833
Noise_2kVf_qNfblQ,37.44,0.005058
Noise_2kVf_qNfblQ,37.519999999999996,0.002781
Noise_2kVf_qNfblQ,37.599999999999994,0.001346
Noise_2kVf_qNfblQ,37.68,0.002607
Noise_2kVf_qNfblQ,37.76,0.001785
Noise_2kVf_qNfblQ,37.839999999999996,0.00947
Noise_2kVf_qNfblQ,37.919999999999995,0.007021
Noise_2kVf_qNfblQ,38.0,0.005431
Noise_2kVf_qNfblQ,38.08,0.003358
Noise_2kVf_qNfblQ,38.16,0.00304
Noise_2kVf_qNfblQ,38.239999999999995,0.00245
Noise_2kVf_qNfblQ,38.32,0.001779
Noise_2kVf_qNfblQ,38.4,0.002631
Noise_2kVf_qNfblQ,38.48,0.00228
Noise_2kVf_qNfblQ,38.559999999999995,0.003068
Noise_2kVf_qNfblQ,38.63999999999999,0.00086
Noise_2kVf_qNfblQ,38.72,0.001384
Noise_2kVf_qNfblQ,38.8,0.000536
Noise_2kVf_qNfblQ,38.879999999999995,0.00075
Noise_2kVf_qNfblQ,38.959999999999994,0.000606
Noise_2kVf_qNfblQ,39.04,0.000988
Noise_2kVf_qNfblQ,39.12,0.00075
Noise_2kVf_qNfblQ,39.199999999999996,0.001368
Noise_2kVf_qNfblQ,39.279999999999994,0.001173
Noise_2kVf_qNfblQ,39.36,0.001576
Noise_2kVf_qNfblQ,39.44,0.001567
Noise_2kVf_qNfblQ,39.519999999999996,0.002106
Noise_2kVf_qNfblQ,39.599999999999994,0.003879
Noise_2kVf_qNfblQ,39.68,0.011752
Noise_2kVf_qNfblQ,39.76,0.006123
Noise_2kVf_qNfblQ,39.839999999999996,0.006414
Noise_2kVf_qNfblQ,39.919999999999995,0.026767
Noise_2kVf_qNfblQ,40.0,0.017207
Noise_2kVf_qNfblQ,40.08,0.0519
Noise_2kVf_qNfblQ,40.16,0.009406
Noise_2kVf_qNfblQ,40.239999999999995,0.013309
Noise_2kVf_qNfblQ,40.32,0.025248
Noise_2kVf_qNfblQ,40.4,0.112782
Noise_2kVf_qNfblQ,40.48,0.038399
Noise_2kVf_qNfblQ,40.559999999999995,0.014326
Noise_2kVf_qNfblQ,40.63999999999999,0.001037
Noise_2kVf_qNfblQ,40.72,0.001278
Noise_2kVf_qNfblQ,40.8,0.002492
Noise_2kVf_qNfblQ,40.879999999999995,0.000571
Noise_2kVf_qNfblQ,40.959999999999994,0.003312
Noise_2kVf_qNfblQ,41.04,0.004748
Noise_2kVf_qNfblQ,41.12,0.002184
Noise_2kVf_qNfblQ,41.199999999999996,0.002164
Noise_2kVf_qNfblQ,41.279999999999994,0.003684
Noise_2kVf_qNfblQ,41.36,0.009245
Noise_2kVf_qNfblQ,41.44,0.00399
Noise_2kVf_qNfblQ,41.519999999999996,0.014395
Noise_2kVf_qNfblQ,41.599999999999994,0.014398
Noise_2kVf_qNfblQ,41.68,0.00903
Noise_2kVf_qNfblQ,41.76,0.003379
Noise_2kVf_qNfblQ,41.839999999999996,0.01427
Noise_2kVf_qNfblQ,41.919999999999995,0.012721
Noise_2kVf_qNfblQ,42.0,0.012656
Noise_2kVf_qNfblQ,42.08,0.00882
Noise_2kVf_qNfblQ,42.16,0.008545
Noise_2kVf_qNfblQ,42.239999999999995,0.0131
Noise_2kVf_qNfblQ,42.32,0.011035
Noise_2kVf_qNfblQ,42.4,0.012235
Noise_2kVf_qNfblQ,42.48,0.018962
Noise_2kVf_qNfblQ,42.559999999999995,0.044767
Noise_2kVf_qNfblQ,42.63999999999999,0.012373
Noise_2kVf_qNfblQ,42.72,0.003215
Noise_2kVf_qNfblQ,42.8,0.010686
Noise_2kVf_qNfblQ,42.879999999999995,0.045957
Noise_2kVf_qNfblQ,42.959999999999994,0.038075
Noise_2kVf_qNfblQ,43.04,0.083337
Noise_2kVf_qNfblQ,43.12,0.068705
Noise_2kVf_qNfblQ,43.199999999999996,0.026069
Noise_2kVf_qNfblQ,43.279999999999994,0.068628
Noise_2kVf_qNfblQ,43.36,0.059898
Noise_2kVf_qNfblQ,43.44,0.045807
Noise_2kVf_qNfblQ,43.519999999999996,0.042743
Noise_2kVf_qNfblQ,43.599999999999994,0.037522
Noise_2kVf_qNfblQ,43.68,0.035661
Noise_2kVf_qNfblQ,43.76,0.024063
Noise_2kVf_qNfblQ,43.839999999999996,0.00443
Noise_2kVf_qNfblQ,43.919999999999995,0.000436
Noise_2kVf_qNfblQ,44.0,0.008981
Noise_2kVf_qNfblQ,44.08,0.006432
Noise_2kVf_qNfblQ,44.16,0.017723
Noise_2kVf_qNfblQ,44.239999999999995,0.017109
Noise_2kVf_qNfblQ,44.32,0.009883
Noise_2kVf_qNfblQ,44.4,0.032296
Noise_2kVf_qNfblQ,44.48,0.031888
Noise_2kVf_qNfblQ,44.559999999999995,0.058046
Noise_2kVf_qNfblQ,44.63999999999999,0.026561
Noise_2kVf_qNfblQ,44.72,0.078911
Noise_2kVf_qNfblQ,44.8,0.023558
Noise_2kVf_qNfblQ,44.879999999999995,0.004938
Noise_2kVf_qNfblQ,44.959999999999994,0.007198
Noise_2kVf_qNfblQ,45.04,0.067154
Noise_2kVf_qNfblQ,45.12,0.023254
Noise_2kVf_qNfblQ,45.199999999999996,0.007152
Noise_2kVf_qNfblQ,45.279999999999994,0.013736
Noise_2kVf_qNfblQ,45.36,0.020181
Noise_2kVf_qNfblQ,45.44,0.010356
Noise_2kVf_qNfblQ,45.519999999999996,0.006819
Noise_2kVf_qNfblQ,45.599999999999994,0.012454
Noise_2kVf_qNfblQ,45.68,0.05729
Noise_2kVf_qNfblQ,45.76,0.047319
Noise_2kVf_qNfblQ,45.839999999999996,0.02329
Noise_2kVf_qNfblQ,45.919999999999995,0.020277
Noise_2kVf_qNfblQ,46.0,0.016636
Noise_2kVf_qNfblQ,46.08,0.011686
Noise_2kVf_qNfblQ,46.16,0.008688
Noise_2kVf_qNfblQ,46.239999999999995,0.009155
Noise_2kVf_qNfblQ,46.32,0.013881
Noise_2kVf_qNfblQ,46.4,0.01697
Noise_2kVf_qNfblQ,46.48,0.010166
Noise_2kVf_qNfblQ,46.559999999999995,0.005597
Noise_2kVf_qNfblQ,46.63999999999999,0.015573
Noise_2kVf_qNfblQ,46.72,0.012561
Noise_2kVf_qNfblQ,46.8,0.010753
Noise_2kVf_qNfblQ,46.879999999999995,0.022365
Noise_2kVf_qNfblQ,46.959999999999994,0.014164
Noise_2kVf_qNfblQ,47.04,0.013826
Noise_2kVf_qNfblQ,47.12,0.01933
Noise_2kVf_qNfblQ,47.199999999999996,0.058898
Noise_2kVf_qNfblQ,47.279999999999994,0.039378
Noise_2kVf_qNfblQ,47.36,0.044812
Noise_2kVf_qNfblQ,47.44,0.024428
Noise_2kVf_qNfblQ,47.519999999999996,0.055725
Noise_2kVf_qNfblQ,47.599999999999994,0.053585
Noise_2kVf_qNfblQ,47.68,0.028595
Noise_2kVf_qNfblQ,47.76,0.050202
Noise_2kVf_qNfblQ,47.839999999999996,0.01828
Noise_2kVf_qNfblQ,47.919999999999995,0.008148
Noise_2kVf_qNfblQ,48.0,0.000926
Noise_2kVf_qNfblQ,48.08,0.005767
Noise_2kVf_qNfblQ,48.16,0.012284
Noise_2kVf_qNfblQ,48.239999999999995,0.078007
Noise_2kVf_qNfblQ,48.32,0.097224
Noise_2kVf_qNfblQ,48.4,0.015171
Noise_2kVf_qNfblQ,48.48,0.024368
Noise_2kVf_qNfblQ,48.559999999999995,0.016347
Noise_2kVf_qNfblQ,48.63999999999999,0.015094
Noise_2kVf_qNfblQ,48.72,0.042412
Noise_2kVf_qNfblQ,48.8,0.100496
Noise_2kVf_qNfblQ,48.879999999999995,0.037253
Noise_2kVf_qNfblQ,48.959999999999994,0.018555
Noise_2kVf_qNfblQ,49.04,0.020175
Noise_2kVf_qNfblQ,49.12,0.002918
Noise_2kVf_qNfblQ,49.199999999999996,0.002169
Noise_2kVf_qNfblQ,49.279999999999994,0.069182
Noise_2kVf_qNfblQ,49.36,0.020909
Noise_2kVf_qNfblQ,49.44,0.066827
Noise_2kVf_qNfblQ,49.519999999999996,0.067801
Noise_2kVf_qNfblQ,49.599999999999994,0.06039
Noise_2kVf_qNfblQ,49.68,0.033287
Noise_2kVf_qNfblQ,49.76,0.02411
Noise_2kVf_qNfblQ,49.839999999999996,0.012758
Noise_2kVf_qNfblQ,49.919999999999995,0.012956
Noise_2kVf_qNfblQ,50.0,0.018061
Noise_2kVf_qNfblQ,50.08,0.018287
Noise_2kVf_qNfblQ,50.16,0.007403
Noise_2kVf_qNfblQ,50.239999999999995,0.011366
Noise_2kVf_qNfblQ,50.32,0.080253
Noise_2kVf_qNfblQ,50.4,0.045078
Noise_2kVf_qNfblQ,50.48,0.017345
Noise_2kVf_qNfblQ,50.559999999999995,0.023572
Noise_2kVf_qNfblQ,50.63999999999999,0.03587
Noise_2kVf_qNfblQ,50.72,0.04091
Noise_2kVf_qNfblQ,50.8,0.0359
Noise_2kVf_qNfblQ,50.879999999999995,0.016963
Noise_2kVf_qNfblQ,50.959999999999994,0.043235
Noise_2kVf_qNfblQ,51.04,0.047175
Noise_2kVf_qNfblQ,51.12,0.070113
Noise_2kVf_qNfblQ,51.199999999999996,0.028439
Noise_2kVf_qNfblQ,51.279999999999994,0.004973
Noise_2kVf_qNfblQ,51.36,0.010855
Noise_2kVf_qNfblQ,51.44,0.013974
Noise_2kVf_qNfblQ,51.519999999999996,0.051244
Noise_2kVf_qNfblQ,51.599999999999994,0.051163
Noise_2kVf_qNfblQ,51.68,0.112909
Noise_2kVf_qNfblQ,51.76,0.106211
Noise_2kVf_qNfblQ,51.839999999999996,0.389318
Noise_2kVf_qNfblQ,51.919999999999995,0.089107
Noise_2kVf_qNfblQ,52.0,0.078425
Noise_2kVf_qNfblQ,52.08,0.069278
Noise_2kVf_qNfblQ,52.16,0.068473
Noise_2kVf_qNfblQ,52.239999999999995,0.021501
Noise_2kVf_qNfblQ,52.32,0.007013
Noise_2kVf_qNfblQ,52.4,0.005038
Noise_2kVf_qNfblQ,52.48,0.023785
Noise_2kVf_qNfblQ,52.559999999999995,0.008932
Noise_2kVf_qNfblQ,52.63999999999999,0.010852
Noise_2kVf_qNfblQ,52.72,0.007955
Noise_2kVf_qNfblQ,52.8,0.016176
Noise_2kVf_qNfblQ,52.879999999999995,0.018977
Noise_2kVf_qNfblQ,52.959999999999994,0.025229
Noise_2kVf_qNfblQ,53.04,0.045388
Noise_2kVf_qNfblQ,53.12,0.052106
Noise_2kVf_qNfblQ,53.199999999999996,0.04326
Noise_2kVf_qNfblQ,53.279999999999994,0.061768
Noise_2kVf_qNfblQ,53.36,0.01519
Noise_2kVf_qNfblQ,53.44,0.036663
Noise_2kVf_qNfblQ,53.519999999999996,0.068794
Noise_2kVf_qNfblQ,53.599999999999994,0.087909
Noise_2kVf_qNfblQ,53.68,0.169905
Noise_2kVf_qNfblQ,53.76,0.034636
Noise_2kVf_qNfblQ,53.839999999999996,0.011722
Noise_2kVf_qNfblQ,53.919999999999995,0.01154
Noise_2kVf_qNfblQ,54.0,0.009617
Noise_2kVf_qNfblQ,54.08,0.009472
Noise_2kVf_qNfblQ,54.16,0.006409
Noise_2kVf_qNfblQ,54.239999999999995,0.020401
Noise_2kVf_qNfblQ,54.32,0.00304
Noise_2kVf_qNfblQ,54.4,0.001173
Noise_2kVf_qNfblQ,54.48,0.001802
Noise_2kVf_qNfblQ,54.559999999999995,0.007765
Noise_2kVf_qNfblQ,54.63999999999999,0.017243
Noise_2kVf_qNfblQ,54.72,0.012973
Noise_2kVf_qNfblQ,54.8,0.01234
Noise_2kVf_qNfblQ,54.879999999999995,0.007505
Noise_2kVf_qNfblQ,54.959999999999994,0.010189
Noise_2kVf_qNfblQ,55.04,0.036763
Noise_2kVf_qNfblQ,55.12,0.023013
Noise_2kVf_qNfblQ,55.199999999999996,0.007449
Noise_2kVf_qNfblQ,55.279999999999994,0.028493
Noise_2kVf_qNfblQ,55.36,0.002878
Noise_2kVf_qNfblQ,55.44,0.001957
Noise_2kVf_qNfblQ,55.519999999999996,0.000161
Noise_2kVf_qNfblQ,55.599999999999994,0.010383
Noise_2kVf_qNfblQ,55.68,0.006417
Noise_2kVf_qNfblQ,55.76,0.005259
Noise_2kVf_qNfblQ,55.839999999999996,0.021424
Noise_2kVf_qNfblQ,55.919999999999995,0.053047
Noise_2kVf_qNfblQ,56.0,0.05939
Noise_2kVf_qNfblQ,56.08,0.034137
Noise_2kVf_qNfblQ,56.16,0.035617
Noise_2kVf_qNfblQ,56.239999999999995,0.03977
Noise_2kVf_qNfblQ,56.32,0.041014
Noise_2kVf_qNfblQ,56.4,0.077845
Noise_2kVf_qNfblQ,56.48,0.049612
Noise_2kVf_qNfblQ,56.559999999999995,0.03406
Noise_2kVf_qNfblQ,56.63999999999999,0.02152
Noise_2kVf_qNfblQ,56.72,0.04259
Noise_2kVf_qNfblQ,56.8,0.041386
Noise_2kVf_qNfblQ,56.879999999999995,0.034197
Noise_2kVf_qNfblQ,56.959999999999994,0.007711
Noise_2kVf_qNfblQ,57.04,0.009201
Noise_2kVf_qNfblQ,57.12,0.021682
Noise_2kVf_qNfblQ,57.199999999999996,0.038396
Noise_2kVf_qNfblQ,57.279999999999994,0.040099
Noise_2kVf_qNfblQ,57.36,0.02131
Noise_2kVf_qNfblQ,57.44,0.01554
Noise_2kVf_qNfblQ,57.519999999999996,0.001852
Noise_2kVf_qNfblQ,57.599999999999994,0.001657
Noise_2kVf_qNfblQ,57.68,0.000672
Noise_2kVf_qNfblQ,57.76,0.00914
Noise_2kVf_qNfblQ,57.839999999999996,0.007621
Noise_2kVf_qNfblQ,57.919999999999995,0.04202
Noise_2kVf_qNfblQ,58.0,0.037035
Noise_2kVf_qNfblQ,58.08,0.022493
Noise_2kVf_qNfblQ,58.16,0.014554
Noise_2kVf_qNfblQ,58.239999999999995,0.021622
Noise_2kVf_qNfblQ,58.32,0.022843
Noise_2kVf_qNfblQ,58.4,0.032793
Noise_2kVf_qNfblQ,58.48,0.037771
Noise_2kVf_qNfblQ,58.559999999999995,0.022981
Noise_2kVf_qNfblQ,58.63999999999999,0.011912
Noise_2kVf_qNfblQ,58.72,0.009372
Noise_2kVf_qNfblQ,58.8,0.030941
Noise_2kVf_qNfblQ,58.879999999999995,0.033791
Noise_2kVf_qNfblQ,58.959999999999994,0.05769
Noise_2kVf_qNfblQ,59.04,0.058162
Noise_2kVf_qNfblQ,59.12,0.061146
Noise_2kVf_qNfblQ,59.199999999999996,0.047728
Noise_2kVf_qNfblQ,59.279999999999994,0.074412
Noise_2kVf_qNfblQ,59.36,0.113923
Noise_2kVf_qNfblQ,59.44,0.067195
Noise_2kVf_qNfblQ,59.519999999999996,0.046111
Noise_2kVf_qNfblQ,59.599999999999994,0.099868
Noise_2kVf_qNfblQ,59.68,0.023614
Noise_2kVf_qNfblQ,59.76,0.012827
Noise_2kVf_qNfblQ,59.839999999999996,0.062338
Noise_2kVf_qNfblQ,59.919999999999995,0.047034
Noise_2kVf_qNfblQ,60.0,0.066475
Noise_2kVf_qNfblQ,60.08,0.030003
Noise_2kVf_qNfblQ,60.16,0.004778
Noise_2kVf_qNfblQ,60.239999999999995,0.009558
Noise_2kVf_qNfblQ,60.32,0.032757
Noise_2kVf_qNfblQ,60.4,0.002573
Noise_2kVf_qNfblQ,60.48,0.005388
Noise_2kVf_qNfblQ,60.559999999999995,0.014781
Noise_2kVf_qNfblQ,60.63999999999999,0.018816
Noise_2kVf_qNfblQ,60.72,0.004563
Noise_2kVf_qNfblQ,60.8,0.004629
Noise_2kVf_qNfblQ,60.879999999999995,0.008311
Noise_2kVf_qNfblQ,60.959999999999994,0.00838
Noise_2kVf_qNfblQ,61.04,0.004426
Noise_2kVf_qNfblQ,61.12,0.000657
Noise_2kVf_qNfblQ,61.199999999999996,0.001772
Noise_2kVf_qNfblQ,61.279999999999994,0.003322
Noise_2kVf_qNfblQ,61.36,0.019797
Noise_2kVf_qNfblQ,61.44,0.020398
Noise_2kVf_qNfblQ,61.519999999999996,0.005549
Noise_2kVf_qNfblQ,61.599999999999994,0.016664
Noise_2kVf_qNfblQ,61.68,0.016541
Noise_2kVf_qNfblQ,61.76,0.00928
Noise_2kVf_qNfblQ,61.839999999999996,0.006552
Noise_2kVf_qNfblQ,61.919999999999995,0.005334
Noise_2kVf_qNfblQ,62.0,0.011003
Noise_2kVf_qNfblQ,62.08,0.004528
Noise_2kVf_qNfblQ,62.16,0.003807
Noise_2kVf_qNfblQ,62.239999999999995,0.015645
Noise_2kVf_qNfblQ,62.32,0.010193
Noise_2kVf_qNfblQ,62.4,0.010615
Noise_2kVf_qNfblQ,62.48,0.024394
Noise_2kVf_qNfblQ,62.559999999999995,0.013445
Noise_2kVf_qNfblQ,62.63999999999999,0.025988
Noise_2kVf_qNfblQ,62.72,0.012309
Noise_2kVf_qNfblQ,62.8,0.030167
Noise_2kVf_qNfblQ,62.879999999999995,0.02706
Noise_2kVf_qNfblQ,62.959999999999994,0.069067
Noise_2kVf_qNfblQ,63.04,0.046594
Noise_2kVf_qNfblQ,63.12,0.060418
Noise_2kVf_qNfblQ,63.199999999999996,0.275996
Noise_2kVf_qNfblQ,63.279999999999994,0.419892
Noise_2kVf_qNfblQ,63.36,0.047403
Noise_2kVf_qNfblQ,63.44,0.076702
Noise_2kVf_qNfblQ,63.519999999999996,0.061189
Noise_2kVf_qNfblQ,63.599999999999994,0.05479
Noise_2kVf_qNfblQ,63.68,0.147402
Noise_2kVf_qNfblQ,63.76,0.12293
Noise_2kVf_qNfblQ,63.839999999999996,0.336584
Noise_2kVf_qNfblQ,63.919999999999995,0.675801
Noise_2kVf_qNfblQ,64.0,0.297715
Noise_2kVf_qNfblQ,64.08,0.219995
Noise_2kVf_qNfblQ,64.16,0.095516
Noise_2kVf_qNfblQ,64.24,0.076221
Noise_2kVf_qNfblQ,64.32000000000001,0.013319
Noise_2kVf_qNfblQ,64.4,0.027031
Noise_2kVf_qNfblQ,64.48,0.029909
Noise_2kVf_qNfblQ,64.56,0.009103
Noise_2kVf_qNfblQ,64.64,0.017104
Noise_2kVf_qNfblQ,64.72,0.025914
Noise_2kVf_qNfblQ,64.8,0.01238
Noise_2kVf_qNfblQ,64.88000000000001,0.026103
Noise_2kVf_qNfblQ,64.96000000000001,0.02105
Noise_2kVf_qNfblQ,65.04,0.009805
Noise_2kVf_qNfblQ,65.12,0.007037
Noise_2kVf_qNfblQ,65.2,0.008393
Noise_2kVf_qNfblQ,65.28,0.018571
Noise_2kVf_qNfblQ,65.36,0.007083
Noise_2kVf_qNfblQ,65.44,0.027936
Noise_2kVf_qNfblQ,65.52000000000001,0.047686
Noise_2kVf_qNfblQ,65.60000000000001,0.070515
Noise_2kVf_qNfblQ,65.68,0.093936
Noise_2kVf_qNfblQ,65.76,0.077759
Noise_2kVf_qNfblQ,65.84,0.027393
Noise_2kVf_qNfblQ,65.92,0.01181
Noise_2kVf_qNfblQ,66.0,0.044096
Noise_2kVf_qNfblQ,66.08,0.075518
Noise_2kVf_qNfblQ,66.16000000000001,0.047524
Noise_2kVf_qNfblQ,66.24000000000001,0.075323
Noise_2kVf_qNfblQ,66.32000000000001,0.039225
Noise_2kVf_qNfblQ,66.4,0.009696
Noise_2kVf_qNfblQ,66.48,0.004774
Noise_2kVf_qNfblQ,66.56,0.002256
Noise_2kVf_qNfblQ,66.64,0.002226
Noise_2kVf_qNfblQ,66.72,0.00283
Noise_2kVf_qNfblQ,66.8,0.013435
Noise_2kVf_qNfblQ,66.88000000000001,0.007381
Noise_2kVf_qNfblQ,66.96000000000001,0.004427
Noise_2kVf_qNfblQ,67.04,0.004092
Noise_2kVf_qNfblQ,67.12,0.002118
Noise_2kVf_qNfblQ,67.2,0.001292
Noise_2kVf_qNfblQ,67.28,0.003509
Noise_2kVf_qNfblQ,67.36,0.0019
Noise_2kVf_qNfblQ,67.44,0.006751
Noise_2kVf_qNfblQ,67.52000000000001,0.008134
Noise_2kVf_qNfblQ,67.60000000000001,0.009555
Noise_2kVf_qNfblQ,67.68,0.026565
Noise_2kVf_qNfblQ,67.76,0.036448
Noise_2kVf_qNfblQ,67.84,0.038789
Noise_2kVf_qNfblQ,67.92,0.02237
Noise_2kVf_qNfblQ,68.0,0.042026
Noise_2kVf_qNfblQ,68.08,0.095385
Noise_2kVf_qNfblQ,68.16000000000001,0.059579
Noise_2kVf_qNfblQ,68.24000000000001,0.714191
Noise_2kVf_qNfblQ,68.32000000000001,0.314977
Noise_2kVf_qNfblQ,68.4,0.014879
Noise_2kVf_qNfblQ,68.48,0.01834
Noise_2kVf_qNfblQ,68.56,0.006403
Noise_2kVf_qNfblQ,68.64,0.05564
Noise_2kVf_qNfblQ,68.72,0.036945
Noise_2kVf_qNfblQ,68.8,0.030832
Noise_2kVf_qNfblQ,68.88000000000001,0.056945
Noise_2kVf_qNfblQ,68.96000000000001,0.041117
Noise_2kVf_qNfblQ,69.04,0.037926
Noise_2kVf_qNfblQ,69.12,0.010815
Noise_2kVf_qNfblQ,69.2,0.006918
Noise_2kVf_qNfblQ,69.28,0.01991
Noise_2kVf_qNfblQ,69.36,0.040787
Noise_2kVf_qNfblQ,69.44,0.013885
Noise_2kVf_qNfblQ,69.52000000000001,0.019506
Noise_2kVf_qNfblQ,69.60000000000001,0.096702
Noise_2kVf_qNfblQ,69.68,0.060508
Noise_2kVf_qNfblQ,69.76,0.379603
Noise_2kVf_qNfblQ,69.84,0.599371
Noise_2kVf_qNfblQ,69.92,0.248058
Noise_2kVf_qNfblQ,70.0,0.145972
Noise_2kVf_qNfblQ,70.08,0.073734
Noise_2kVf_qNfblQ,70.16000000000001,0.243801
Noise_2kVf_qNfblQ,70.24000000000001,0.249312
Noise_2kVf_qNfblQ,70.32000000000001,0.235482
Noise_2kVf_qNfblQ,70.4,0.257081
Noise_2kVf_qNfblQ,70.48,0.518816
Noise_2kVf_qNfblQ,70.56,0.101709
Noise_2kVf_qNfblQ,70.64,0.098921
Noise_2kVf_qNfblQ,70.72,0.131827
Noise_2kVf_qNfblQ,70.8,0.047182
Noise_2kVf_qNfblQ,70.88000000000001,0.02465
Noise_2kVf_qNfblQ,70.96000000000001,0.051336
Noise_2kVf_qNfblQ,71.04,0.132181
Noise_2kVf_qNfblQ,71.12,0.084478
Noise_2kVf_qNfblQ,71.2,0.053206
Noise_2kVf_qNfblQ,71.28,0.03227
Noise_2kVf_qNfblQ,71.36,0.058599
Noise_2kVf_qNfblQ,71.44,0.064584
Noise_2kVf_qNfblQ,71.52000000000001,0.077476
Noise_2kVf_qNfblQ,71.60000000000001,0.101853
Noise_2kVf_qNfblQ,71.68,0.013416
Noise_2kVf_qNfblQ,71.76,0.001865
Noise_2kVf_qNfblQ,71.84,0.008244
Noise_2kVf_qNfblQ,71.92,0.01515
Noise_2kVf_qNfblQ,72.0,0.005532
Noise_2kVf_qNfblQ,72.08,0.005578
Noise_2kVf_qNfblQ,72.16000000000001,0.003405
Noise_2kVf_qNfblQ,72.24000000000001,0.000782
Noise_2kVf_qNfblQ,72.32000000000001,0.001777
Noise_2kVf_qNfblQ,72.4,0.000543
Noise_2kVf_qNfblQ,72.48,0.005531
Noise_2kVf_qNfblQ,72.56,0.030795
Noise_2kVf_qNfblQ,72.64,0.00939
Noise_2kVf_qNfblQ,72.72,0.06756
Noise_2kVf_qNfblQ,72.8,0.208457
Noise_2kVf_qNfblQ,72.88000000000001,0.049691
Noise_2kVf_qNfblQ,72.96000000000001,0.243373
Noise_2kVf_qNfblQ,73.04,0.35918
Noise_2kVf_qNfblQ,73.12,0.64943
Noise_2kVf_qNfblQ,73.2,0.471452
Noise_2kVf_qNfblQ,73.28,0.16852
Noise_2kVf_qNfblQ,73.36,0.709025
Noise_2kVf_qNfblQ,73.44,0.752437
Noise_2kVf_qNfblQ,73.52000000000001,0.254747
Noise_2kVf_qNfblQ,73.60000000000001,0.177151
Noise_2kVf_qNfblQ,73.68,0.066329
Noise_2kVf_qNfblQ,73.76,0.045391
Noise_2kVf_qNfblQ,73.84,0.008895
Noise_2kVf_qNfblQ,73.92,0.015266
Noise_2kVf_qNfblQ,74.0,0.078817
Noise_2kVf_qNfblQ,74.08,0.074139
Noise_2kVf_qNfblQ,74.16000000000001,0.162528
Noise_2kVf_qNfblQ,74.24000000000001,0.142131
Noise_2kVf_qNfblQ,74.32000000000001,0.118696
Noise_2kVf_qNfblQ,74.4,0.232515
Noise_2kVf_qNfblQ,74.48,0.147919
Noise_2kVf_qNfblQ,74.56,0.167693
Noise_2kVf_qNfblQ,74.64,0.280397
Noise_2kVf_qNfblQ,74.72,0.142792
Noise_2kVf_qNfblQ,74.8,0.127791
Noise_2kVf_qNfblQ,74.88000000000001,0.138634
Noise_2kVf_qNfblQ,74.96000000000001,0.015219
Noise_2kVf_qNfblQ,75.04,0.017644
Noise_2kVf_qNfblQ,75.12,0.015634
Noise_2kVf_qNfblQ,75.2,0.008471
Noise_2kVf_qNfblQ,75.28,0.002452
Noise_2kVf_qNfblQ,75.36,0.011266
Noise_2kVf_qNfblQ,75.44,0.001674
Noise_2kVf_qNfblQ,75.52000000000001,0.001004
Noise_2kVf_qNfblQ,75.60000000000001,0.001796
Noise_2kVf_qNfblQ,75.68,0.003647
Noise_2kVf_qNfblQ,75.76,0.00362
Noise_2kVf_qNfblQ,75.84,0.00861
Noise_2kVf_qNfblQ,75.92,0.015718
Noise_2kVf_qNfblQ,76.0,0.0044
Noise_2kVf_qNfblQ,76.08,0.005483
Noise_2kVf_qNfblQ,76.16000000000001,0.003707
Noise_2kVf_qNfblQ,76.24000000000001,0.027764
Noise_2kVf_qNfblQ,76.32000000000001,0.041183
Noise_2kVf_qNfblQ,76.4,0.076729
Noise_2kVf_qNfblQ,76.48,0.059829
Noise_2kVf_qNfblQ,76.56,0.073035
Noise_2kVf_qNfblQ,76.64,0.078347
Noise_2kVf_qNfblQ,76.72,0.027957
Noise_2kVf_qNfblQ,76.8,0.111032
Noise_2kVf_qNfblQ,76.88000000000001,0.020896
Noise_2kVf_qNfblQ,76.96000000000001,0.058555
Noise_2kVf_qNfblQ,77.04,0.052362
Noise_2kVf_qNfblQ,77.12,0.015566
Noise_2kVf_qNfblQ,77.2,0.018642
Noise_2kVf_qNfblQ,77.28,0.011867
Noise_2kVf_qNfblQ,77.36,0.022835
Noise_2kVf_qNfblQ,77.44,0.024806
Noise_2kVf_qNfblQ,77.52000000000001,0.004491
Noise_2kVf_qNfblQ,77.60000000000001,0.003453
Noise_2kVf_qNfblQ,77.68,0.000965
Noise_2kVf_qNfblQ,77.76,0.005722
Noise_2kVf_qNfblQ,77.84,0.004425
Noise_2kVf_qNfblQ,77.92,0.013119
Noise_2kVf_qNfblQ,78.0,0.013098
Noise_2kVf_qNfblQ,78.08,0.072339
Noise_2kVf_qNfblQ,78.16000000000001,0.131852
Noise_2kVf_qNfblQ,78.24000000000001,0.006535
Noise_2kVf_qNfblQ,78.32000000000001,0.050402
Noise_2kVf_qNfblQ,78.4,0.083355
Noise_2kVf_qNfblQ,78.48,0.060276
Noise_2kVf_qNfblQ,78.56,0.094326
Noise_2kVf_qNfblQ,78.64,0.043741
Noise_2kVf_qNfblQ,78.72,0.036421
Noise_2kVf_qNfblQ,78.8,0.007753
Noise_2kVf_qNfblQ,78.88000000000001,0.000714
Noise_2kVf_qNfblQ,78.96000000000001,0.000212
Noise_2kVf_qNfblQ,79.04,0.00019
Noise_2kVf_qNfblQ,79.12,5.5e-05
Noise_2kVf_qNfblQ,79.2,0.000119
Noise_2kVf_qNfblQ,79.28,9.1e-05
Noise_2kVf_qNfblQ,79.36,0.000627
Noise_2kVf_qNfblQ,79.44,0.000358
Noise_2kVf_qNfblQ,79.52000000000001,0.000527
Noise_2kVf_qNfblQ,79.60000000000001,0.000301
Noise_2kVf_qNfblQ,79.68,0.000672
Noise_2kVf_qNfblQ,79.76,0.003352
Noise_2kVf_qNfblQ,79.84,0.008217
Noise_2kVf_qNfblQ,79.92,0.020115
Noise_2kVf_qNfblQ,80.0,0.014214
Noise_2kVf_qNfblQ,80.08,0.016834
Noise_2kVf_qNfblQ,80.16000000000001,0.021081
Noise_2kVf_qNfblQ,80.24000000000001,0.088682
Noise_2kVf_qNfblQ,80.32000000000001,0.06322
Noise_2kVf_qNfblQ,80.4,0.035029
Noise_2kVf_qNfblQ,80.48,0.069786
Noise_2kVf_qNfblQ,80.56,0.014806
Noise_2kVf_qNfblQ,80.64,0.040767
Noise_2kVf_qNfblQ,80.72,0.121435
Noise_2kVf_qNfblQ,80.8,0.10181
Noise_2kVf_qNfblQ,80.88000000000001,0.059986
Noise_2kVf_qNfblQ,80.96000000000001,0.063124
Noise_2kVf_qNfblQ,81.04,0.031138
Noise_2kVf_qNfblQ,81.12,0.047572
Noise_2kVf_qNfblQ,81.2,0.036769
Noise_2kVf_qNfblQ,81.28,0.011385
Noise_2kVf_qNfblQ,81.36,0.032199
Noise_2kVf_qNfblQ,81.44,0.005918
Noise_2kVf_qNfblQ,81.52000000000001,0.002752
Noise_2kVf_qNfblQ,81.60000000000001,0.003438
Noise_2kVf_qNfblQ,81.68,0.003237
Noise_2kVf_qNfblQ,81.76,0.001026
Noise_2kVf_qNfblQ,81.84,0.016343
Noise_2kVf_qNfblQ,81.92,0.011579
Noise_2kVf_qNfblQ,82.0,0.028749
Noise_2kVf_qNfblQ,82.08,0.046037
Noise_2kVf_qNfblQ,82.16000000000001,0.049601
Noise_2kVf_qNfblQ,82.24000000000001,0.170713
Noise_2kVf_qNfblQ,82.32000000000001,0.053945
Noise_2kVf_qNfblQ,82.4,0.062316
Noise_2kVf_qNfblQ,82.48,0.052919
Noise_2kVf_qNfblQ,82.56,0.045191
Noise_2kVf_qNfblQ,82.64,0.017195
Noise_2kVf_qNfblQ,82.72,0.029015
Noise_2kVf_qNfblQ,82.8,0.038043
Noise_2kVf_qNfblQ,82.88000000000001,0.077108
Noise_2kVf_qNfblQ,82.96000000000001,0.046774
Noise_2kVf_qNfblQ,83.04,0.057457
Noise_2kVf_qNfblQ,83.12,0.088483
Noise_2kVf_qNfblQ,83.2,0.233968
Noise_2kVf_qNfblQ,83.28,0.198857
Noise_2kVf_qNfblQ,83.36,0.111549
Noise_2kVf_qNfblQ,83.44,0.074295
Noise_2kVf_qNfblQ,83.52000000000001,0.04524
Noise_2kVf_qNfblQ,83.60000000000001,0.039347
Noise_2kVf_qNfblQ,83.68,0.020362
Noise_2kVf_qNfblQ,83.76,0.026711
Noise_2kVf_qNfblQ,83.84,0.009039
Noise_2kVf_qNfblQ,83.92,0.002592
Noise_2kVf_qNfblQ,84.0,0.006496
Noise_2kVf_qNfblQ,84.08,0.000912
Noise_2kVf_qNfblQ,84.16000000000001,0.00265
Noise_2kVf_qNfblQ,84.24000000000001,0.018449
Noise_2kVf_qNfblQ,84.32000000000001,0.004135
Noise_2kVf_qNfblQ,84.4,0.010639
Noise_2kVf_qNfblQ,84.48,0.00584
Noise_2kVf_qNfblQ,84.56,0.037368
Noise_2kVf_qNfblQ,84.64,0.033924
Noise_2kVf_qNfblQ,84.72,0.053967
Noise_2kVf_qNfblQ,84.8,0.015194
Noise_2kVf_qNfblQ,84.88000000000001,0.050842
Noise_2kVf_qNfblQ,84.96000000000001,0.181873
Noise_2kVf_qNfblQ,85.04,0.142547
Noise_2kVf_qNfblQ,85.12,0.040074
Noise_2kVf_qNfblQ,85.2,0.031481
Noise_2kVf_qNfblQ,85.28,0.021251
Noise_2kVf_qNfblQ,85.36,0.010423
Noise_2kVf_qNfblQ,85.44,0.010889
Noise_2kVf_qNfblQ,85.52000000000001,0.015838
Noise_2kVf_qNfblQ,85.60000000000001,0.039585
Noise_2kVf_qNfblQ,85.68,0.016876
Noise_2kVf_qNfblQ,85.76,0.036694
Noise_2kVf_qNfblQ,85.84,0.007389
Noise_2kVf_qNfblQ,85.92,0.010204
Noise_2kVf_qNfblQ,86.0,0.031002
Noise_2kVf_qNfblQ,86.08,0.024186
Noise_2kVf_qNfblQ,86.16000000000001,0.00809
Noise_2kVf_qNfblQ,86.24000000000001,0.002301
Noise_2kVf_qNfblQ,86.32000000000001,0.00195
Noise_2kVf_qNfblQ,86.4,0.000639
Noise_2kVf_qNfblQ,86.48,0.00077
Noise_2kVf_qNfblQ,86.56,0.002861
Noise_2kVf_qNfblQ,86.64,0.005479
Noise_2kVf_qNfblQ,86.72,0.008023
Noise_2kVf_qNfblQ,86.8,0.004455
Noise_2kVf_qNfblQ,86.88000000000001,0.015133
Noise_2kVf_qNfblQ,86.96000000000001,0.004344
Noise_2kVf_qNfblQ,87.04,0.006982
Noise_2kVf_qNfblQ,87.12,0.011195
Noise_2kVf_qNfblQ,87.2,0.020974
Noise_2kVf_qNfblQ,87.28,0.038962
Noise_2kVf_qNfblQ,87.36,0.009969
Noise_2kVf_qNfblQ,87.44,0.013676
Noise_2kVf_qNfblQ,87.52000000000001,0.013058
Noise_2kVf_qNfblQ,87.60000000000001,0.023285
Noise_2kVf_qNfblQ,87.68,0.092081
Noise_2kVf_qNfblQ,87.76,0.046165
Noise_2kVf_qNfblQ,87.84,0.084313
Noise_2kVf_qNfblQ,87.92,0.173577
Noise_2kVf_qNfblQ,88.0,0.252806
Noise_2kVf_qNfblQ,88.08,0.064303
Noise_2kVf_qNfblQ,88.16000000000001,0.048684
Noise_2kVf_qNfblQ,88.24000000000001,0.011045
Noise_2kVf_qNfblQ,88.32000000000001,0.043114
Noise_2kVf_qNfblQ,88.4,0.015111
Noise_2kVf_qNfblQ,88.48,0.02139
Noise_2kVf_qNfblQ,88.56,0.010931
Noise_2kVf_qNfblQ,88.64,0.012292
Noise_2kVf_qNfblQ,88.72,0.008525
Noise_2kVf_qNfblQ,88.8,0.00832
Noise_2kVf_qNfblQ,88.88000000000001,0.011931
Noise_2kVf_qNfblQ,88.96000000000001,0.03717
Noise_2kVf_qNfblQ,89.04,0.015922
Noise_2kVf_qNfblQ,89.12,0.164488
Noise_2kVf_qNfblQ,89.2,0.038818
Noise_2kVf_qNfblQ,89.28,0.091338
Noise_2kVf_qNfblQ,89.36,0.017134
Noise_2kVf_qNfblQ,89.44,0.026535
Noise_2kVf_qNfblQ,89.52000000000001,0.044587
Noise_2kVf_qNfblQ,89.60000000000001,0.03801
Noise_2kVf_qNfblQ,89.68,0.067674
Noise_2kVf_qNfblQ,89.76,0.054465
Noise_2kVf_qNfblQ,89.84,0.044973
Noise_2kVf_qNfblQ,89.92,0.041656
Noise_2kVf_qNfblQ,90.0,0.060588
Noise_2kVf_qNfblQ,90.08,0.105602
Noise_2kVf_qNfblQ,90.16000000000001,0.245332
Noise_2kVf_qNfblQ,90.24000000000001,0.189623
Noise_2kVf_qNfblQ,90.32000000000001,0.139939
Noise_2kVf_qNfblQ,90.4,0.042894
Noise_2kVf_qNfblQ,90.48,0.045305
Noise_2kVf_qNfblQ,90.56,0.060819
Noise_2kVf_qNfblQ,90.64,0.063845
Noise_2kVf_qNfblQ,90.72,0.050508
Noise_2kVf_qNfblQ,90.8,0.076551
Noise_2kVf_qNfblQ,90.88000000000001,0.095578
Noise_2kVf_qNfblQ,90.96000000000001,0.11051
Noise_2kVf_qNfblQ,91.04,0.093692
Noise_2kVf_qNfblQ,91.12,0.014108
Noise_2kVf_qNfblQ,91.2,0.016475
Noise_2kVf_qNfblQ,91.28,0.070522
Noise_2kVf_qNfblQ,91.36,0.05092
Noise_2kVf_qNfblQ,91.44,0.004824
Noise_2kVf_qNfblQ,91.52000000000001,0.030519
Noise_2kVf_qNfblQ,91.60000000000001,0.056438
Noise_2kVf_qNfblQ,91.68,0.104988
Noise_2kVf_qNfblQ,91.76,0.138198
Noise_2kVf_qNfblQ,91.84,0.117803
Noise_2kVf_qNfblQ,91.92,0.068683
Noise_2kVf_qNfblQ,92.0,0.248878
Noise_2kVf_qNfblQ,92.08,0.056605
Noise_2kVf_qNfblQ,92.16000000000001,0.067076
Noise_2kVf_qNfblQ,92.24000000000001,0.028427
Noise_2kVf_qNfblQ,92.32000000000001,0.065505
Noise_2kVf_qNfblQ,92.4,0.024603
Noise_2kVf_qNfblQ,92.48,0.018673
Noise_2kVf_qNfblQ,92.56,0.008257
Noise_2kVf_qNfblQ,92.64,0.031519
Noise_2kVf_qNfblQ,92.72,0.029427
Noise_2kVf_qNfblQ,92.8,0.015749
Noise_2kVf_qNfblQ,92.88000000000001,0.045406
Noise_2kVf_qNfblQ,92.96000000000001,0.12866
Noise_2kVf_qNfblQ,93.04,0.03419
Noise_2kVf_qNfblQ,93.12,0.052435
Noise_2kVf_qNfblQ,93.2,0.028404
Noise_2kVf_qNfblQ,93.28,0.049663
Noise_2kVf_qNfblQ,93.36,0.021029
Noise_2kVf_qNfblQ,93.44,0.14347
Noise_2kVf_qNfblQ,93.52000000000001,0.027494
Noise_2kVf_qNfblQ,93.60000000000001,0.016941
Noise_2kVf_qNfblQ,93.68,0.017818
Noise_2kVf_qNfblQ,93.76,0.008417
Noise_2kVf_qNfblQ,93.84,0.008344
Noise_2kVf_qNfblQ,93.92,0.00617
Noise_2kVf_qNfblQ,94.0,0.00663
Noise_2kVf_qNfblQ,94.08,0.006564
Noise_2kVf_qNfblQ,94.16000000000001,0.006805
Noise_2kVf_qNfblQ,94.24000000000001,0.004034
Noise_2kVf_qNfblQ,94.32000000000001,0.002122
Noise_2kVf_qNfblQ,94.4,0.001321
Noise_2kVf_qNfblQ,94.48,0.00069
Noise_2kVf_qNfblQ,94.56,0.005051
Noise_2kVf_qNfblQ,94.64,0.001108
Noise_2kVf_qNfblQ,94.72,0.009084
Noise_2kVf_qNfblQ,94.8,0.004613
Noise_2kVf_qNfblQ,94.88000000000001,0.009513
Noise_2kVf_qNfblQ,94.96000000000001,0.009841
Noise_2kVf_qNfblQ,95.04,0.002674
Noise_2kVf_qNfblQ,95.12,0.002081
Noise_2kVf_qNfblQ,95.2,0.001402
Noise_2kVf_qNfblQ,95.28,0.002919
Noise_2kVf_qNfblQ,95.36,0.004059
Noise_2kVf_qNfblQ,95.44,0.004444
Noise_2kVf_qNfblQ,95.52000000000001,0.004457
Noise_2kVf_qNfblQ,95.60000000000001,0.005323
Noise_2kVf_qNfblQ,95.68,0.006679
Noise_2kVf_qNfblQ,95.76,0.00679
Noise_2kVf_qNfblQ,95.84,0.009453
Noise_2kVf_qNfblQ,95.92,0.011964
Noise_2kVf_qNfblQ,96.0,0.01484
Noise_2kVf_qNfblQ,96.08,0.032116
Noise_2kVf_qNfblQ,96.16000000000001,0.019811
Noise_2kVf_qNfblQ,96.24000000000001,0.030361
Noise_2kVf_qNfblQ,96.32000000000001,0.010678
Noise_2kVf_qNfblQ,96.4,0.026191
Noise_2kVf_qNfblQ,96.48,0.034574
Noise_2kVf_qNfblQ,96.56,0.099162
Noise_2kVf_qNfblQ,96.64,0.003727
Noise_2kVf_qNfblQ,96.72,0.007146
Noise_2kVf_qNfblQ,96.8,0.004004
Noise_2kVf_qNfblQ,96.88000000000001,0.001802
Noise_2kVf_qNfblQ,96.96000000000001,0.00101
Noise_2kVf_qNfblQ,97.04,0.001397
Noise_2kVf_qNfblQ,97.12,0.00424
Noise_2kVf_qNfblQ,97.2,0.017758
Noise_2kVf_qNfblQ,97.28,0.008414
Noise_2kVf_qNfblQ,97.36,0.003548
Noise_2kVf_qNfblQ,97.44,0.003872
Noise_2kVf_qNfblQ,97.52000000000001,0.001631
Noise_2kVf_qNfblQ,97.60000000000001,0.000556
Noise_2kVf_qNfblQ,97.68,0.003164
Noise_2kVf_qNfblQ,97.76,0.00302
Noise_2kVf_qNfblQ,97.84,0.019524
Noise_2kVf_qNfblQ,97.92,0.016798
Noise_2kVf_qNfblQ,98.0,0.031668
Noise_2kVf_qNfblQ,98.08,0.037203
Noise_2kVf_qNfblQ,98.16000000000001,0.028898
Noise_2kVf_qNfblQ,98.24000000000001,0.071353
Noise_2kVf_qNfblQ,98.32000000000001,0.028173
Noise_2kVf_qNfblQ,98.4,0.059846
Noise_2kVf_qNfblQ,98.48,0.071412
Noise_2kVf_qNfblQ,98.56,0.017885
Noise_2kVf_qNfblQ,98.64,0.034381
Noise_2kVf_qNfblQ,98.72,0.052445
Noise_2kVf_qNfblQ,98.8,0.172901
Noise_2kVf_qNfblQ,98.88000000000001,0.060388
Noise_2kVf_qNfblQ,98.96000000000001,0.141842
Noise_2kVf_qNfblQ,99.04,0.127165
Noise_2kVf_qNfblQ,99.12,0.168302
Noise_2kVf_qNfblQ,99.2,0.135127
Noise_2kVf_qNfblQ,99.28,0.053097
Noise_2kVf_qNfblQ,99.36,0.04442
Noise_2kVf_qNfblQ,99.44,0.0365
Noise_2kVf_qNfblQ,99.52000000000001,0.047571
Noise_2kVf_qNfblQ,99.60000000000001,0.078838
Noise_2kVf_qNfblQ,99.68,0.137449
Noise_2kVf_qNfblQ,99.76,0.190502
Noise_2kVf_qNfblQ,99.84,0.049871
Noise_2kVf_qNfblQ,99.92,0.059773
Noise_2kVf_qNfblQ,100.0,0.025899
Noise_2kVf_qNfblQ,100.08,0.069106
Noise_2kVf_qNfblQ,100.16000000000001,0.051035
Noise_2kVf_qNfblQ,100.24000000000001,0.118934
Noise_2kVf_qNfblQ,100.32000000000001,0.080075
Noise_2kVf_qNfblQ,100.4,0.05885
Noise_2kVf_qNfblQ,100.48,0.104551
Noise_2kVf_qNfblQ,100.56,0.015654
Noise_2kVf_qNfblQ,100.64,0.026339
Noise_2kVf_qNfblQ,100.72,0.010639
Noise_2kVf_qNfblQ,100.8,0.005066
Noise_2kVf_qNfblQ,100.88000000000001,0.003428
Noise_2kVf_qNfblQ,100.96000000000001,0.003745
Noise_2kVf_qNfblQ,101.04,0.008893
Noise_2kVf_qNfblQ,101.12,0.010871
Noise_2kVf_qNfblQ,101.2,0.044136
Noise_2kVf_qNfblQ,101.28,0.121524
Noise_2kVf_qNfblQ,101.36,0.095477
Noise_2kVf_qNfblQ,101.44,0.13932
Noise_2kVf_qNfblQ,101.52000000000001,0.141045
Noise_2kVf_qNfblQ,101.60000000000001,0.078631
Noise_2kVf_qNfblQ,101.68,0.208835
Noise_2kVf_qNfblQ,101.76,0.193978
Noise_2kVf_qNfblQ,101.84,0.231484
Noise_2kVf_qNfblQ,101.92,0.036774
Noise_2kVf_qNfblQ,102.0,0.36757
Noise_2kVf_qNfblQ,102.08,0.082321
Noise_2kVf_qNfblQ,102.16000000000001,0.085394
Noise_2kVf_qNfblQ,102.24000000000001,0.228081
Noise_2kVf_qNfblQ,102.32000000000001,0.027515
Noise_2kVf_qNfblQ,102.4,0.04566
Noise_2kVf_qNfblQ,102.48,0.02675
Noise_2kVf_qNfblQ,102.56,0.036441
Noise_2kVf_qNfblQ,102.64,0.031328
Noise_2kVf_qNfblQ,102.72,0.002293
Noise_2kVf_qNfblQ,102.8,0.001421
Noise_2kVf_qNfblQ,102.88000000000001,0.007166
Noise_2kVf_qNfblQ,102.96000000000001,0.006119
Noise_2kVf_qNfblQ,103.04,0.005841
Noise_2kVf_qNfblQ,103.12,0.017132
Noise_2kVf_qNfblQ,103.2,0.018542
Noise_2kVf_qNfblQ,103.28,0.02473
Noise_2kVf_qNfblQ,103.36,0.093974
Noise_2kVf_qNfblQ,103.44,0.09712
Noise_2kVf_qNfblQ,103.52000000000001,0.027481
Noise_2kVf_qNfblQ,103.60000000000001,0.014458
Noise_2kVf_qNfblQ,103.68,0.144023
Noise_2kVf_qNfblQ,103.76,0.007428
Noise_2kVf_qNfblQ,103.84,0.163648
Noise_2kVf_qNfblQ,103.92,0.064824
Noise_2kVf_qNfblQ,104.0,0.12841
Noise_2kVf_qNfblQ,104.08,0.022787
Noise_2kVf_qNfblQ,104.16000000000001,0.047175
Noise_2kVf_qNfblQ,104.24000000000001,0.010544
Noise_2kVf_qNfblQ,104.32000000000001,0.006496
Noise_2kVf_qNfblQ,104.4,0.00622
Noise_2kVf_qNfblQ,104.48,0.002224
Noise_2kVf_qNfblQ,104.56,0.002661
Noise_2kVf_qNfblQ,104.64,0.00423
Noise_2kVf_qNfblQ,104.72,0.001393
Noise_2kVf_qNfblQ,104.8,0.019472
Noise_2kVf_qNfblQ,104.88000000000001,0.029174
Noise_2kVf_qNfblQ,104.96000000000001,0.016686
Noise_2kVf_qNfblQ,105.04,0.016099
Noise_2kVf_qNfblQ,105.12,0.007703
Noise_2kVf_qNfblQ,105.2,0.02192
Noise_2kVf_qNfblQ,105.28,0.0434
Noise_2kVf_qNfblQ,105.36,0.026324
Noise_2kVf_qNfblQ,105.44,0.071363
Noise_2kVf_qNfblQ,105.52000000000001,0.076616
Noise_2kVf_qNfblQ,105.60000000000001,0.117915
Noise_2kVf_qNfblQ,105.68,0.041519
Noise_2kVf_qNfblQ,105.76,0.049765
Noise_2kVf_qNfblQ,105.84,0.072912
Noise_2kVf_qNfblQ,105.92,0.045575
Noise_2kVf_qNfblQ,106.0,0.031687
Noise_2kVf_qNfblQ,106.08,0.023525
Noise_2kVf_qNfblQ,106.16000000000001,0.020965
Noise_2kVf_qNfblQ,106.24000000000001,0.027621
Noise_2kVf_qNfblQ,106.32000000000001,0.019448
Noise_2kVf_qNfblQ,106.4,0.021611
Noise_2kVf_qNfblQ,106.48,0.025783
Noise_2kVf_qNfblQ,106.56,0.022565
Noise_2kVf_qNfblQ,106.64,0.026867
Noise_2kVf_qNfblQ,106.72,0.061061
Noise_2kVf_qNfblQ,106.8,0.248764
Noise_2kVf_qNfblQ,106.88000000000001,0.146644
Noise_2kVf_qNfblQ,106.96000000000001,0.298005
Noise_2kVf_qNfblQ,107.04,0.094886
Noise_2kVf_qNfblQ,107.12,0.047218
Noise_2kVf_qNfblQ,107.2,0.050524
Noise_2kVf_qNfblQ,107.28,0.107382
Noise_2kVf_qNfblQ,107.36,0.056875
Noise_2kVf_qNfblQ,107.44,0.073375
Noise_2kVf_qNfblQ,107.52000000000001,0.083872
Noise_2kVf_qNfblQ,107.60000000000001,0.050705
Noise_2kVf_qNfblQ,107.68,0.036456
Noise_2kVf_qNfblQ,107.76,0.015285
Noise_2kVf_qNfblQ,107.84,0.034693
Noise_2kVf_qNfblQ,107.92,0.161001
Noise_2kVf_qNfblQ,108.0,0.024799
Noise_2kVf_qNfblQ,108.08,0.238275
Noise_2kVf_qNfblQ,108.16000000000001,0.637895
Noise_2kVf_qNfblQ,108.24000000000001,0.292927
Noise_2kVf_qNfblQ,108.32000000000001,0.314795
Noise_2kVf_qNfblQ,108.4,0.249031
Noise_2kVf_qNfblQ,108.48,0.309576
Noise_2kVf_qNfblQ,108.56,0.081072
Noise_2kVf_qNfblQ,108.64,0.056994
Noise_2kVf_qNfblQ,108.72,0.02467
Noise_2kVf_qNfblQ,108.8,0.002706
Noise_2kVf_qNfblQ,108.88000000000001,0.002012
Noise_2kVf_qNfblQ,108.96000000000001,0.004562
Noise_2kVf_qNfblQ,109.04,0.002775
Noise_2kVf_qNfblQ,109.12,0.00603
Noise_2kVf_qNfblQ,109.2,0.008673
Noise_2kVf_qNfblQ,109.28,0.010635
Noise_2kVf_qNfblQ,109.36,0.001251
Noise_2kVf_qNfblQ,109.44,0.003355
Noise_2kVf_qNfblQ,109.52000000000001,0.033777
Noise_2kVf_qNfblQ,109.60000000000001,0.030581
Noise_2kVf_qNfblQ,109.68,0.01761
Noise_2kVf_qNfblQ,109.76,0.034612
Noise_2kVf_qNfblQ,109.84,0.026791
Noise_2kVf_qNfblQ,109.92,0.009969
Noise_2kVf_qNfblQ,110.0,0.007825
Noise_2kVf_qNfblQ,110.08,0.028214
Noise_2kVf_qNfblQ,110.16000000000001,0.010615
Noise_2kVf_qNfblQ,110.24000000000001,0.019275
Noise_2kVf_qNfblQ,110.32000000000001,0.016864
Noise_2kVf_qNfblQ,110.4,0.000702
Noise_2kVf_qNfblQ,110.48,1.7e-05
Noise_2kVf_qNfblQ,110.56,2.6e-05
Noise_2kVf_qNfblQ,110.64,7e-05
Noise_2kVf_qNfblQ,110.72,0.000354
Noise_2kVf_qNfblQ,110.8,0.009805
Noise_2kVf_qNfblQ,110.88000000000001,0.010543
Noise_2kVf_qNfblQ,110.96000000000001,0.135933
Noise_2kVf_qNfblQ,111.04,0.016586
Noise_2kVf_qNfblQ,111.12,0.064202
Noise_2kVf_qNfblQ,111.2,0.0263
Noise_2kVf_qNfblQ,111.28,0.199668
Noise_2kVf_qNfblQ,111.36,0.056849
Noise_2kVf_qNfblQ,111.44,0.246366
Noise_2kVf_qNfblQ,111.52000000000001,0.055895
Noise_2kVf_qNfblQ,111.60000000000001,0.005984
Noise_2kVf_qNfblQ,111.68,0.014632
Noise_2kVf_qNfblQ,111.76,0.012057
Noise_2kVf_qNfblQ,111.84,0.003678
Noise_2kVf_qNfblQ,111.92,0.002923
Noise_2kVf_qNfblQ,112.0,0.00702
Noise_2kVf_qNfblQ,112.08,0.005412
Noise_2kVf_qNfblQ,112.16000000000001,0.005067
Noise_2kVf_qNfblQ,112.24000000000001,0.004841
Noise_2kVf_qNfblQ,112.32000000000001,0.001215
Noise_2kVf_qNfblQ,112.4,0.002497
Noise_2kVf_qNfblQ,112.48,0.002587
Noise_2kVf_qNfblQ,112.56,0.002332
Noise_2kVf_qNfblQ,112.64,0.00137
Noise_2kVf_qNfblQ,112.72,0.010001
Noise_2kVf_qNfblQ,112.8,0.00228
Noise_2kVf_qNfblQ,112.88000000000001,0.010024
Noise_2kVf_qNfblQ,112.96000000000001,0.019373
Noise_2kVf_qNfblQ,113.04,0.06018
Noise_2kVf_qNfblQ,113.12,0.025043
Noise_2kVf_qNfblQ,113.2,0.008964
Noise_2kVf_qNfblQ,113.28,0.012798
Noise_2kVf_qNfblQ,113.36,0.011089
Noise_2kVf_qNfblQ,113.44,0.007943
Noise_2kVf_qNfblQ,113.52000000000001,0.006134
Noise_2kVf_qNfblQ,113.60000000000001,0.014813
Noise_2kVf_qNfblQ,113.68,0.004421
Noise_2kVf_qNfblQ,113.76,0.010079
Noise_2kVf_qNfblQ,113.84,0.006337
Noise_2kVf_qNfblQ,113.92,0.010468
Noise_2kVf_qNfblQ,114.0,0.007861
Noise_2kVf_qNfblQ,114.08,0.013976
Noise_2kVf_qNfblQ,114.16000000000001,0.009559
Noise_2kVf_qNfblQ,114.24000000000001,0.025003
Noise_2kVf_qNfblQ,114.32000000000001,0.013609
Noise_2kVf_qNfblQ,114.4,0.013962
Noise_2kVf_qNfblQ,114.48,0.001304
Noise_2kVf_qNfblQ,114.56,0.003511
Noise_2kVf_qNfblQ,114.64,0.021485
Noise_2kVf_qNfblQ,114.72,0.009977
Noise_2kVf_qNfblQ,114.8,0.009914
Noise_2kVf_qNfblQ,114.88000000000001,0.005611
Noise_2kVf_qNfblQ,114.96000000000001,0.001675
Noise_2kVf_qNfblQ,115.04,0.026803
Noise_2kVf_qNfblQ,115.12,0.020398
Noise_2kVf_qNfblQ,115.2,0.019074
Noise_2kVf_qNfblQ,115.28,0.030972
Noise_2kVf_qNfblQ,115.36,0.012301
Noise_2kVf_qNfblQ,115.44,0.046298
Noise_2kVf_qNfblQ,115.52000000000001,0.110045
Noise_2kVf_qNfblQ,115.60000000000001,0.046741
Noise_2kVf_qNfblQ,115.68,0.176432
Noise_2kVf_qNfblQ,115.76,0.0175
Noise_2kVf_qNfblQ,115.84,0.01857
Noise_2kVf_qNfblQ,115.92,0.021455
Noise_2kVf_qNfblQ,116.0,0.017189
Noise_2kVf_qNfblQ,116.08,0.013345
Noise_2kVf_qNfblQ,116.16000000000001,0.008346
Noise_2kVf_qNfblQ,116.24000000000001,0.002366
Noise_2kVf_qNfblQ,116.32000000000001,0.00175
Noise_2kVf_qNfblQ,116.4,0.013391
Noise_2kVf_qNfblQ,116.48,0.012247
Noise_2kVf_qNfblQ,116.56,0.004717
Noise_2kVf_qNfblQ,116.64,0.005615
Noise_2kVf_qNfblQ,116.72,0.005569
Noise_2kVf_qNfblQ,116.8,0.012029
Noise_2kVf_qNfblQ,116.88000000000001,0.017584
Noise_2kVf_qNfblQ,116.96000000000001,0.011287
Noise_2kVf_qNfblQ,117.04,0.015898
Noise_2kVf_qNfblQ,117.12,0.019126
Noise_2kVf_qNfblQ,117.2,0.012893
Noise_2kVf_qNfblQ,117.28,0.041275
Noise_2kVf_qNfblQ,117.36,0.048741
Noise_2kVf_qNfblQ,117.44,0.001481
Noise_2kVf_qNfblQ,117.52000000000001,0.002093
Noise_2kVf_qNfblQ,117.60000000000001,0.013546
Noise_2kVf_qNfblQ,117.68,0.033253
Noise_2kVf_qNfblQ,117.76,0.031686
Noise_2kVf_qNfblQ,117.84,0.114664
Noise_2kVf_qNfblQ,117.92,0.019929
Noise_2kVf_qNfblQ,118.0,0.019088
Noise_2kVf_qNfblQ,118.08,0.007225
Noise_2kVf_qNfblQ,118.16000000000001,0.177158
Noise_2kVf_qNfblQ,118.24000000000001,0.030295
Noise_2kVf_qNfblQ,118.32000000000001,0.076736
Noise_2kVf_qNfblQ,118.4,0.018383
Noise_2kVf_qNfblQ,118.48,0.008976
Noise_2kVf_qNfblQ,118.56,0.012419
Noise_2kVf_qNfblQ,118.64,0.033487
Noise_2kVf_qNfblQ,118.72,0.035718
Noise_2kVf_qNfblQ,118.8,0.004613
Noise_2kVf_qNfblQ,118.88000000000001,0.012929
Noise_2kVf_qNfblQ,118.96000000000001,0.007581
Noise_2kVf_qNfblQ,119.04,0.015208
Noise_2kVf_qNfblQ,119.12,0.002752
Noise_2kVf_qNfblQ,119.2,0.005402
Noise_2kVf_qNfblQ,119.28,0.001538
Noise_2kVf_qNfblQ,119.36,0.00133
Noise_2kVf_qNfblQ,119.44,0.001027
