tap,config,thr,TP,FN,FP,TN,MR,FAR,F1,DCF
dev,A0,0.01,4230,101,2576,2622,0.023320249365042716,0.49557522123893805,0.7596300619556433,0.14138399233351656
dev,A0,0.02,4131,200,2076,3122,0.04617871161394597,0.3993843786071566,0.7840197380907193,0.13448012836224862
dev,A0,0.03,4049,282,1767,3431,0.06511198337566382,0.33993843786071565,0.7980683945993889,0.13381859699692678
dev,A0,0.04,3980,351,1538,3660,0.08104363888247518,0.29588303193535975,0.8082038785663519,0.13475348714569632
dev,A0,0.05,3925,406,1380,3818,0.09374278457631031,0.26548672566371684,0.8146533831465338,0.13667876984816196
dev,A0,0.06,3884,447,1251,3947,0.10320942045716924,0.2406694882647172,0.8206211705049652,0.13757443740905623
dev,A0,0.07,3827,504,1143,4055,0.11637035326714384,0.2198922662562524,0.8229222664229653,0.14225083151442097
dev,A0,0.08,3797,534,1057,4141,0.12329716000923574,0.20334744132358598,0.8267827980402831,0.1433097303378233
dev,A0,0.09,3770,561,983,4215,0.12953128607711845,0.18911119661408235,0.8300308234258036,0.14442626371135941
dev,A0,0.1,3737,594,914,4284,0.13715077349341953,0.1758368603308965,0.8321086617679804,0.14682229520278878
dev,A0,0.11,3705,626,845,4353,0.14453936735165088,0.16256252404771065,0.8343654993807004,0.14904515652566583
dev,A0,0.12,3667,664,782,4416,0.15331332255830063,0.1504424778761062,0.8353075170842824,0.15259561138775202
dev,A0,0.13,3630,701,729,4469,0.16185638420688062,0.14024624855713735,0.8354430379746836,0.1564538502944448
dev,A0,0.14,3605,726,680,4518,0.16762872315862387,0.13081954597922277,0.8368152274837511,0.1584264288637736
dev,A0,0.15,3575,756,638,4560,0.17455552990071577,0.12273951519815314,0.8368445692883895,0.16160152622507512
dev,A0,0.16,3546,785,598,4600,0.18125144308473792,0.11504424778761062,0.8368141592920354,0.16469964426045608
dev,A0,0.17,3522,809,557,4641,0.18679288847841144,0.10715659869180454,0.8375743162901308,0.1668838160317597
dev,A0,0.18,3490,841,515,4683,0.1941814823366428,0.0990765679107349,0.8373320537428023,0.17040525373016585
dev,A0,0.19,3464,867,471,4727,0.20018471484645578,0.09061177375913813,0.8381321074280184,0.17279147957462637
dev,A0,0.2,3436,895,444,4754,0.20664973447240823,0.08541746825702193,0.8369260747777372,0.17634166791856165
dev,A0,0.21,3407,924,418,4780,0.21334564765643038,0.0804155444401693,0.8354585581167239,0.1801131218523651
dev,A0,0.22,3381,950,391,4807,0.21934888016624335,0.0752212389380531,0.8345057386153276,0.1833169698591958
dev,A0,0.23,3364,967,370,4828,0.22327407065342877,0.07118122354751828,0.834221946683199,0.18525085887695117
dev,A0,0.24,3337,994,346,4852,0.22950819672131148,0.06656406310119277,0.832792612927377,0.1887721633162818
dev,A0,0.25,3320,1011,335,4863,0.23343338720849688,0.06444786456329357,0.8314550463310794,0.19118700654719606
dev,A0,0.26,3305,1026,312,4886,0.23689679057954283,0.060023085802231625,0.8316557624559637,0.19267836438521502
dev,A0,0.27,3289,1042,292,4906,0.2405910875086585,0.05617545209696037,0.8313953488372093,0.19448717865573398
dev,A0,0.28,3267,1064,284,4914,0.24567074578619255,0.05463639861485187,0.8289774168992642,0.1979121589933574
dev,A0,0.29,3247,1084,272,4926,0.25028861694758714,0.05232781839168911,0.8272611464968153,0.20079841730861264
dev,A0,0.3,3227,1104,262,4936,0.25490648810898175,0.05040400153905348,0.8253196930946292,0.20378086646649968
dev,A0,0.31,3216,1115,250,4948,0.2574463172477488,0.04809542131589073,0.8249326664101577,0.20510859326478428
dev,A0,0.32,3202,1129,233,4965,0.260678827060725,0.04482493266641016,0.8246201390677311,0.20671535346214628
dev,A0,0.33,3177,1154,220,4978,0.26645116601246827,0.04232397075798384,0.8222049689440993,0.21041936719884718
dev,A0,0.34,3160,1171,210,4988,0.27037635649965364,0.040400153905348214,0.8206726399168939,0.21288230585107729
dev,A0,0.35,3141,1190,203,4995,0.27476333410297854,0.03905348210850327,0.8185016286644952,0.21583587110435973
dev,A0,0.36,3124,1207,194,5004,0.2786885245901639,0.037322046941131205,0.8168388024578376,0.21834690517790573
dev,A0,0.37,3111,1220,189,5009,0.28169014084507044,0.03636013851481339,0.8153584064998034,0.22035764026250615
dev,A0,0.38,3096,1235,180,5018,0.2851535442161164,0.03462870334744132,0.8139871171289602,0.2225223339989476
dev,A0,0.39,3083,1248,170,5028,0.28815516047102285,0.03270488649480569,0.8130274261603375,0.22429259197696857
dev,A0,0.4,3062,1269,160,5038,0.2930039251904872,0.030781069642170065,0.8108036541771482,0.2274482113034079
dev,A0,0.41,3049,1282,151,5047,0.29600554144539365,0.029049634474798,0.8097198247244722,0.22926656470274473
dev,A0,0.42,3034,1297,144,5054,0.2994689448164396,0.02770296267795306,0.8080969503262752,0.23152744928181795
dev,A0,0.43,3010,1321,139,5059,0.3050103902101131,0.026741054251635244,0.8048128342245989,0.23544305622049364
dev,A0,0.44,2992,1339,133,5065,0.30916647425536825,0.025586764140053866,0.8025751072961373,0.23827154672653966
dev,A0,0.45,2974,1357,131,5067,0.3133225583006234,0.02520200076952674,0.7998924152770307,0.24129241891784922
dev,A0,0.46,2953,1378,124,5074,0.3181713230200877,0.0238553289726818,0.7972462203023758,0.24459232450823623
dev,A0,0.47,2937,1394,124,5074,0.32186561994920343,0.0238553289726818,0.7946428571428571,0.24736304720507304
dev,A0,0.48,2917,1414,121,5077,0.326483491110598,0.023278183916891113,0.7916949382548514,0.2506821643121713
dev,A0,0.49,2897,1434,119,5079,0.3311013622719926,0.022893420546363986,0.788621205934395,0.25404937684058543
dev,A0,0.5,2876,1455,114,5084,0.33595012699145693,0.02193151212004617,0.7856850157082366,0.25744547327360423
dev,A0,0.51,2859,1472,110,5088,0.33987531747864236,0.02116198537899192,0.7832876712328767,0.26019698445372974
dev,A0,0.52,2846,1485,105,5093,0.3428769337335488,0.020200076952674107,0.7816533919252953,0.2622077195383301
dev,A0,0.53,2828,1503,102,5096,0.34703301777880396,0.019622931896883418,0.7789560666574852,0.26518049630832385
dev,A0,0.54,2815,1516,98,5100,0.35003463403371043,0.018853405155829166,0.7771949199337382,0.2672393268142401
dev,A0,0.55,2799,1532,97,5101,0.35372893096282615,0.018661023470565603,0.7745952677459527,0.269961954089761
dev,A0,0.56,2782,1549,94,5104,0.3576541214500115,0.018083878414774913,0.7720271957818787,0.2727615606912024
dev,A0,0.57,2762,1569,92,5106,0.36227199261140614,0.017699115044247787,0.7688239387613083,0.27612877321961654
dev,A0,0.58,2754,1577,89,5109,0.364119141075964,0.017121969988457098,0.7677725118483413,0.2773698483040873
dev,A0,0.59,2740,1591,86,5112,0.3673516508889402,0.01654482493266641,0.7656839457873411,0.27964994439987173
dev,A0,0.6,2721,1610,84,5114,0.3717386284922651,0.016160061562139283,0.7626121076233184,0.28284398675973366
dev,A0,0.61,2703,1628,80,5118,0.3758947125375202,0.015390534821085032,0.7599100365476525,0.2857686681084114
dev,A0,0.62,2679,1652,77,5121,0.38143615793119373,0.014813389765294343,0.7560321715817694,0.2897804658897189
dev,A0,0.63,2656,1675,75,5123,0.3867467097667975,0.014428626394767219,0.7521948456527896,0.29366718892378996
dev,A0,0.64,2640,1691,74,5124,0.3904410066959132,0.014236244709503656,0.7494677075940384,0.2963898161993108
dev,A0,0.65,2618,1713,73,5125,0.39552066497344723,0.014043863024240093,0.7456565081173455,0.30015146448614544
dev,A0,0.66,2600,1731,71,5127,0.39967674901870237,0.013659099653712967,0.742644958583262,0.303172336677455
dev,A0,0.67,2584,1747,68,5130,0.40337104594781803,0.013081954597922277,0.7400830588572247,0.30579877311034415
dev,A0,0.68,2570,1761,64,5134,0.40660355576079427,0.012312427856868027,0.7379755922469491,0.3080307737848127
dev,A0,0.69,2554,1777,62,5136,0.4102978526899099,0.0119276644863409,0.7352814164387506,0.31070530563901766
dev,A0,0.7,2537,1794,62,5136,0.41422304317709535,0.0119276644863409,0.7321789321789322,0.3136491985044067
dev,A0,0.71,2511,1820,61,5137,0.42022627568690835,0.011735282801077338,0.727509778357236,0.31810352746545056
dev,A0,0.72,2501,1830,59,5139,0.4225352112676056,0.011350519430550212,0.7258743288347119,0.3197390383083418
dev,A0,0.73,2485,1846,58,5140,0.4262295081967213,0.011158137745286649,0.7230142566191446,0.32246166558386263
dev,A0,0.74,2467,1864,56,5142,0.4303855922419764,0.010773374374759523,0.719871607820251,0.3254825377751722
dev,A0,0.75,2448,1883,55,5143,0.4347725698453013,0.01058099268949596,0.7164179104477612,0.32872467555635
dev,A0,0.76,2429,1902,55,5143,0.4391595474486262,0.01058099268949596,0.7128393250183419,0.33201490875884365
dev,A0,0.77,2406,1925,53,5145,0.44447009928423,0.010196229318968833,0.7086892488954345,0.33590163179291466
dev,A0,0.78,2387,1944,51,5147,0.44885707688755483,0.009811465948441709,0.7052740434332989,0.3390956741527765
dev,A0,0.79,2370,1961,49,5149,0.45278226737474025,0.009426702577914583,0.7022222222222222,0.3419433761755339
dev,A0,0.8,2354,1977,46,5152,0.4564765643038559,0.008849557522123894,0.6994503045609864,0.3445698126084229
dev,A0,0.81,2321,2010,45,5153,0.464096051720157,0.00865717583686033,0.693146184858892,0.3502363327493328
dev,A0,0.82,2297,2034,44,5154,0.4696374971138305,0.008464794151596768,0.6885491606714629,0.35434432137327204
dev,A0,0.83,2263,2068,44,5154,0.4774878780882013,0.008464794151596768,0.681831877071407,0.3602321071040502
dev,A0,0.84,2236,2095,39,5159,0.483722004156084,0.007502885725278953,0.6769603390856797,0.36466722454838274
dev,A0,0.85,2218,2113,39,5159,0.48787808820133916,0.007502885725278953,0.6733454766241651,0.3677842875823241
dev,A0,0.86,2195,2136,38,5160,0.49318864003694296,0.007310504040015391,0.6687995124923827,0.3717191060377111
dev,A0,0.87,2171,2160,38,5160,0.4987300854306165,0.007310504040015391,0.6639143730886851,0.3758751900829662
dev,A0,0.88,2149,2182,36,5162,0.5038097437081506,0.006925740669488265,0.6596071209330878,0.379588742948485
dev,A0,0.89,2123,2208,35,5163,0.5098129762179635,0.006733358984224702,0.6543381106487902,0.3840430719095288
dev,A0,0.9,2074,2257,35,5163,0.5211267605633803,0.006733358984224702,0.6440993788819875,0.39252841016859136
dev,A0,0.91,2041,2290,35,5163,0.5287462479796814,0.006733358984224702,0.6371156547526143,0.3982430257308172
dev,A0,0.92,1993,2338,34,5164,0.5398291387670284,0.006540977298961139,0.6269267065114816,0.4065070984000116
dev,A0,0.93,1948,2383,33,5165,0.5502193488801662,0.006348595613697576,0.6172370088719898,0.414251660563549
dev,A0,0.94,1894,2437,33,5165,0.5626876010159316,0.006348595613697576,0.605305209332055,0.4236028496653731
dev,A0,0.95,1841,2490,33,5165,0.5749249595936273,0.006348595613697576,0.593392425463336,0.43278086859864484
dev,A1,0.01,4250,81,2706,2492,0.018702378203648118,0.5205848403232012,0.7530787631788783,0.14417299373353637
dev,A1,0.02,4158,173,2163,3035,0.03994458554606326,0.4161215852250866,0.7806984603830267,0.13398883546581908
dev,A1,0.03,4087,244,1836,3362,0.056338028169014086,0.3532127741439015,0.7971523307977375,0.13055671466273594
dev,A1,0.04,4028,303,1600,3598,0.06996074809512814,0.30781069642170067,0.8089165578873381,0.1294232351767713
dev,A1,0.05,3960,371,1430,3768,0.08566151004386978,0.275105809926895,0.8147309947536262,0.13302258501462608
dev,A1,0.06,3915,416,1317,3881,0.09605172015700762,0.25336667949211233,0.8187807173481125,0.1353804599907838
dev,A1,0.07,3872,459,1232,3966,0.105980143154006,0.2370142362447095,0.820773714891362,0.13873866642668187
dev,A1,0.08,3847,484,1145,4053,0.11175248210574924,0.22027702962677953,0.8252708355679502,0.13888361898600682
dev,A1,0.09,3817,514,1078,4120,0.11867928884784114,0.20738745671412082,0.827444179492738,0.14085633081441107
dev,A1,0.1,3778,553,1011,4187,0.12768413761256062,0.1944978838014621,0.8285087719298245,0.14438757415978598
dev,A1,0.11,3748,583,941,4257,0.1346109443546525,0.1810311658330127,0.8310421286031042,0.14621599972424257
dev,A1,0.12,3709,622,864,4334,0.14361579311937198,0.16621777606771834,0.8331087151841868,0.14926628885645857
dev,A1,0.13,3681,650,801,4397,0.1500808127453244,0.1540977298961139,0.8353568591852945,0.15108504203302178
dev,A1,0.14,3653,678,747,4451,0.15654583237127684,0.14370911889188148,0.8367884549307066,0.15333665400142799
dev,A1,0.15,3626,705,700,4498,0.16277995843915954,0.13466717968449404,0.8377035924685226,0.15575176375049316
dev,A1,0.16,3594,737,649,4549,0.1701685522973909,0.12485571373605232,0.8383484954513646,0.15884034265705624
dev,A1,0.17,3567,764,602,4596,0.1764026783652736,0.11581377452866487,0.8392941176470589,0.16125545240612144
dev,A1,0.18,3535,796,554,4644,0.18379127222350497,0.10657945363601386,0.8396674584323041,0.16448831757663218
dev,A1,0.19,3511,820,512,4686,0.1893327176171785,0.09849942285494422,0.8405554225520708,0.1666243939266199
dev,A1,0.2,3486,845,483,4715,0.19510505656892171,0.09292035398230089,0.84,0.1695588809222665
dev,A1,0.21,3462,869,453,4745,0.20064650196259523,0.08714890342439399,0.8396798447732233,0.1722721023280449
dev,A1,0.22,3436,895,423,4775,0.20664973447240823,0.08137745286648711,0.8390720390720391,0.17533166407092796
dev,A1,0.23,3418,913,394,4804,0.21080581851766336,0.07579838399384378,0.839494043964141,0.17705395988670847
dev,A1,0.24,3402,929,375,4823,0.21450011544677902,0.0721431319738361,0.839171188949186,0.1789108695785433
dev,A1,0.25,3383,948,356,4842,0.2188870930501039,0.06848787995382839,0.8384138785625774,0.18128728977603503
dev,A1,0.26,3357,974,334,4864,0.22489032555991686,0.06425548287803001,0.8369483919222139,0.18473161488944517
dev,A1,0.27,3345,986,317,4881,0.22766104825675362,0.060984994228549444,0.8369823595646191,0.18599203474970258
dev,A1,0.28,3323,1008,303,4895,0.2327407065342877,0.05829165063485956,0.8352394118386327,0.18912844255943065
dev,A1,0.29,3309,1022,288,4910,0.2359732163472639,0.05540592535590612,0.8347628657921292,0.19083139359942447
dev,A1,0.3,3291,1040,270,4928,0.24012930039251904,0.051943055021161984,0.8340091231626964,0.1930827390496798
dev,A1,0.31,3268,1063,255,4943,0.24543985222812284,0.04905732974220854,0.8321874204227145,0.19634422160664428
dev,A1,0.32,3253,1078,237,4961,0.2489032555991688,0.045594459407464406,0.8318629331287559,0.1980760565512427
dev,A1,0.33,3239,1092,226,4972,0.252135765412145,0.043478260869565216,0.8309389430477168,0.19997138927650004
dev,A1,0.34,3220,1111,211,4987,0.25652274301546985,0.040592535590611774,0.8296830713733574,0.20254019115925534
dev,A1,0.35,3197,1134,203,4995,0.26183329485107365,0.03905348210850327,0.8270598887595395,0.20613834166543105
dev,A1,0.36,3175,1156,188,5010,0.2669129531286077,0.03616775682954983,0.825318429945412,0.20922665405384325
dev,A1,0.37,3149,1182,186,5012,0.2729161856384207,0.0357829934590227,0.8215496999739108,0.21363288759357119
dev,A1,0.38,3127,1204,174,5024,0.2779958439159547,0.033474413235859944,0.8194444444444444,0.21686548624593105
dev,A1,0.39,3110,1221,166,5032,0.28192103440314015,0.03193535975375144,0.8176679374260549,0.21942461574079294
dev,A1,0.4,3094,1237,158,5040,0.2856153313322558,0.03039630627164294,0.8160358697085586,0.22181057506710258
dev,A1,0.41,3072,1259,153,5045,0.2906949896097899,0.029434397845325123,0.8131286394917946,0.2253798416686737
dev,A1,0.42,3046,1285,146,5052,0.29669822211960284,0.028087726048480186,0.8097833311179051,0.22954559810182218
dev,A1,0.43,3025,1306,131,5067,0.30154698683906717,0.02520200076952674,0.8080673166822492,0.23246074032168204
dev,A1,0.44,3013,1318,126,5072,0.3043177095359039,0.024240092343208928,0.8066934404283802,0.23429830523773015
dev,A1,0.45,2991,1340,123,5075,0.309397367813438,0.02366294728741824,0.803492276695769,0.23796376268193306
dev,A1,0.46,2974,1357,119,5079,0.3133225583006234,0.022893420546363986,0.8011853448275862,0.24071527386205854
dev,A1,0.47,2957,1374,112,5086,0.3172477487878088,0.021546748749519045,0.7991891891891892,0.24332249877823636
dev,A1,0.48,2931,1400,109,5089,0.3232509812976218,0.020969603693728356,0.7952787952787953,0.24768063689664843
dev,A1,0.49,2909,1422,106,5092,0.32833063957515585,0.020392458637937667,0.7919956438878301,0.2513460943408513
dev,A1,0.5,2882,1449,103,5095,0.33456476564303855,0.01981531358214698,0.7878622197922361,0.25587740262781566
dev,A1,0.51,2865,1466,98,5100,0.338489956130224,0.018853405155829166,0.7855771867288182,0.2585808183866253
dev,A1,0.52,2836,1495,95,5103,0.3451858693142461,0.018276260100038477,0.7810520517763702,0.2634584670106942
dev,A1,0.53,2818,1513,92,5106,0.34934195335950124,0.017699115044247787,0.7783455323850297,0.2664312437806879
dev,A1,0.54,2808,1523,89,5109,0.3516508889401986,0.017121969988457098,0.7769784172661871,0.2680186592022632
dev,A1,0.55,2788,1543,83,5115,0.35626876010159314,0.01596767987687572,0.7742293807275756,0.27119349004541377
dev,A1,0.56,2774,1557,83,5115,0.3595012699145694,0.01596767987687572,0.771841958820256,0.27361787240514596
dev,A1,0.57,2753,1578,82,5116,0.3643500346340337,0.015775298191612157,0.7683505442366731,0.2772063505234283
dev,A1,0.58,2728,1603,80,5118,0.37012237358577693,0.015390534821085032,0.7642526964560863,0.281439413894604
dev,A1,0.59,2708,1623,77,5121,0.37474024474717155,0.014813389765294343,0.7611017425519955,0.2847585310017023
dev,A1,0.6,2681,1650,74,5124,0.38097437081505425,0.014236244709503656,0.7567033587355348,0.2892898392886666
dev,A1,0.61,2666,1665,73,5125,0.3844377741861002,0.014043863024240093,0.7541725601131541,0.29183929639563516
dev,A1,0.62,2640,1691,70,5128,0.3904410066959132,0.013466717968449404,0.749893481039625,0.29619743451404723
dev,A1,0.63,2617,1714,65,5133,0.39575155853151694,0.012504809542131588,0.7463282475402824,0.2999398712841706
dev,A1,0.64,2593,1738,63,5135,0.40129300392519046,0.012120046171604464,0.7422355803635323,0.30399976448679394
dev,A1,0.65,2572,1759,61,5137,0.4061417686446548,0.011735282801077338,0.7386559448592763,0.3075401471837604
dev,A1,0.66,2548,1783,59,5139,0.4116832140383283,0.011350519430550212,0.7345056212164889,0.3116000403863838
dev,A1,0.67,2536,1795,55,5143,0.41445393673516506,0.01058099268949596,0.7327362034094193,0.3134857007237478
dev,A1,0.68,2510,1821,55,5143,0.42045716924497806,0.01058099268949596,0.7279582366589327,0.3179881251061075
dev,A1,0.69,2492,1839,54,5144,0.4246132532902332,0.010388611004232396,0.7247346226552276,0.321057092718733
dev,A1,0.7,2478,1853,52,5146,0.42784576310320943,0.010003847633705272,0.7223436816790555,0.32338528423583335
dev,A1,0.71,2456,1875,50,5148,0.43292542138074347,0.009619084263178146,0.7184437618838672,0.3270988371013521
dev,A1,0.72,2438,1893,49,5149,0.4370815054259986,0.009426702577914583,0.7151657377530067,0.3301678047139776
dev,A1,0.73,2414,1917,46,5152,0.4426229508196721,0.008849557522123894,0.7109409512590192,0.33417960249528506
dev,A1,0.74,2399,1932,44,5154,0.44608635419071807,0.008464794151596768,0.7082964275169766,0.33668096418093774
dev,A1,0.75,2378,1953,42,5156,0.4509351189101824,0.008080030781069641,0.7044882239668198,0.3402213468779042
dev,A1,0.76,2362,1969,41,5157,0.45462941583929806,0.007887649095806078,0.7015147015147015,0.34294397415342504
dev,A1,0.77,2336,1995,38,5160,0.46063264834911105,0.007310504040015391,0.696793437733035,0.34730211227183716
dev,A1,0.78,2310,2021,38,5160,0.46663588085892405,0.007310504040015391,0.6917203174127864,0.35180453665419686
dev,A1,0.79,2285,2046,38,5160,0.4724082198106673,0.007310504040015391,0.686804929365795,0.35613379086800434
dev,A1,0.8,2273,2058,35,5163,0.47517894250750403,0.006733358984224702,0.6847416779635487,0.35806754662668416
dev,A1,0.81,2249,2082,34,5164,0.48072038790117755,0.006540977298961139,0.6800725733293015,0.3621755352506234
dev,A1,0.82,2222,2109,33,5165,0.48695451396906025,0.006348595613697576,0.6747646522927422,0.36680303438021955
dev,A1,0.83,2198,2133,32,5166,0.49249595936273377,0.0061562139284340135,0.6700198140527359,0.3709110230041588
dev,A1,0.84,2165,2166,32,5166,0.5001154467790349,0.0061562139284340135,0.663296568627451,0.37662563856638465
dev,A1,0.85,2136,2195,30,5168,0.506811359963057,0.005771450557906887,0.6575342465753424,0.3815513826117695
dev,A1,0.86,2108,2223,30,5168,0.5132763795890095,0.005771450557906887,0.6517236048848354,0.3864001473312339
dev,A1,0.87,2081,2250,29,5169,0.5195105056568922,0.005579068872643324,0.6461729545101692,0.39102764646082994
dev,A1,0.88,2050,2281,29,5169,0.5266682059570538,0.005579068872643324,0.6396255850234009,0.39639592168595117
dev,A1,0.89,2022,2309,29,5169,0.5331332255830062,0.005579068872643324,0.6336571607646506,0.4012446864054155
dev,A1,0.9,1989,2342,26,5172,0.5407527129993073,0.005001923816852636,0.6268515600378191,0.4068150157036936
dev,A1,0.91,1945,2386,25,5173,0.5509120295543755,0.004809542131589073,0.6173623234407237,0.41438640769867885
dev,A1,0.92,1902,2429,24,5174,0.5608404525513738,0.00461716044632551,0.6079590858238773,0.4217846295251117
dev,A1,0.93,1838,2493,24,5174,0.5756176402678366,0.00461716044632551,0.5935733893105118,0.4328675203124588
dev,A1,0.94,1762,2569,24,5174,0.593165550681136,0.00461716044632551,0.5760993951283309,0.44602845312243333
dev,A1,0.95,1700,2631,24,5174,0.6074809512814593,0.00461716044632551,0.5615194054500413,0.45676500357267585
dev,A2,0.01,4257,74,2827,2371,0.01708612329716001,0.5438630242400924,0.7458607095926413,0.1487803485328931
dev,A2,0.02,4178,153,2297,2901,0.03532671438466867,0.441900731050404,0.773274106977605,0.1369702185511025
dev,A2,0.03,4115,216,1959,3239,0.04987300854306165,0.37687572143131975,0.7909658817876021,0.13162368676512617
dev,A2,0.04,4048,283,1720,3478,0.06534287693373354,0.3308964986533282,0.8016635310426775,0.1317312823636322
dev,A2,0.05,4002,329,1545,3653,0.07596398060494113,0.2972297037322047,0.8102854828912736,0.131280411386757
dev,A2,0.06,3961,370,1422,3776,0.08543061648580004,0.27356675644478645,0.8155239859995882,0.13246465147554665
dev,A2,0.07,3919,412,1324,3874,0.0951281459247287,0.2547133512889573,0.8186755796950073,0.13502444726578583
dev,A2,0.08,3892,439,1240,3958,0.1013622719926114,0.238553289726818,0.8225721230053894,0.13566002642616304
dev,A2,0.09,3860,471,1178,4020,0.10875086585084276,0.2266256252404771,0.8239940228412851,0.13821955569825134
dev,A2,0.1,3825,506,1100,4098,0.11683214038328331,0.2116198537899192,0.8264909248055315,0.14052906873494228
dev,A2,0.11,3798,533,1032,4166,0.12306626645116601,0.1985378991919969,0.8291671214932868,0.14193417463637373
dev,A2,0.12,3760,571,961,4237,0.13184022165781575,0.18487879953828396,0.830755634114008,0.1450998661279328
dev,A2,0.13,3733,598,899,4299,0.13807434772569846,0.17295113505194307,0.8329800290081446,0.1467935445572596
dev,A2,0.14,3701,630,844,4354,0.1454629415839298,0.1623701423624471,0.8339342045966651,0.14968974177855912
dev,A2,0.15,3677,654,808,4390,0.15100438697760332,0.15544440169295884,0.8341651542649727,0.1521143906564422
dev,A2,0.16,3647,684,757,4441,0.15793119371969522,0.14563293574451713,0.8350314825414997,0.1548566292259007
dev,A2,0.17,3621,710,708,4490,0.16393442622950818,0.13620623316660255,0.8362586605080832,0.15700237796378178
dev,A2,0.18,3591,740,656,4542,0.17086123297160008,0.12620238553289725,0.8372581021217067,0.1596965211119244
dev,A2,0.19,3559,772,604,4594,0.17824982682983145,0.116198537899192,0.8380032964445491,0.16273700459717158
dev,A2,0.2,3533,798,564,4634,0.18425305933964442,0.10850327048864948,0.8383958234456573,0.1653156121268957
dev,A2,0.21,3511,820,531,4667,0.1893327176171785,0.1021546748749519,0.8386480353517258,0.16753820693162183
dev,A2,0.22,3498,833,499,4699,0.19233433387208496,0.09599846094651789,0.840057636887608,0.16825036564069318
dev,A2,0.23,3474,857,472,4726,0.19787577926575847,0.0908041554444017,0.83943457774556,0.17110787331041927
dev,A2,0.24,3460,871,453,4745,0.2011082890787347,0.08714890342439399,0.8393983503153809,0.17261844266514953
dev,A2,0.25,3439,892,431,4767,0.20595705379819904,0.08291650634859561,0.8386782099743934,0.17519691693579817
dev,A2,0.26,3426,905,411,4787,0.2089586700531055,0.07906887264332435,0.8388834476003918,0.17648622070066022
dev,A2,0.27,3407,924,390,4808,0.21334564765643038,0.07502885725278953,0.8383366141732284,0.17876645005552017
dev,A2,0.28,3390,941,367,4831,0.21727083814361578,0.07060407849172759,0.8382789317507419,0.18060414823064372
dev,A2,0.29,3368,963,346,4852,0.22235049642114985,0.06656406310119277,0.8372902423865756,0.1834038880911606
dev,A2,0.3,3355,976,329,4869,0.22535211267605634,0.0632935744517122,0.8371802869619464,0.1848374781199703
dev,A2,0.31,3336,995,313,4885,0.2297390902793812,0.06021546748749519,0.8360902255639098,0.18735818458140968
dev,A2,0.32,3315,1016,303,4895,0.23458785499884552,0.05829165063485956,0.8340671782614165,0.19051380390784903
dev,A2,0.33,3302,1029,292,4906,0.23758947125375202,0.05617545209696037,0.8333123028391167,0.1922359664645541
dev,A2,0.34,3288,1043,274,4924,0.24082198106672822,0.052712581762216236,0.8331432915241354,0.19379463124060023
dev,A2,0.35,3264,1067,258,4940,0.24636342646040174,0.04963447479799923,0.8312746720998344,0.1971811885448011
dev,A2,0.36,3240,1091,247,4951,0.2519048718540753,0.04751827626010004,0.8288564850345357,0.20080822295558148
dev,A2,0.37,3222,1109,233,4965,0.2560609558993304,0.04482493266641016,0.8276393526843052,0.20325195009110036
dev,A2,0.38,3207,1124,220,4978,0.25952435927037637,0.04232397075798384,0.8267594740912606,0.20522426214227824
dev,A2,0.39,3191,1140,210,4988,0.26321865619949203,0.040400153905348214,0.8254009311950337,0.20751403062595608
dev,A2,0.4,3181,1150,200,4998,0.2655275917801893,0.038476337052712584,0.8249481327800829,0.20876477809832011
dev,A2,0.41,3154,1177,193,5005,0.271761717848072,0.03712966525586764,0.8215681166970565,0.21310370470002094
dev,A2,0.42,3133,1198,186,5012,0.27661048256753634,0.0357829934590227,0.8190849673202615,0.21640361029040792
dev,A2,0.43,3118,1213,178,5020,0.2800738859385823,0.034243939976914196,0.817621607447227,0.21861639944816527
dev,A2,0.44,3107,1224,167,5031,0.28261371507734934,0.032127741439015006,0.8170940170940171,0.21999222166776575
dev,A2,0.45,3086,1245,154,5044,0.28746247979681366,0.029626779530588686,0.8152159556201295,0.2230035547302574
dev,A2,0.46,3068,1263,149,5049,0.2916185638420688,0.028664871104270875,0.81293057763646,0.22588014065761933
dev,A2,0.47,3054,1277,144,5054,0.29485107365504504,0.02770296267795306,0.8112631159516536,0.22806404591077203
dev,A2,0.48,3027,1304,137,5061,0.30108519972292774,0.026356290881108118,0.8077384923282188,0.23240297251247283
dev,A2,0.49,3005,1326,135,5063,0.3061648580004618,0.025971527510580992,0.8044438495515995,0.23611652537799158
dev,A2,0.5,2990,1341,132,5066,0.30962826137150773,0.025394382454790303,0.802361465181806,0.23856979164232836
dev,A2,0.51,2968,1363,127,5071,0.31470791964904177,0.02443247402847249,0.7993536224077565,0.24213905824389945
dev,A2,0.52,2938,1393,118,5080,0.32163472639113366,0.022701038861100423,0.7954514687965345,0.24690130450862535
dev,A2,0.53,2919,1412,117,5081,0.32602170399445857,0.02250865717583686,0.7924528301886793,0.2501434422898031
dev,A2,0.54,2890,1441,112,5086,0.3327176171784807,0.021546748749519045,0.788217646256648,0.2549249000712403
dev,A2,0.55,2867,1464,111,5087,0.3380281690140845,0.021354367064255482,0.7845122451771788,0.25885971852662726
dev,A2,0.56,2853,1478,104,5094,0.34126067882706074,0.020007695267410544,0.7829308452250274,0.2609474329371482
dev,A2,0.57,2837,1494,102,5096,0.3449549757561764,0.019622931896883418,0.7804676753782669,0.2636219647913532
dev,A2,0.58,2820,1511,99,5099,0.3488801662433618,0.01904578684109273,0.7779310344827586,0.26642157139279454
dev,A2,0.59,2798,1533,96,5102,0.35395982452089586,0.01846864178530204,0.7745328719723183,0.27008702883699737
dev,A2,0.6,2778,1553,94,5104,0.3585776956822905,0.018083878414774913,0.7713452728029988,0.27345424136541163
dev,A2,0.61,2757,1574,91,5107,0.3634264604017548,0.017506733358984224,0.7680735478478897,0.2769465286410622
dev,A2,0.62,2735,1596,86,5112,0.36850611867928884,0.01654482493266641,0.764821029082774,0.28051579524263326
dev,A2,0.63,2716,1615,84,5114,0.3728930962826137,0.016160061562139283,0.7617444958631328,0.2837098376024951
dev,A2,0.64,2696,1635,84,5114,0.3775109674440083,0.016160061562139283,0.7582618478413725,0.2871732409735411
dev,A2,0.65,2677,1654,81,5117,0.38189794504733315,0.015582916506348595,0.7552546198335449,0.290319187912087
dev,A2,0.66,2649,1682,81,5117,0.3883629646732856,0.015582916506348595,0.750318651749044,0.2951679526315514
dev,A2,0.67,2634,1697,78,5120,0.3918263680443316,0.015005771450557906,0.7479767144682664,0.29762121889588816
dev,A2,0.68,2607,1724,71,5127,0.3980604941122143,0.013659099653712967,0.7439006991011556,0.3019601454975889
dev,A2,0.69,2587,1744,70,5128,0.40267836527360884,0.013466717968449404,0.7404121350887235,0.305375453447319
dev,A2,0.7,2562,1769,66,5132,0.4084507042253521,0.012697191227395151,0.7363126886046846,0.3095123259758629
dev,A2,0.71,2547,1784,62,5136,0.41191410759639807,0.0119276644863409,0.7340057636887608,0.31191749681888375
dev,A2,0.72,2527,1804,61,5137,0.41653197875779263,0.011735282801077338,0.7304523775112011,0.3153328047686138
dev,A2,0.73,2504,1827,60,5138,0.42184253059339644,0.011542901115813775,0.7263234227701233,0.31926762322400076
dev,A2,0.74,2487,1844,58,5140,0.42576772108058186,0.011158137745286649,0.7233856893542757,0.32211532524675807
dev,A2,0.75,2468,1863,54,5144,0.4301546986839067,0.010388611004232396,0.7202684955493944,0.32521317676398814
dev,A2,0.76,2442,1889,53,5145,0.4361579311937197,0.010196229318968833,0.7154995605039555,0.329667505725032
dev,A2,0.77,2428,1903,50,5148,0.4393904410066959,0.009619084263178146,0.7131737406373917,0.3319476018208164
dev,A2,0.78,2410,1921,50,5148,0.443546525051951,0.009619084263178146,0.7097629215137682,0.33506466485475783
dev,A2,0.79,2385,1946,47,5151,0.4493188640036943,0.009041939207387457,0.705308295135295,0.3392496328046176
dev,A2,0.8,2367,1964,44,5154,0.45347494804894944,0.008464794151596768,0.7021655295164639,0.34222240957461125
dev,A2,0.81,2343,1988,42,5156,0.45901639344262296,0.008080030781069641,0.697736748064324,0.3462823027772346
dev,A2,0.82,2321,2010,39,5159,0.464096051720157,0.007502885725278953,0.6937677477208191,0.3499477602214375
dev,A2,0.83,2299,2032,38,5160,0.46917570999769104,0.007310504040015391,0.6895620875824835,0.35370940850827215
dev,A2,0.84,2266,2065,38,5160,0.4767951974139921,0.007310504040015391,0.6830444611906556,0.35942402407049795
dev,A2,0.85,2237,2094,36,5162,0.4834911105980143,0.006925740669488265,0.6774682010902483,0.3643497681158828
dev,A2,0.86,2208,2123,36,5162,0.4901870237820365,0.006925740669488265,0.6716349809885932,0.36937170300389943
dev,A2,0.87,2180,2151,34,5164,0.4966520434079889,0.006540977298961139,0.666157372039725,0.37412427688073197
dev,A2,0.88,2143,2188,33,5165,0.505195105056569,0.006348595613697576,0.6586752727831566,0.3804834776958511
dev,A2,0.89,2109,2222,32,5166,0.5130454860309397,0.0061562139284340135,0.6517305315203955,0.38632316800531324
dev,A2,0.9,2078,2253,31,5167,0.5202031863311014,0.00596383224317045,0.6453416149068323,0.3916433478091187
dev,A2,0.91,2042,2289,29,5169,0.5285153544216117,0.005579068872643324,0.6379256482349266,0.3977812830343696
dev,A2,0.92,2008,2323,28,5170,0.5363657353959824,0.005386687187379761,0.6307523166326371,0.4036209733438318
dev,A2,0.93,1958,2373,28,5170,0.547910413299469,0.005386687187379761,0.6199145163843597,0.4122794817714467
dev,A2,0.94,1886,2445,27,5171,0.5645347494804895,0.005194305502116198,0.604099935938501,0.4246996384858962
dev,A2,0.95,1813,2518,26,5172,0.5813899792195798,0.005001923816852636,0.5876823338735818,0.437292965368898
dev,A3,0.01,4254,77,2736,2462,0.0177788039713692,0.5263562908811081,0.751523716986132,0.14492317569880392
dev,A3,0.02,4164,167,2190,3008,0.03855922419764488,0.42131589072720277,0.7794103883949461,0.13424839083003437
dev,A3,0.03,4094,237,1861,3337,0.054721773262525975,0.3580223162754906,0.7960334435154579,0.13054690901576713
dev,A3,0.04,4031,300,1632,3566,0.06926806742091896,0.3139669103501347,0.8066840104062437,0.1304427781532229
dev,A3,0.05,3973,358,1464,3734,0.08265989378896328,0.2816467872258561,0.8134725634725635,0.1324066171481865
dev,A3,0.06,3922,409,1343,3855,0.0944354652505195,0.258368603308965,0.8174239266360984,0.13541874976513088
dev,A3,0.07,3880,451,1249,3949,0.10413299468944816,0.24028472489419006,0.8202959830866807,0.13817092724063362
dev,A3,0.08,3851,480,1159,4039,0.11082890787347033,0.22297037322046942,0.8245369874745745,0.1388642742102201
dev,A3,0.09,3823,508,1096,4102,0.11729392749942276,0.21085032704886494,0.8265945945945946,0.14068302738678332
dev,A3,0.1,3791,540,1038,4160,0.12468252135765412,0.1996921893035783,0.8277292576419214,0.14343493834413518
dev,A3,0.11,3763,568,965,4233,0.13114754098360656,0.1856483262793382,0.8307760238436913,0.14477273730753948
dev,A3,0.12,3721,610,886,4312,0.14084507042253522,0.17045017314351674,0.8326247482658313,0.1482463461027806
dev,A3,0.13,3692,639,828,4370,0.14754098360655737,0.1592920353982301,0.8342560162693481,0.15047874655447555
dev,A3,0.14,3662,669,763,4435,0.15446779034864927,0.1467872258560985,0.836455002284148,0.15254764922551156
dev,A3,0.15,3639,692,725,4473,0.15977834218425305,0.13947672181608312,0.8370327774583094,0.15470293709221056
dev,A3,0.16,3607,724,675,4523,0.16716693604248442,0.12985763755290497,0.8375711134331824,0.15783961142008957
dev,A3,0.17,3588,743,624,4574,0.17155391364580927,0.12004617160446325,0.8399859534121503,0.15867697813547277
dev,A3,0.18,3555,776,568,4630,0.17917340106211035,0.10927279722970373,0.8410220014194464,0.1616982501040087
dev,A3,0.19,3528,803,521,4677,0.18540752712999306,0.10023085802231628,0.8420047732696897,0.16411335985307385
dev,A3,0.2,3502,829,500,4698,0.19141075963980606,0.09619084263178146,0.8405136205448218,0.1676057803877999
dev,A3,0.21,3478,853,467,4731,0.19695220503347957,0.08984224701808388,0.8405026582890285,0.17017471552963065
dev,A3,0.22,3460,871,433,4765,0.2011082890787347,0.08330126971912274,0.8414396887159533,0.17165653423883173
dev,A3,0.23,3437,894,404,4794,0.2064188409143385,0.07772220084647942,0.8411649534997553,0.17424468089737372
dev,A3,0.24,3420,911,386,4812,0.21034403140152388,0.07425933051173528,0.8406046454467249,0.17632285617907673
dev,A3,0.25,3405,926,367,4831,0.21380743477256983,0.07060407849172759,0.8404294705664569,0.17800659570235927
dev,A3,0.26,3382,949,343,4855,0.21911798660817364,0.06598691804540208,0.839622641509434,0.18083521946748077
dev,A3,0.27,3364,967,327,4871,0.22327407065342877,0.06290881108118507,0.8386935926202942,0.18318275576036785
dev,A3,0.28,3344,987,314,4884,0.22789194181482336,0.06040784917275875,0.8371510827387658,0.18602091865430723
dev,A3,0.29,3329,1002,294,4904,0.2313553451858693,0.0565602154674875,0.8370631128991702,0.18765656275627385
dev,A3,0.3,3310,1021,276,4922,0.2357423227891942,0.05309734513274336,0.8361753189339396,0.19008107837508148
dev,A3,0.31,3290,1041,263,4935,0.24036019395058877,0.050596383224317046,0.8346017250126839,0.19291924126902082
dev,A3,0.32,3273,1058,247,4951,0.24428538443777417,0.04751827626010004,0.8337791364157432,0.19509360739335566
dev,A3,0.33,3258,1073,235,4963,0.24774878780882012,0.04520969603693728,0.8328220858895705,0.1971140148658494
dev,A3,0.34,3237,1094,218,4980,0.2525975525282845,0.04193920738745671,0.8314924222964295,0.19993296624307755
dev,A3,0.35,3212,1119,209,4989,0.2583698914800277,0.04020777222008465,0.8286893704850361,0.20382936166504195
dev,A3,0.36,3192,1139,195,5003,0.2629877626414223,0.037514428626394765,0.827157294635916,0.20661942913766543
dev,A3,0.37,3160,1171,189,5009,0.27037635649965364,0.03636013851481339,0.8229166666666666,0.21187230200344356
dev,A3,0.38,3145,1186,178,5020,0.2738397598706996,0.034243939976914196,0.8217925267833812,0.21394080489725323
dev,A3,0.39,3128,1203,171,5027,0.277764950357885,0.03289726818006926,0.8199213630406291,0.21654802981343108
dev,A3,0.4,3117,1214,163,5035,0.28030477949665206,0.031358214697960754,0.8190776507686244,0.21806813829697924
dev,A3,0.41,3096,1235,159,5039,0.2851535442161164,0.030588687956906502,0.8162404429211706,0.2215123301513139
dev,A3,0.42,3073,1258,155,5043,0.29046409605172013,0.02981916121585225,0.8130705119724831,0.22530286234275315
dev,A3,0.43,3053,1278,139,5059,0.29508196721311475,0.026741054251635244,0.8116442908414196,0.22799673897274486
dev,A3,0.44,3039,1292,133,5065,0.298314477026091,0.025586764140053866,0.8100759696121551,0.2301325488045817
dev,A3,0.45,3013,1318,128,5070,0.3043177095359039,0.024624855713736054,0.8064775160599572,0.23439449608036195
dev,A3,0.46,3000,1331,122,5076,0.30731932579081045,0.023470565602154676,0.8050449483429492,0.2363571357436465
dev,A3,0.47,2980,1351,115,5083,0.311937196952205,0.022123893805309734,0.8025855103689739,0.2394838711654812
dev,A3,0.48,2956,1375,111,5087,0.3174786423458785,0.021354367064255482,0.7991349013246823,0.24344757352547278
dev,A3,0.49,2936,1395,108,5090,0.32209651350727314,0.020777222008464793,0.7962033898305084,0.24676669063257106
dev,A3,0.5,2914,1417,106,5092,0.3271761717848072,0.020392458637937667,0.7928173037681948,0.2504802434980898
dev,A3,0.51,2895,1436,102,5096,0.3315631493881321,0.019622931896883418,0.7901200873362445,0.2535780950153199
dev,A3,0.52,2856,1475,100,5098,0.34056799815285155,0.019238168526356292,0.7838616714697406,0.26023554074622773
dev,A3,0.53,2841,1490,96,5102,0.3440314015238975,0.01846864178530204,0.7817831590533847,0.2626407115892486
dev,A3,0.54,2829,1502,93,5105,0.34680212422073425,0.01789149672951135,0.7800909968288984,0.26457446734792855
dev,A3,0.55,2802,1529,86,5112,0.35303625028861696,0.01654482493266641,0.7762848039894722,0.2689133939496294
dev,A3,0.56,2784,1547,84,5114,0.3571923343338721,0.016160061562139283,0.7734407556605084,0.2719342661409389
dev,A3,0.57,2763,1568,83,5115,0.3620410990533364,0.01596767987687572,0.769959593144768,0.27552274425922124
dev,A3,0.58,2742,1589,81,5117,0.36688986377280075,0.015582916506348595,0.7665641599105396,0.2790631269561877
dev,A3,0.59,2720,1611,78,5120,0.3719695220503348,0.015005771450557906,0.7630803759293029,0.28272858440039056
dev,A3,0.6,2698,1633,75,5123,0.3770491803278688,0.014428626394767219,0.7595720720720721,0.28639404184459344
dev,A3,0.61,2682,1649,74,5124,0.38074347725698454,0.014236244709503656,0.7568787921546494,0.28911666912011436
dev,A3,0.62,2663,1668,70,5128,0.3851304548603094,0.013466717968449404,0.7539637599093998,0.2922145206373444
dev,A3,0.63,2636,1695,66,5132,0.3913645809281921,0.012697191227395151,0.7496089862078772,0.2966977335029929
dev,A3,0.64,2608,1723,64,5134,0.3978296005541445,0.012312427856868027,0.744823647008425,0.3014503073798254
dev,A3,0.65,2584,1747,62,5136,0.40337104594781803,0.0119276644863409,0.7407195069514118,0.30551020058244877
dev,A3,0.66,2559,1772,60,5138,0.4091433848995613,0.011542901115813775,0.7364028776978417,0.3097432639536244
dev,A3,0.67,2542,1789,55,5143,0.4130685753867467,0.01058099268949596,0.7338337182448037,0.312446679712434
dev,A3,0.68,2514,1817,55,5143,0.41953359501269916,0.01058099268949596,0.7286956521739131,0.3172954444318984
dev,A3,0.69,2500,1831,54,5144,0.42276610482567534,0.010388611004232396,0.7262164124909223,0.31967173137031457
dev,A3,0.7,2486,1845,52,5146,0.4259986146386516,0.010003847633705272,0.7238317076721502,0.32199992288741497
dev,A3,0.71,2469,1862,50,5148,0.429923805125837,0.009619084263178146,0.7208759124087591,0.3248476249101723
dev,A3,0.72,2448,1883,49,5149,0.4347725698453013,0.009426702577914583,0.7170474516695958,0.32843610302845466
dev,A3,0.73,2426,1905,47,5151,0.43985222812283536,0.009041939207387457,0.7131099353321576,0.3321496558939734
dev,A3,0.74,2408,1923,44,5154,0.4440083121680905,0.008464794151596768,0.7100103199174407,0.3351224326639671
dev,A3,0.75,2383,1948,43,5155,0.44978065111983373,0.008272412466333205,0.705342607666124,0.3394035914564586
dev,A3,0.76,2368,1963,41,5157,0.4532440544908797,0.007887649095806078,0.7026706231454006,0.3419049531421113
dev,A3,0.77,2346,1985,38,5160,0.45832371276841377,0.007310504040015391,0.6987341772151898,0.3455704105863142
dev,A3,0.78,2322,2009,38,5160,0.4638651581620873,0.007310504040015391,0.6940666567030339,0.34972649463156935
dev,A3,0.79,2300,2031,38,5160,0.4689448164396213,0.007310504040015391,0.6897585844954266,0.35353623833971987
dev,A3,0.8,2285,2046,35,5163,0.4724082198106673,0.006733358984224702,0.687114719591039,0.35598950460405665
dev,A3,0.81,2263,2068,34,5164,0.4774878780882013,0.006540977298961139,0.6828605914302958,0.35975115289089127
dev,A3,0.82,2240,2091,33,5165,0.4827984299238051,0.006348595613697576,0.6783767413688674,0.3636859713462782
dev,A3,0.83,2210,2121,32,5166,0.489725236665897,0.0061562139284340135,0.6724478928951773,0.3688329809815312
dev,A3,0.84,2181,2150,32,5166,0.4964211498499192,0.0061562139284340135,0.6665647921760391,0.3738549158695479
dev,A3,0.85,2150,2181,31,5167,0.5035788501500809,0.00596383224317045,0.6603194103194103,0.3791750956733533
dev,A3,0.86,2115,2216,31,5167,0.5116601246825213,0.00596383224317045,0.6530801296896711,0.38523605157268365
dev,A3,0.87,2090,2241,29,5169,0.5174324636342646,0.005579068872643324,0.648062015503876,0.38946911494385933
dev,A3,0.88,2061,2270,29,5169,0.5241283768182867,0.005579068872643324,0.6419560816072263,0.3944910498318759
dev,A3,0.89,2029,2302,29,5169,0.5315169706765182,0.005579068872643324,0.6351541712318046,0.40003249522554946
dev,A3,0.9,2001,2330,26,5172,0.5379819903024705,0.005001923816852636,0.6294432211387229,0.40473697368106604
dev,A3,0.91,1957,2374,25,5173,0.5481413068575387,0.004809542131589073,0.6199904958023127,0.4123083656760513
dev,A3,0.92,1909,2422,24,5174,0.5592241976448857,0.00461716044632551,0.609514687100894,0.42057243834524566
dev,A3,0.93,1847,2484,24,5174,0.573539598245209,0.00461716044632551,0.5956143179619477,0.43130898879548807
dev,A3,0.94,1774,2557,24,5174,0.5903948279842992,0.00461716044632551,0.5788872573013543,0.44395041109980576
dev,A3,0.95,1710,2621,24,5174,0.605172015700762,0.00461716044632551,0.5638911788953009,0.4550333018871528
dev,A4,0.01,4260,71,2850,2348,0.01639344262295082,0.5482878030011543,0.7446901494624596,0.14936703271750168
dev,A4,0.02,4181,150,2313,2885,0.03463403371045948,0.444978838014621,0.7724711316397229,0.13722023478649986
dev,A4,0.03,4120,211,1976,3222,0.048718540752713,0.3801462100808003,0.7902560659825453,0.1315754580847348
dev,A4,0.04,4055,276,1738,3460,0.06372662202724544,0.33435936898807234,0.8010667720268668,0.13138480876745218
dev,A4,0.05,4008,323,1562,3636,0.07457861925652275,0.30050019238168524,0.8096151903848097,0.13105901253781338
dev,A4,0.06,3968,363,1445,3753,0.08381436157931194,0.2779915352058484,0.8144499178981938,0.13235865498594607
dev,A4,0.07,3923,408,1339,3859,0.09420457169244978,0.25759907656791076,0.8178880433649536,0.13505319791131504
dev,A4,0.08,3898,433,1251,3947,0.09997691064419302,0.2406694882647172,0.8223628691983123,0.13515005504932406
dev,A4,0.09,3862,469,1189,4009,0.1082890787347033,0.2287418237783763,0.8232786186314218,0.13840226499562155
dev,A4,0.1,3831,500,1115,4083,0.11544677903486493,0.21450557906887263,0.8259135496388919,0.14021147904336684
dev,A4,0.11,3802,529,1052,4146,0.12214269221888709,0.20238553289726818,0.8278715296679369,0.14220340238848236
dev,A4,0.12,3767,564,974,4224,0.13022396675132764,0.18737976144671029,0.8304673721340388,0.1445129154251733
dev,A4,0.13,3735,596,912,4286,0.13761256060955898,0.17545209696036937,0.8320338605480062,0.14707244469726158
dev,A4,0.14,3708,623,857,4341,0.1438466866774417,0.16487110427087343,0.8336330935251799,0.1491027910757996
dev,A4,0.15,3681,650,821,4377,0.1500808127453244,0.15794536360138514,0.8334654137891996,0.15204695045933958
dev,A4,0.16,3655,676,772,4426,0.1560840452551374,0.14851866102347056,0.8346654487325873,0.15419269919722067
dev,A4,0.17,3628,703,720,4478,0.1623181713230201,0.1385148133897653,0.8360410185505243,0.1563673318397064
dev,A4,0.18,3599,732,665,4533,0.16901408450704225,0.12793382070026935,0.8374636416521233,0.15874401855534903
dev,A4,0.19,3567,764,616,4582,0.1764026783652736,0.11850711812235475,0.8379140239605356,0.16192878830454388
dev,A4,0.2,3543,788,575,4623,0.1819441237589471,0.11061946902654868,0.8386791336252811,0.16411296007584752
dev,A4,0.21,3519,812,540,4658,0.18748556915262063,0.10388611004232397,0.8388557806912992,0.16658570437504647
dev,A4,0.22,3505,826,509,4689,0.19071807896559687,0.09792227779915352,0.8400239664469742,0.16751912867398602
dev,A4,0.23,3480,851,480,4718,0.1964904179173401,0.0923432089265102,0.8394644795561452,0.1704536156696326
dev,A4,0.24,3468,863,455,4743,0.19926114061417685,0.08753366679492113,0.8403198449236734,0.17132927215936292
dev,A4,0.25,3450,881,432,4766,0.203417224659432,0.08310888803385917,0.8401314988432972,0.17334014050303878
dev,A4,0.26,3440,891,412,4786,0.2057261602401293,0.07926125432858792,0.8407674447024319,0.17410993376224396
dev,A4,0.27,3424,907,395,4803,0.20942045716924498,0.07599076567910736,0.8402453987730061,0.17606303429671058
dev,A4,0.28,3409,922,373,4825,0.21288386054029093,0.07175836860330896,0.8403796376186368,0.17760248755604544
dev,A4,0.29,3389,942,354,4844,0.21750173170168552,0.06810311658330127,0.8394847659152836,0.18015207792208945
dev,A4,0.3,3378,953,338,4860,0.22004156084045254,0.06502500961908426,0.8395675406983969,0.18128742303511047
dev,A4,0.31,3355,976,322,4876,0.22535211267605634,0.061946902654867256,0.8379120879120879,0.18450081017075906
dev,A4,0.32,3335,996,310,4888,0.22996998383745093,0.0596383224317045,0.8362587763289869,0.18738706848601433
dev,A4,0.33,3317,1014,298,4900,0.23412606788270607,0.05732974220854175,0.8348854769695444,0.18992698646416498
dev,A4,0.34,3301,1030,281,4917,0.23782036481182176,0.054059253559061174,0.8343232655124478,0.1918800869986316
dev,A4,0.35,3276,1055,262,4936,0.24359270376356498,0.05040400153905348,0.8326343881052231,0.1952955282074371
dev,A4,0.36,3254,1077,249,4949,0.24867236204109905,0.04790303963062716,0.8307378095481236,0.19848003143848106
dev,A4,0.37,3235,1096,235,4963,0.2530593396444239,0.04520969603693728,0.8293808486091526,0.20109692874255225
dev,A4,0.38,3215,1116,225,4973,0.2576772108058185,0.04328587918430166,0.827435336507528,0.20407937790043928
dev,A4,0.39,3198,1133,216,4982,0.26160240129300394,0.041554444016929586,0.825823111684958,0.20659041197398534
dev,A4,0.4,3188,1143,204,4994,0.2639113368737012,0.039245863793766836,0.825585912210281,0.20774496860371763
dev,A4,0.41,3162,1169,197,5001,0.2699145693835142,0.03789919199692189,0.8223667100130039,0.21191072503686614
dev,A4,0.42,3143,1188,190,5008,0.27430154698683906,0.03655252020007695,0.8201983298538622,0.21486429029014853
dev,A4,0.43,3126,1205,182,5016,0.2782267374740245,0.03501346671796845,0.8184317319020814,0.21742341978501048
dev,A4,0.44,3114,1217,172,5026,0.28099746017086125,0.03308964986533282,0.8176447420244191,0.21902050759447914
dev,A4,0.45,3097,1234,160,5038,0.2849226506580466,0.030781069642170065,0.8162888771744861,0.22138725540407747
dev,A4,0.46,3082,1249,154,5044,0.28838605402909256,0.029626779530588686,0.8145896656534954,0.2236962354044666
dev,A4,0.47,3072,1259,149,5049,0.2906949896097899,0.028664871104270875,0.8135593220338984,0.22518745998341014
dev,A4,0.48,3041,1290,142,5056,0.2978526899099515,0.027318199307425933,0.8094224114985361,0.23021906725932012
dev,A4,0.49,3023,1308,140,5058,0.30200877395520664,0.026933435936898807,0.806778756338404,0.23323993945062968
dev,A4,0.5,3010,1321,136,5062,0.3050103902101131,0.026163909195844555,0.8051357496322055,0.23529876995654597
dev,A4,0.51,2988,1343,132,5066,0.3100900484876472,0.025394382454790303,0.802039994631593,0.23891613197943298
dev,A4,0.52,2956,1375,124,5074,0.3174786423458785,0.0238553289726818,0.7977330994467683,0.24407281400257935
dev,A4,0.53,2937,1394,122,5076,0.32186561994920343,0.023470565602154676,0.7948579161028417,0.24726685636244125
dev,A4,0.54,2906,1425,117,5081,0.32902332024936504,0.02250865717583686,0.7903181941800381,0.25239465448098297
dev,A4,0.55,2883,1448,116,5082,0.33433387208496884,0.022316275490573297,0.7866302864938608,0.25632947293636993
dev,A4,0.56,2862,1469,109,5089,0.33918263680443317,0.020969603693728356,0.7838948233360723,0.25962937852675694
dev,A4,0.57,2848,1483,107,5091,0.34241514661740935,0.02058484032320123,0.7817732637935767,0.26195757004385734
dev,A4,0.58,2829,1502,103,5095,0.34680212422073425,0.01981531358214698,0.7790169351507642,0.26505542156108747
dev,A4,0.59,2812,1519,100,5098,0.3507273147079196,0.019238168526356292,0.7764738368079525,0.26785502816252876
dev,A4,0.6,2788,1543,98,5100,0.35626876010159314,0.018853405155829166,0.7726202023001247,0.2719149213651521
dev,A4,0.61,2765,1566,93,5105,0.36157931193719695,0.01789149672951135,0.7692307692307693,0.2756573581352756
dev,A4,0.62,2744,1587,87,5111,0.3664280766566613,0.016737206617929972,0.7662664060318347,0.27900535914697844
dev,A4,0.63,2728,1603,85,5113,0.37012237358577693,0.016352443247402846,0.7637178051511758,0.28167989100118346
dev,A4,0.64,2705,1626,85,5113,0.37543292542138074,0.016352443247402846,0.7597247577587417,0.28566280487788626
dev,A4,0.65,2689,1642,81,5117,0.3791272223504964,0.015582916506348595,0.7573581185748486,0.2882411458894594
dev,A4,0.66,2660,1671,81,5117,0.3858231355345186,0.015582916506348595,0.752262443438914,0.2932630807774761
dev,A4,0.67,2642,1689,78,5120,0.3899792195797737,0.015005771450557906,0.7493972486172175,0.2962358575474697
dev,A4,0.68,2614,1717,71,5127,0.39644423920572613,0.013659099653712967,0.7451539338654504,0.30074795431772283
dev,A4,0.69,2594,1737,70,5128,0.40106211036712075,0.013466717968449404,0.7416726233023588,0.3041632622674529
dev,A4,0.7,2568,1763,66,5132,0.40706534287693374,0.012697191227395151,0.7374012921751615,0.3084733049645491
dev,A4,0.71,2550,1781,62,5136,0.4112214269221889,0.0119276644863409,0.7345527869796917,0.31139798631322685
dev,A4,0.72,2528,1803,62,5136,0.4163010851997229,0.0119276644863409,0.7305302701921688,0.3152077300213774
dev,A4,0.73,2509,1822,60,5138,0.42068806280304777,0.011542901115813775,0.7272463768115942,0.31840177238123923
dev,A4,0.74,2491,1840,58,5140,0.4248441468483029,0.011158137745286649,0.7241279069767442,0.3214226445725489
dev,A4,0.75,2473,1858,55,5143,0.42900023089355804,0.01058099268949596,0.7210963697331972,0.3243954213425425
dev,A4,0.76,2449,1882,54,5144,0.43454167628723156,0.010388611004232396,0.7167105648229442,0.32850340996648175
dev,A4,0.77,2436,1895,52,5146,0.4375432925421381,0.010003847633705272,0.7144742630884294,0.33065843131502987
dev,A4,0.78,2418,1913,51,5147,0.4416993765873932,0.009811465948441709,0.7111764705882353,0.33372739892765535
dev,A4,0.79,2394,1937,47,5151,0.44724082198106674,0.009041939207387457,0.707028942705257,0.33769110128764696
dev,A4,0.8,2374,1957,44,5154,0.4518586931424613,0.008464794151596768,0.703511631352793,0.34101021839474516
dev,A4,0.81,2350,1981,42,5156,0.4574001385361348,0.008080030781069641,0.699092666964153,0.3450701115973685
dev,A4,0.82,2327,2004,39,5159,0.4627106903717386,0.007502885725278953,0.6949380319546066,0.3489087392101237
dev,A4,0.83,2306,2025,38,5160,0.46755945509120295,0.007310504040015391,0.690936329588015,0.35249721732840605
dev,A4,0.84,2272,2059,38,5160,0.47540983606557374,0.007310504040015391,0.6842343020629423,0.3583850030591842
dev,A4,0.85,2241,2090,36,5162,0.4825675363657354,0.006925740669488265,0.6782687651331719,0.36365708744167363
dev,A4,0.86,2212,2119,36,5162,0.48926344954975753,0.006925740669488265,0.6724426204590364,0.3686790223296902
dev,A4,0.87,2184,2147,34,5164,0.49572846917571,0.006540977298961139,0.6669720568025653,0.3734315962065228
dev,A4,0.88,2151,2180,33,5165,0.503347956592011,0.006348595613697576,0.6603223330775134,0.3790981163474326
dev,A4,0.89,2116,2215,32,5166,0.5114292311244516,0.0061562139284340135,0.6531872202500386,0.38511097682544715
dev,A4,0.9,2083,2248,31,5167,0.5190487185407527,0.00596383224317045,0.6463925523661753,0.39077749696635716
dev,A4,0.91,2047,2284,29,5169,0.527360886631263,0.005579068872643324,0.6389886062119556,0.39691543219160813
dev,A4,0.92,2013,2318,28,5170,0.5352112676056338,0.005386687187379761,0.6318267419962336,0.40275512250107026
dev,A4,0.93,1962,2369,28,5170,0.54698683906719,0.005386687187379761,0.6207878500237304,0.4115868010972375
dev,A4,0.94,1893,2438,27,5171,0.5629184945740013,0.005194305502116198,0.6056630939049752,0.42348744730603005
dev,A4,0.95,1817,2514,26,5172,0.5804664049873008,0.005001923816852636,0.5885973436993845,0.43660028469468876
synth,A0,0.01,7930,13,11432,6142,0.0016366612111292963,0.6505064299533402,0.5808459989013002,0.16385410339668202
synth,A0,0.02,7910,33,9939,7635,0.0041546015359435985,0.5655513827244794,0.6133684863523573,0.14450379683307754
synth,A0,0.03,7894,49,9053,8521,0.00616895379579504,0.5151359963582565,0.6343109682603455,0.1334107144364104
synth,A0,0.04,7880,63,8398,9176,0.007931512023165051,0.47786502788209856,0.6506750340613517,0.12541489098789843
synth,A0,0.05,7870,73,7918,9656,0.009190482185572202,0.4505519517468988,0.6632674560701193,0.11953084957590386
synth,A0,0.06,7849,94,7475,10099,0.011834319526627219,0.42534425856378744,0.6746894743628314,0.11521180428591728
synth,A0,0.07,7823,120,7103,10471,0.015107641948885812,0.4041766245590076,0.6841575932485023,0.11237488760141626
synth,A0,0.08,7792,151,6773,10801,0.01901044945234798,0.3853988847160578,0.6923760440732184,0.11060755826827544
synth,A0,0.09,7774,169,6483,11091,0.02127659574468085,0.3688972345510413,0.7003603603603603,0.10818175544627096
synth,A0,0.1,7754,189,6227,11347,0.023794536069495154,0.35433026061226813,0.7073526728699142,0.10642846720518839
synth,A0,0.11,7726,217,5988,11586,0.027319652524235176,0.3407306247866166,0.713487555986517,0.10567239558983052
synth,A0,0.12,7701,242,5764,11810,0.030467077930253054,0.32798452259019006,0.7194506726457399,0.1048464390952373
synth,A0,0.13,7682,261,5553,12021,0.03285912123882664,0.3159781495390918,0.7254698271791482,0.10363887831389293
synth,A0,0.14,7663,280,5364,12210,0.035251164547400224,0.30522362581085694,0.7308536003814974,0.1027442798632644
synth,A0,0.15,7638,305,5189,12385,0.038398589953418105,0.2952657334698987,0.7354838709677419,0.10261537583253826
synth,A0,0.16,7620,323,5018,12556,0.040664736245750975,0.2855354500967338,0.7404888003498372,0.10188241470849668
synth,A0,0.17,7601,342,4852,12722,0.04305677955432456,0.2760896779333106,0.7453422239654834,0.10131500414907106
synth,A0,0.18,7576,367,4693,12881,0.04620420496034244,0.2670422214635257,0.7496536710864833,0.10141370908613825
synth,A0,0.19,7551,392,4569,13005,0.04935163036636032,0.2599863434619324,0.7527289039525494,0.10201030864025334
synth,A0,0.2,7520,423,4464,13110,0.05325443786982249,0.25401160805735745,0.7547548552215587,0.10344373041670624
synth,A0,0.21,7505,438,4349,13225,0.05514289311343321,0.2474678502332992,0.758195686215083,0.10322413239339971
synth,A0,0.22,7489,454,4253,13321,0.057157245373284656,0.24200523500625926,0.7608839217678436,0.10336924278152831
synth,A0,0.23,7471,472,4140,13434,0.059423391665617525,0.23557528166609765,0.7641403293443797,0.10346136416573756
synth,A0,0.24,7457,486,4025,13549,0.061185949892987535,0.22903152384203937,0.7677734877734878,0.1031473433802505
synth,A0,0.25,7441,502,3937,13637,0.06320030215283898,0.2240241265505861,0.7702499870607111,0.10340625825227576
synth,A0,0.26,7424,519,3853,13721,0.06534055142893114,0.21924433822692613,0.772528616024974,0.10381649812842988
synth,A0,0.27,7393,550,3779,13795,0.0692433589323933,0.21503357232274953,0.773528642427413,0.10569091227998237
synth,A0,0.28,7369,574,3700,13874,0.07226488732217047,0.21053829520883122,0.7751946139280455,0.10683323929383566
synth,A0,0.29,7349,594,3616,13958,0.07478282764698477,0.20575850688517128,0.7773429236302094,0.1075267474565314
synth,A0,0.3,7327,616,3551,14023,0.0775525620042805,0.20205986115852964,0.7785983741565273,0.10867938679284278
synth,A0,0.31,7306,637,3466,14108,0.08019639934533551,0.19722317059292135,0.7807640929735506,0.10945309215723198
synth,A0,0.32,7288,655,3380,14194,0.08246254563766839,0.19232957778536475,0.7831927354790178,0.10992930367459247
synth,A0,0.33,7258,685,3302,14272,0.08623945612488984,0.18789120291339478,0.7845214289574663,0.11165239282201608
synth,A0,0.34,7240,703,3240,14334,0.08850560241722272,0.18436326391259816,0.7859740541714162,0.11247001779106658
synth,A0,0.35,7220,723,3180,14394,0.09102354274203701,0.18094912939569818,0.7872212833233386,0.11350493940545231
synth,A0,0.36,7199,744,3102,14472,0.09366738008309203,0.17651075452372825,0.7891909668932252,0.11437822369325107
synth,A0,0.37,7181,762,3041,14533,0.0959335263754249,0.17303971776487995,0.7906413432424994,0.11521007422278867
synth,A0,0.38,7154,789,2986,14588,0.0993327458139242,0.16991009445772162,0.7912403915279544,0.11697708297487355
synth,A0,0.39,7132,811,2923,14651,0.10210248017121994,0.16632525321497668,0.7925325036115124,0.11815817343215912
synth,A0,0.4,7110,833,2886,14688,0.10487221452851568,0.16421987026288837,0.7926863258821562,0.11970912846210885
synth,A0,0.41,7089,854,2826,14748,0.1075160518695707,0.1608057357459884,0.7939298913652145,0.12083847283867512
synth,A0,0.42,7070,873,2765,14809,0.10990809517814427,0.1573346989871401,0.7953650579367758,0.12176474613039323
synth,A0,0.43,7047,896,2708,14866,0.11280372655168072,0.15409127119608512,0.7963611707537575,0.12312561271278183
synth,A0,0.44,7023,920,2652,14922,0.11582525494145789,0.15090474564697848,0.7972528096265183,0.12459512761783803
synth,A0,0.45,6997,946,2605,14969,0.11909857736371648,0.14823034027540685,0.797606155599886,0.12638151809163908
synth,A0,0.46,6967,976,2548,15026,0.12287548785093794,0.1449869124843519,0.7981441173101157,0.12840334400929143
synth,A0,0.47,6934,1009,2494,15080,0.12703008938688154,0.1419141914191419,0.7983420643601404,0.13075111489494662
synth,A0,0.48,6912,1031,2442,15132,0.12979982374417726,0.1389552748378286,0.7992137364860958,0.1320886865175901
synth,A0,0.49,6896,1047,2376,15198,0.1318141760040287,0.13519972686923865,0.801161777519605,0.1326605637203312
synth,A0,0.5,6869,1074,2331,15243,0.135213395442528,0.13263912598156366,0.80137665519454,0.13456982807728693
synth,A0,0.51,6841,1102,2276,15298,0.13873851189726805,0.12950950267440536,0.8019929660023447,0.1364312595915524
synth,A0,0.52,6819,1124,2226,15348,0.14150824625456376,0.12666439057698872,0.8028019778667295,0.13779728233517
synth,A0,0.53,6794,1149,2185,15389,0.14465567166058163,0.12433139865710709,0.8029783713509041,0.139574603409713
synth,A0,0.54,6766,1177,2144,15430,0.14818078811532168,0.12199840673722545,0.8029430961846555,0.1416351927707976
synth,A0,0.55,6737,1206,2107,15467,0.1518318015863024,0.11989302378513714,0.802644903794603,0.1438471071360111
synth,A0,0.56,6703,1240,2061,15513,0.15611230013848673,0.11727552065551383,0.8024181480816425,0.1464031052677435
synth,A0,0.57,6677,1266,2005,15569,0.15938562256074532,0.11408899510640719,0.8032481203007519,0.14806146569716078
synth,A0,0.58,6653,1290,1978,15596,0.16240715095052247,0.11255263457380221,0.8028236997707252,0.1499435218563424
synth,A0,0.59,6630,1313,1930,15644,0.16530278232405893,0.10982132696028224,0.8034902744955462,0.15143241848311476
synth,A0,0.6,6613,1330,1873,15701,0.1674430316001511,0.10657789916922726,0.805039868525169,0.15222674849242013
synth,A0,0.61,6587,1356,1833,15741,0.17071635402240967,0.10430180949129396,0.8051090875756279,0.15411271788963074
synth,A0,0.62,6557,1386,1795,15779,0.17449326450963112,0.10213952429725731,0.8047867444001228,0.15640482945653766
synth,A0,0.63,6531,1412,1741,15833,0.1777665869318897,0.09906680323204735,0.805550416281221,0.1580916410069291
synth,A0,0.64,6491,1452,1711,15863,0.18280246758151833,0.09735973597359736,0.8040879529266026,0.1614417846795381
synth,A0,0.65,6459,1484,1672,15902,0.1868311721012212,0.09514054853761238,0.8036580813736469,0.16390851621031896
synth,A0,0.66,6428,1515,1630,15944,0.19073397960468336,0.09275065437578241,0.8034497843884757,0.16623814829745812
synth,A0,0.67,6393,1550,1592,15982,0.1951403751731084,0.09058836918174576,0.8027373179306881,0.16900237367526771
synth,A0,0.68,6358,1585,1556,16018,0.19954677074153343,0.08853988847160578,0.8019171343885981,0.1717950501740515
synth,A0,0.69,6321,1622,1519,16055,0.20420496034243987,0.08643450551951747,0.8009884052461509,0.17476234663670928
synth,A0,0.7,6276,1667,1479,16095,0.20987032607327205,0.08415841584158416,0.7995923047521978,0.17844234851535007
synth,A0,0.71,6232,1711,1442,16132,0.21540979478786354,0.08205303288949585,0.79810462957034,0.18207060431327163
synth,A0,0.72,6193,1750,1403,16171,0.22031977842125142,0.07983384545351087,0.7970911899092605,0.1851982951793163
synth,A0,0.73,6154,1789,1372,16202,0.2252297620546393,0.07806987595311256,0.7956558277846014,0.1884397905292576
synth,A0,0.74,6104,1839,1352,16222,0.23152461286667506,0.0769318311141459,0.7927787518670043,0.19287641742854278
synth,A0,0.75,6064,1879,1316,16258,0.23656049351630368,0.07488335040400591,0.7914899171180578,0.19614120773822924
synth,A0,0.76,6023,1920,1289,16285,0.241722271182173,0.07334698987140094,0.789642740085218,0.19962845085448
synth,A0,0.77,5976,1967,1251,16323,0.2476394309454866,0.07118470467736429,0.7878707976268952,0.20352574937845602
synth,A0,0.78,5934,2009,1209,16365,0.2529271056275966,0.06879481051553431,0.7866896460294313,0.20689403184958105
synth,A0,0.79,5887,2056,1165,16409,0.2588442653909102,0.06629111186980767,0.7851950650216739,0.21070597701063457
synth,A0,0.8,5833,2110,1127,16447,0.26564270426790887,0.06412882667577102,0.7827954103200698,0.21526423486987442
synth,A0,0.81,5787,2156,1096,16478,0.27143396701498174,0.06236485717537271,0.7806556050182113,0.2191666895550795
synth,A0,0.82,5711,2232,1052,16522,0.2810021402492761,0.05986115852964607,0.7766897864817082,0.22571689481936857
synth,A0,0.83,5632,2311,1009,16565,0.2909480045322926,0.05741436212586776,0.7723532638507954,0.2325645939306864
synth,A0,0.84,5580,2363,957,16617,0.29749464937680975,0.054455445544554455,0.7707182320441989,0.23673484841874592
synth,A0,0.85,5524,2419,916,16658,0.30454488228628984,0.05212245362467281,0.768129041229229,0.2414392751208856
synth,A0,0.86,5461,2482,883,16691,0.31247639430945484,0.05024467964037783,0.7644711975922167,0.2469184656421856
synth,A0,0.87,5361,2582,845,16729,0.32506609593352637,0.04808239444634119,0.757792070110962,0.25582017056173006
synth,A0,0.88,5291,2652,813,16761,0.33387888707037644,0.046261522703994536,0.7533281127642913,0.261974545978781
synth,A0,0.89,5185,2758,770,16804,0.3472239707918922,0.043814726300216225,0.7461505252554325,0.2713716596689732
synth,A0,0.9,5070,2873,739,16835,0.3617021276595745,0.042050756799817915,0.7373472949389179,0.28178928494463534
synth,A0,0.91,4963,2980,698,16876,0.375173108397331,0.03971776487993627,0.7296383416642164,0.29130927251798233
synth,A0,0.92,4812,3131,654,16920,0.39418355784967896,0.03721406623420963,0.7177268998433888,0.3049411849458116
synth,A0,0.93,4659,3284,603,16971,0.41344580133450837,0.03431205189484466,0.7056418023475957,0.31866236397459247
synth,A0,0.94,4490,3453,553,17021,0.43472239707918925,0.03146693979742802,0.6915139380871708,0.33390853275874893
synth,A0,0.95,4250,3693,495,17079,0.46493768097696087,0.028166609764424717,0.6699243379571248,0.3557449131738268
synth,A1,0.01,7938,5,12336,5238,0.0006294850812035755,0.701946056674633,0.5626395435375837,0.1759586279795609
synth,A1,0.02,7929,14,10880,6694,0.0017625582273700113,0.6190963923978605,0.5927781100478469,0.15609601676999263
synth,A1,0.03,7922,21,10030,7544,0.002643837341055017,0.5707294867417776,0.6118555705734697,0.14466524969123565
synth,A1,0.04,7911,32,9432,8142,0.004028704519702883,0.5367019460566747,0.6257217432571384,0.1371970149039458
synth,A1,0.05,7900,43,8948,8626,0.0054135716983507495,0.5091612609536815,0.6373280626033642,0.13135049401218343
synth,A1,0.06,7892,51,8519,9055,0.00642074782827647,0.48475019915784684,0.6481070871314774,0.12600311066066905
synth,A1,0.07,7883,60,8157,9417,0.007553820974442906,0.4641515875725504,0.6573823124713338,0.12170326262396977
synth,A1,0.08,7864,79,7832,9742,0.009945864283016493,0.4456583589393422,0.665341173484496,0.11887398794709791
synth,A1,0.09,7846,97,7474,10100,0.012212010575349364,0.42528735632183906,0.674547564802476,0.11548084701197178
synth,A1,0.1,7826,117,7197,10377,0.014729950900163666,0.4095254353021509,0.6815292171035444,0.11342882200066048
synth,A1,0.11,7799,144,6922,10652,0.018129170338662973,0.3938773187663594,0.6882280268266855,0.11206620744558708
synth,A1,0.12,7782,161,6693,10881,0.02026941961475513,0.3808467053601912,0.6942635382282095,0.11041374105111415
synth,A1,0.13,7755,188,6466,11108,0.023668639053254437,0.3679298964379197,0.6997834325933947,0.10973395339942074
synth,A1,0.14,7733,210,6248,11326,0.02643837341055017,0.35552520769318313,0.7054369640576537,0.1087100819812084
synth,A1,0.15,7706,237,6042,11532,0.029837592849049476,0.34380334585182654,0.7105251025771057,0.10832903109974373
synth,A1,0.16,7684,259,5860,11714,0.03260732720634521,0.33344713781723,0.7152231581886722,0.10781727985906642
synth,A1,0.17,7658,285,5664,11910,0.0358806496286038,0.3222942983953568,0.7202445332706325,0.10748406182029205
synth,A1,0.18,7640,303,5485,12089,0.03814679592093667,0.3121087970866052,0.7252705524966774,0.10663729621235381
synth,A1,0.19,7626,317,5340,12234,0.03990935414830669,0.303857972004097,0.7294466497680425,0.10589650861225426
synth,A1,0.2,7612,331,5165,12409,0.0416719123756767,0.29390007966313875,0.7347490347490347,0.10472895419754222
synth,A1,0.21,7600,343,5050,12524,0.04318267657056528,0.28735632183908044,0.7381148934103822,0.10422608788769407
synth,A1,0.22,7578,365,4935,12639,0.04595241092786101,0.2808125640150222,0.7409073132577239,0.1046674491996513
synth,A1,0.23,7555,388,4785,12789,0.04884804230139746,0.2722772277227723,0.7449588325198442,0.10470533865674117
synth,A1,0.24,7528,415,4655,12919,0.052247261739896765,0.264879936269489,0.748087051575077,0.10540543037229483
synth,A1,0.25,7501,442,4523,13051,0.05564648117839607,0.2573688403323091,0.7513397105223619,0.10607707096687433
synth,A1,0.26,7473,470,4381,13193,0.05917159763313609,0.24928872197564583,0.7549628731626004,0.10670087871876352
synth,A1,0.27,7455,488,4266,13308,0.06143774392546897,0.24274496415158758,0.7582384052074858,0.10676454898199862
synth,A1,0.28,7436,507,4141,13433,0.06382978723404255,0.23563218390804597,0.7618852459016393,0.1067803864025434
synth,A1,0.29,7410,533,4051,13523,0.06710310965630115,0.23051098213269602,0.7637600494743352,0.10795507777539987
synth,A1,0.3,7392,551,3934,13640,0.06936925594863402,0.2238534198247411,0.7672427214697182,0.1079902969176608
synth,A1,0.31,7364,579,3838,13736,0.07289437240337404,0.21839080459770116,0.7692870201096892,0.10926848045195582
synth,A1,0.32,7342,601,3731,13843,0.07566410676066977,0.21230226470922955,0.77219183845183,0.10982364624780971
synth,A1,0.33,7320,623,3635,13939,0.0784338411179655,0.2068396494821896,0.7746851518679225,0.11053529320902153
synth,A1,0.34,7299,644,3548,14026,0.08107767845902052,0.20188915443268465,0.7769026077700905,0.11128054745243654
synth,A1,0.35,7277,666,3460,14114,0.08384741281631625,0.19688175714123138,0.7791220556745182,0.11210599889754502
synth,A1,0.36,7260,683,3381,14193,0.0859876620924084,0.19238648002731307,0.7813172621609987,0.11258736657613458
synth,A1,0.37,7241,702,3300,14274,0.088379705400982,0.18777739842949812,0.7834884224193898,0.11322912865811102
synth,A1,0.38,7220,723,3221,14353,0.09102354274203701,0.18328212131557983,0.7854656222802436,0.11408818738542273
synth,A1,0.39,7192,751,3118,14456,0.09454865919677703,0.17742119039490156,0.7880348435873555,0.11526679199630817
synth,A1,0.4,7160,783,3043,14531,0.09857736371647992,0.17315352224877661,0.7891546346302215,0.1172214033495541
synth,A1,0.41,7139,804,2973,14601,0.10122120105753493,0.1691703653123933,0.7908058709498754,0.11820849212124951
synth,A1,0.42,7120,823,2892,14682,0.10361324436610853,0.16456128371457834,0.7930938457254246,0.11885025420322598
synth,A1,0.43,7085,858,2814,14760,0.10801963993453355,0.1601229088426084,0.7941934760677054,0.12104545716155227
synth,A1,0.44,7062,881,2739,14835,0.11091527130807,0.15585524069648343,0.7959873760144274,0.12215026365517336
synth,A1,0.45,7035,908,2672,14902,0.11431449074656931,0.15204279048594516,0.7971671388101983,0.12374656568141328
synth,A1,0.46,7016,927,2604,14970,0.11670653405514289,0.1481734380334585,0.7989523429937938,0.1245732600497218
synth,A1,0.47,6990,953,2518,15056,0.11997985647740149,0.1432798452259019,0.801100223482895,0.1258048536645266
synth,A1,0.48,6963,980,2446,15128,0.12337907591590079,0.13918288380562194,0.8025587828492393,0.1273300278883311
synth,A1,0.49,6932,1011,2360,15214,0.12728188341936297,0.13428929099806533,0.8044096315636785,0.12903373531403856
synth,A1,0.5,6900,1043,2287,15287,0.13131058793906583,0.13013542733583702,0.8056042031523643,0.13101679778825864
synth,A1,0.51,6857,1086,2222,15352,0.1367241596374166,0.12643678160919541,0.8056632593114793,0.1341523151303613
synth,A1,0.52,6817,1126,2144,15430,0.1417600402870452,0.12199840673722545,0.8065546616185518,0.13681963189959026
synth,A1,0.53,6782,1161,2082,15492,0.14616643585547023,0.11847046773642882,0.8070446837627179,0.13924244382570988
synth,A1,0.54,6742,1201,2030,15544,0.15120231650509883,0.11551155115511551,0.8067005683517798,0.14227962516760298
synth,A1,0.55,6711,1232,1968,15606,0.155105124008561,0.11198361215431887,0.8074840572734929,0.14432474604500045
synth,A1,0.56,6677,1266,1900,15674,0.15938562256074532,0.10811425970183225,0.8083535108958838,0.14656778184601704
synth,A1,0.57,6653,1290,1837,15737,0.16240715095052247,0.1045294184590873,0.8097121645469482,0.14793771782766366
synth,A1,0.58,6612,1331,1779,15795,0.1675689286163918,0.10122908842608398,0.809599608179258,0.15098396856881485
synth,A1,0.59,6578,1365,1706,15868,0.1718494271685761,0.0970752247638557,0.8107475195661552,0.153155876567396
synth,A1,0.6,6535,1408,1654,15920,0.17726299886692684,0.0941163081825424,0.8101909248698239,0.1564763261958307
synth,A1,0.61,6488,1455,1590,15984,0.18318015863024045,0.09047456469784909,0.8099369577429624,0.16000376014714263
synth,A1,0.62,6452,1491,1534,16040,0.1877124512149062,0.08728803914874246,0.8100947956557223,0.16260634819836528
synth,A1,0.63,6411,1532,1480,16094,0.19287422888077552,0.0842153180835325,0.8097764304660856,0.16570950118146477
synth,A1,0.64,6369,1574,1435,16139,0.19816190356288557,0.08165471719585751,0.8089159839969517,0.16903510697112856
synth,A1,0.65,6320,1623,1391,16183,0.2043308573586806,0.07915101855013087,0.8074613517311869,0.17303589765654315
synth,A1,0.66,6276,1667,1324,16250,0.20987032607327205,0.07533856833959258,0.8075661069291643,0.1762373866398522
synth,A1,0.67,6238,1705,1250,16324,0.21465441269041924,0.07112780243541596,0.8085023653684142,0.1787727601266684
synth,A1,0.68,6196,1747,1195,16379,0.21994208737252927,0.06799817912825765,0.8081387765749315,0.18195611031146136
synth,A1,0.69,6147,1796,1142,16432,0.2261110411683243,0.06498236030499602,0.8071165966386554,0.18582887095249226
synth,A1,0.7,6097,1846,1100,16474,0.23240589198036007,0.06259246614316603,0.8054161162483487,0.18995253552106156
synth,A1,0.71,6060,1883,1059,16515,0.23706408158126652,0.0602594742232844,0.804674014075156,0.19286292974177097
synth,A1,0.72,6008,1935,1017,16557,0.2436107264257837,0.05786958006145442,0.8027792624265099,0.19717543983470137
synth,A1,0.73,5959,1984,967,16607,0.24977968022157876,0.05502446796403778,0.8015333916201492,0.2010908771571935
synth,A1,0.74,5905,2038,924,16650,0.25657811909857736,0.05257767156025948,0.7994855131329542,0.20557800721399788
synth,A1,0.75,5859,2084,890,16684,0.2623693818456503,0.05064299533401616,0.7975769126054996,0.20943778521774176
synth,A1,0.76,5794,2149,846,16728,0.2705526879012967,0.04813929668828952,0.7946238771171913,0.21494934009804492
synth,A1,0.77,5727,2216,809,16765,0.27898778798942464,0.04603391373620121,0.7910767318184958,0.22074931942611878
synth,A1,0.78,5670,2273,768,16806,0.2861639179151454,0.043700921816319564,0.7885404352965719,0.22554816889043894
synth,A1,0.79,5605,2338,738,16836,0.2943472239707919,0.04199385455786958,0.7846843063138738,0.2312588816175613
synth,A1,0.8,5534,2409,708,16866,0.3032859121238827,0.0402867872994196,0.7802608389143462,0.2375361309177669
synth,A1,0.81,5457,2486,668,16906,0.3129799823744177,0.03801069762148629,0.7758032413989195,0.24423766118618484
synth,A1,0.82,5386,2557,629,16945,0.3219186705275085,0.03579151018550131,0.7717438028370827,0.2503868804420067
synth,A1,0.83,5298,2645,595,16979,0.3329976079566914,0.033856833959257995,0.7658282740676496,0.25821241445733306
synth,A1,0.84,5199,2744,563,17011,0.34546141256452223,0.032035962216911344,0.7587012039401678,0.26710504997761947
synth,A1,0.85,5091,2852,535,17039,0.35905829031851944,0.03044269944235803,0.7503869113420296,0.2769043925994791
synth,A1,0.86,4991,2952,513,17061,0.37164799194259096,0.029190850119494707,0.7423217074440396,0.28603370648681686
synth,A1,0.87,4873,3070,490,17084,0.38650383985899534,0.027882098554683054,0.7324515256275365,0.2968484045329173
synth,A1,0.88,4751,3192,460,17114,0.4018632758403626,0.02617503129623307,0.7223658202828037,0.30794121470433017
synth,A1,0.89,4611,3332,429,17145,0.4194888581140627,0.024411061795834757,0.710313486867442,0.32071940903450574
synth,A1,0.9,4468,3475,407,17167,0.43749213143648497,0.023159212472971435,0.6971446403495085,0.33390890169560655
synth,A1,0.91,4316,3627,389,17185,0.45662847790507366,0.022134972117901445,0.6824794433902593,0.3480051014582806
synth,A1,0.92,4164,3779,367,17207,0.47576482437366235,0.020883122795038126,0.6676286676286677,0.3620443989790063
synth,A1,0.93,3980,3963,336,17238,0.49892987536195393,0.01911915329463981,0.6493188677706175,0.3789771948451254
synth,A1,0.94,3776,4167,306,17268,0.5246128666750598,0.017412086036189826,0.628024948024948,0.39781267151534233
synth,A1,0.95,3549,4394,269,17305,0.5531914893617021,0.015306703084101514,0.6035201088342828,0.41872029279230194
synth,A2,0.01,7939,4,12897,4677,0.0005035880649628604,0.7338682144076477,0.5517217415476563,0.18384474465063408
synth,A2,0.02,7930,13,11480,6094,0.0016366612111292963,0.6532377375668601,0.5798267100500859,0.164536930300062
synth,A2,0.03,7926,17,10679,6895,0.0021402492760921564,0.6076590417662456,0.5971071267138768,0.15351994739863054
synth,A2,0.04,7918,25,10092,7482,0.0031474254060178774,0.5742574257425742,0.6101799406619659,0.14592492549015695
synth,A2,0.05,7913,30,9658,7916,0.003776910487221453,0.5495618527369979,0.6202869013090853,0.14022314604966557
synth,A2,0.06,7903,40,9222,8352,0.005035880649628604,0.5247524752475248,0.6305249720759534,0.13496502929910265
synth,A2,0.07,7895,48,8896,8678,0.0060430567795543245,0.5062023443723682,0.6383924961591332,0.1310828786777578
synth,A2,0.08,7884,59,8546,9028,0.007427923958202191,0.4862865596904518,0.6469453903910064,0.1271425828912646
synth,A2,0.09,7866,77,8250,9324,0.009694070250535062,0.4694434960737453,0.6538925142358369,0.12463142670633762
synth,A2,0.1,7854,89,7977,9597,0.011204834445423643,0.4539091840218505,0.6607217969210062,0.12188092183953035
synth,A2,0.11,7836,107,7749,9825,0.013470980737756514,0.4409354728576306,0.6660999659979598,0.12033710376772502
synth,A2,0.12,7824,119,7514,10060,0.014981744932645097,0.4275634459997724,0.6721360766290108,0.11812717019942692
synth,A2,0.13,7808,135,7272,10302,0.016996097192496538,0.41379310344827586,0.6782782434956348,0.11619534875644137
synth,A2,0.14,7783,160,7058,10516,0.020143522598514416,0.40161602367133264,0.6831987359550562,0.11551164786671897
synth,A2,0.15,7761,182,6815,10759,0.022913256955810146,0.38778877887788776,0.6892846041120831,0.11413213743632955
synth,A2,0.16,7745,198,6605,10969,0.02492760921566159,0.3758393080687379,0.6948369443323016,0.11265553392893066
synth,A2,0.17,7720,223,6435,11139,0.028075034621679467,0.3661659269375213,0.6987057652276224,0.11259775770063993
synth,A2,0.18,7699,244,6250,11324,0.030718871962734484,0.35563901217707977,0.7033619587063767,0.1119489070163208
synth,A2,0.19,7684,259,6068,11506,0.03260732720634521,0.3452828041424832,0.7083659829453791,0.1107761964403797
synth,A2,0.2,7673,270,5935,11639,0.033992194384993075,0.33771480596335496,0.7120783258317479,0.10992284727958354
synth,A2,0.21,7659,284,5793,11781,0.035754752612363085,0.3296346876066917,0.7159616732881514,0.10922473636094523
synth,A2,0.22,7639,304,5662,11912,0.03827269293717739,0.3221804939114601,0.7191677650160045,0.10924964318074806
synth,A2,0.23,7622,321,5530,12044,0.04041294221326955,0.3146693979742802,0.7226356956624793,0.10897705615352221
synth,A2,0.24,7603,340,5373,12201,0.042804985521843135,0.3057357459883919,0.7268989913475787,0.10853767563848032
synth,A2,0.25,7580,363,5253,12321,0.04570061689537958,0.298907476954592,0.7296881016557566,0.10900233191018269
synth,A2,0.26,7563,380,5146,12428,0.047840866171471735,0.2928189370661204,0.7324230098779779,0.10908538389513389
synth,A2,0.27,7542,401,5022,12552,0.050484703512526756,0.28576305906452715,0.7355537133661677,0.10930429240052686
synth,A2,0.28,7526,417,4892,12682,0.05249905577237819,0.2783657676112439,0.7392564215902951,0.10896573373209462
synth,A2,0.29,7504,439,4780,12794,0.05526879012967393,0.2719927165130306,0.741978543530924,0.1094497717255131
synth,A2,0.3,7483,460,4667,12907,0.05791262747072894,0.26556276317286903,0.7448365102274423,0.10982516139626397
synth,A2,0.31,7468,475,4564,13010,0.05980108271433967,0.25970183225219073,0.7477346683354192,0.10977627009880243
synth,A2,0.32,7447,496,4455,13119,0.06244492005539469,0.25349948787982246,0.7505165028974553,0.11020856201150163
synth,A2,0.33,7418,525,4356,13218,0.06609593352637542,0.24786616592693753,0.7524471268448547,0.11153849162651594
synth,A2,0.34,7407,536,4231,13343,0.0674808007050233,0.24075338568339594,0.7565497165619733,0.11079894694961645
synth,A2,0.35,7386,557,4146,13428,0.07012463804607831,0.23591669511778765,0.7585109114249037,0.11157265231400565
synth,A2,0.36,7369,574,4053,13521,0.07226488732217047,0.2306247866165927,0.7610637748515363,0.11185486214577603
synth,A2,0.37,7346,597,3962,13612,0.07516051869570692,0.2254466825992944,0.7631811334476131,0.1127320596716038
synth,A2,0.38,7327,616,3883,13691,0.0775525620042805,0.22095140548537612,0.7651020727823318,0.1134022728745544
synth,A2,0.39,7310,633,3782,13792,0.07969281128037266,0.21520427904859452,0.7680588389808248,0.11357067822242813
synth,A2,0.4,7291,652,3708,13866,0.08208485458894624,0.2109935131444179,0.7698236722626967,0.11431201922781414
synth,A2,0.41,7267,676,3598,13976,0.0851063829787234,0.2047342665301013,0.7727562739259889,0.11501335386656787
synth,A2,0.42,7237,706,3520,14054,0.08888329346594485,0.20029589165813133,0.7740106951871658,0.11673644301399147
synth,A2,0.43,7213,730,3440,14134,0.09190482185572202,0.1957437123022647,0.7757582275758228,0.1178645444673577
synth,A2,0.44,7192,751,3371,14203,0.09454865919677703,0.19181745760782976,0.7772614287258186,0.11886585879954022
synth,A2,0.45,7167,776,3296,14278,0.09769608460279491,0.18754978946170478,0.7787677931109421,0.12015951081752238
synth,A2,0.46,7148,795,3225,14349,0.10008812791136851,0.18350973028337317,0.7805197641406421,0.12094352850436968
synth,A2,0.47,7130,813,3151,14423,0.10235427420370137,0.17929896437919654,0.7824846356453029,0.12159044674757516
synth,A2,0.48,7105,838,3076,14498,0.10550169960971925,0.1750312962330716,0.7840432575590377,0.12288409876555734
synth,A2,0.49,7087,856,2990,14584,0.10776784590205211,0.17013770342551496,0.7865704772475027,0.12336031028291783
synth,A2,0.5,7061,882,2905,14669,0.11104116832431071,0.16530101285990667,0.7885420738176336,0.1246061294582097
synth,A2,0.51,7038,905,2818,14756,0.11393679969784716,0.16035051781040174,0.7908309455587392,0.12554022922598582
synth,A2,0.52,7012,931,2752,14822,0.11721012212010576,0.15659496984181176,0.7920031625910657,0.12705633405053227
synth,A2,0.53,6986,957,2692,14882,0.12048344454236434,0.1531808353249118,0.7929175415697179,0.1286577922380012
synth,A2,0.54,6958,985,2619,14955,0.12400856099710438,0.1490269716626835,0.7942922374429223,0.13026316366349916
synth,A2,0.55,6922,1021,2543,15031,0.12854085358177011,0.14470240127461023,0.7952665441176471,0.13258124050498013
synth,A2,0.56,6891,1052,2474,15100,0.13244366108523228,0.14077614658017526,0.7962791772590709,0.13452678245896801
synth,A2,0.57,6858,1085,2401,15173,0.1365982626211759,0.13662228291794698,0.7973491454482037,0.13660426769536865
synth,A2,0.58,6831,1112,2338,15236,0.1399974820596752,0.133037441675202,0.7983870967741935,0.1382574719635569
synth,A2,0.59,6788,1155,2265,15309,0.14541105375802593,0.1288835780129737,0.7987761826312073,0.14127918482176288
synth,A2,0.6,6752,1191,2209,15365,0.14994334634269169,0.1256970524638671,0.7988641741599621,0.14388177287298554
synth,A2,0.61,6719,1224,2127,15447,0.1540979478786353,0.12103106862410379,0.8004050271010781,0.14583122806500243
synth,A2,0.62,6682,1261,2068,15506,0.15875613747954173,0.11767383634915216,0.8005750913556581,0.14848556219694434
synth,A2,0.63,6646,1297,2000,15574,0.16328843006420748,0.11380448389666553,0.8012538429079511,0.150917443522322
synth,A2,0.64,6610,1333,1930,15644,0.1678207226488732,0.10982132696028224,0.802038463871868,0.15332087372672545
synth,A2,0.65,6575,1368,1871,15703,0.17222711821729825,0.1064640946853306,0.8023674415766673,0.15578636233430632
synth,A2,0.66,6533,1410,1805,15769,0.17751479289940827,0.10270854671674064,0.8025305570910878,0.15881323135374137
synth,A2,0.67,6494,1449,1729,15845,0.18242477653279618,0.09838397632866736,0.8034145737968577,0.16141457648176397
synth,A2,0.68,6451,1492,1674,15900,0.18783834823114692,0.09525435302150904,0.8029624097585263,0.16469234942873745
synth,A2,0.69,6424,1519,1617,15957,0.19123756766964622,0.09201092523045408,0.8038038038038038,0.16643090705984817
synth,A2,0.7,6381,1562,1567,16007,0.19665113936799697,0.08916581313303744,0.8030960921276195,0.16977980780925708
synth,A2,0.71,6341,1602,1505,16069,0.2016870200176256,0.0856378741322408,0.803217429856229,0.17267473354627938
synth,A2,0.72,6303,1640,1442,16132,0.20647110663477275,0.08205303288949585,0.8035441101478837,0.17536658819845352
synth,A2,0.73,6251,1692,1385,16189,0.21301775147928995,0.07880960509844089,0.8024905321265806,0.1794657148840777
synth,A2,0.74,6209,1734,1328,16246,0.21830542616139997,0.0755661773073859,0.8021963824289405,0.18262061394789647
synth,A2,0.75,6159,1784,1273,16301,0.22460027697343574,0.07243655400022761,0.8011707317073171,0.1865593462301337
synth,A2,0.76,6118,1825,1225,16349,0.22976205463930505,0.06970524638670764,0.8004710192332853,0.18974785257615567
synth,A2,0.77,6059,1884,1177,16397,0.23718997859750723,0.06697393877318766,0.7983398115817907,0.19463596864142735
synth,A2,0.78,6005,1938,1132,16442,0.24398841747450586,0.06441333788551269,0.7964190981432361,0.1990946475772576
synth,A2,0.79,5958,1985,1083,16491,0.24990557723781948,0.061625128030044385,0.7952482648158036,0.2028354649358757
synth,A2,0.8,5902,2041,1040,16534,0.2569558101472995,0.059178331626266074,0.7930131004366813,0.20751144051704115
synth,A2,0.81,5844,2099,1002,16572,0.264257837089261,0.05701604643222943,0.790317127594834,0.2124473894250031
synth,A2,0.82,5771,2172,954,16620,0.2734483192748332,0.05428473881870946,0.7868830106353968,0.21865742416080228
synth,A2,0.83,5707,2236,906,16668,0.281505728314239,0.05155343120518949,0.7841439956031877,0.2240176540369766
synth,A2,0.84,5630,2313,858,16716,0.291199798564774,0.048822123591669514,0.780264707920449,0.23060537982149787
synth,A2,0.85,5551,2392,822,16752,0.3011456628477905,0.046773642881529534,0.7754959485889913,0.23755265785622526
synth,A2,0.86,5453,2490,765,16809,0.3134835704393806,0.04353021509047456,0.7701433514582303,0.24599523160215409
synth,A2,0.87,5364,2579,734,16840,0.3246884048848042,0.04176624559007625,0.7640481447190371,0.2539578650611222
synth,A2,0.88,5247,2696,675,16899,0.3394183557849679,0.03840901331512461,0.7568698160836639,0.26416602016750707
synth,A2,0.89,5134,2809,636,16938,0.3536447186201687,0.03618982587913964,0.7487785313206446,0.2742809954349114
synth,A2,0.9,5004,2939,591,16983,0.37001133073146164,0.03362922499146467,0.7392524745161767,0.2859158042964624
synth,A2,0.91,4870,3073,544,17030,0.3868815309077175,0.030954819619893024,0.7292056599535824,0.29789985308576133
synth,A2,0.92,4698,3245,510,17064,0.40853581770112046,0.02902014339364971,0.7144703824804197,0.31365689912425276
synth,A2,0.93,4545,3398,471,17103,0.4277980611859499,0.026800955957664734,0.701443012578131,0.3275487848788786
synth,A2,0.94,4343,3600,432,17142,0.45322925846657436,0.024581768521679755,0.6829690202862085,0.34606738598035075
synth,A2,0.95,4104,3839,391,17183,0.48331864534810526,0.02224877660179811,0.6599131693198264,0.36805117816152844
synth,A3,0.01,7938,5,12481,5093,0.0006294850812035755,0.7101968817571412,0.5597630632536492,0.17802133425018798
synth,A3,0.02,7929,14,11012,6562,0.0017625582273700113,0.6266074883350404,0.5898675792292813,0.1579737907542876
synth,A3,0.03,7924,19,10177,7397,0.0023920433085735868,0.5790941163081825,0.6085086776224851,0.14656756155847583
synth,A3,0.04,7915,28,9588,7986,0.0035251164547400226,0.5455786958006146,0.622101705572585,0.13903851129120867
synth,A3,0.05,7904,39,9110,8464,0.004909983633387889,0.5183794241493115,0.6334094642785592,0.1332773437623688
synth,A3,0.06,7898,45,8673,8901,0.005665365730832179,0.49351314441789007,0.6443664844578608,0.12762731040259664
synth,A3,0.07,7889,54,8317,9257,0.006798438876998615,0.4732559462842836,0.6533603875936892,0.12341281572881986
synth,A3,0.08,7871,72,7990,9584,0.009064585169331486,0.4546489131671788,0.6613174256427491,0.12046066716879332
synth,A3,0.09,7850,93,7628,9946,0.011708422510386503,0.43405030158188235,0.6703385850305281,0.11729389227826047
synth,A3,0.1,7833,110,7354,10220,0.01384867178647866,0.41845908728803916,0.6773022049286641,0.11500127566186878
synth,A3,0.11,7810,133,7083,10491,0.016744303160015107,0.403038579720041,0.6840077071290944,0.11331787230002158
synth,A3,0.12,7791,152,6836,10738,0.019136346468588694,0.38898372595880276,0.6903854674346478,0.11159819134114221
synth,A3,0.13,7775,168,6608,10966,0.021150698728440137,0.3760100147945829,0.6964973573412165,0.10986552774497582
synth,A3,0.14,7750,193,6383,11191,0.024298124134458015,0.36320701035620806,0.7021199492661714,0.10902534568989553
synth,A3,0.15,7718,225,6173,11401,0.028326828654160897,0.35125753954705813,0.7069707795181827,0.1090595063773852
synth,A3,0.16,7696,247,5985,11589,0.031096563011456628,0.34055991806077157,0.7118017018128006,0.10846240177378536
synth,A3,0.17,7665,278,5782,11792,0.0349993705149188,0.32900876294526005,0.7166900420757363,0.1085017186225041
synth,A3,0.18,7654,289,5592,11982,0.03638423769356666,0.3181973369750768,0.7224503280003776,0.10683751251394419
synth,A3,0.19,7641,302,5436,12138,0.03802089890469596,0.3093205872311369,0.7270218839200762,0.10584582098630621
synth,A3,0.2,7625,318,5264,12310,0.0400352511645474,0.29953340161602365,0.7320468509984639,0.10490978877741647
synth,A3,0.21,7614,329,5148,12426,0.04142011834319527,0.2929327415500171,0.7354745230620623,0.10429827414490073
synth,A3,0.22,7594,349,5026,12548,0.043938058668009566,0.2859906680323205,0.7386081797403102,0.1044512110090873
synth,A3,0.23,7569,374,4890,12684,0.04708548407402745,0.27825196312734723,0.7419860797960984,0.10487710383735739
synth,A3,0.24,7547,396,4748,12826,0.04985521843132318,0.27017184477068396,0.7458246862338176,0.10493437501616337
synth,A3,0.25,7518,425,4617,12957,0.05350623190230391,0.26271765107545236,0.7488793704552246,0.10580908669559103
synth,A3,0.26,7489,454,4480,13094,0.057157245373284656,0.2549220439285308,0.752209722780233,0.1065984450120962
synth,A3,0.27,7470,473,4364,13210,0.05954928868185824,0.24832138386252417,0.7554229660716995,0.10674231247702473
synth,A3,0.28,7447,496,4244,13330,0.06244492005539469,0.24149311482872426,0.7585820515432413,0.10720696874872708
synth,A3,0.29,7421,522,4135,13439,0.06571824247765327,0.235290770456356,0.7611672393456075,0.10811137447232895
synth,A3,0.3,7405,538,4016,13558,0.06773259473750472,0.22851940366450438,0.7648213179095228,0.10792929696925463
synth,A3,0.31,7383,560,3914,13660,0.07050232909480045,0.22271537498577443,0.7674636174636175,0.10855559056754394
synth,A3,0.32,7361,582,3800,13774,0.07327206345209619,0.2162285194036645,0.7706239530988275,0.10901117743998827
synth,A3,0.33,7334,609,3701,13873,0.0766712828905955,0.21059519745077956,0.7728949309727052,0.1101522615306415
synth,A3,0.34,7316,627,3609,13965,0.07893742918292837,0.20536019119153295,0.7754928980284079,0.11054311968507952
synth,A3,0.35,7293,650,3526,14048,0.08183306055646482,0.20063730510982133,0.7774224496322354,0.11153412169480395
synth,A3,0.36,7275,668,3452,14122,0.08409920684879768,0.1964265392056447,0.7793251205141939,0.11218103993800943
synth,A3,0.37,7256,687,3359,14215,0.08649125015737127,0.19113463070444975,0.7819808168983726,0.1126520952941409
synth,A3,0.38,7232,711,3275,14299,0.08951277854714844,0.1863548423807898,0.7839566395663957,0.11372329450555878
synth,A3,0.39,7207,736,3181,14393,0.0926602039531663,0.18100603163764653,0.7863182586874693,0.11474666087428637
synth,A3,0.4,7175,768,3093,14481,0.09668890847286919,0.17599863434619323,0.7879852836197903,0.1165163399412002
synth,A3,0.41,7155,788,3015,14559,0.09920684879768349,0.1715602594742233,0.7900403025451334,0.11729520146681843
synth,A3,0.42,7132,811,2924,14650,0.10210248017121994,0.166382155456925,0.7924884715817545,0.1181723989926462
synth,A3,0.43,7103,840,2849,14725,0.10575349364220069,0.16211448731080005,0.7938530315730651,0.11984374205935053
synth,A3,0.44,7078,865,2767,14807,0.10890091904821855,0.15744850347103675,0.7958174049921295,0.12103781515392312
synth,A3,0.45,7048,895,2693,14881,0.11267782953544,0.15323773756686013,0.7971047274372314,0.12281780654329502
synth,A3,0.46,7029,914,2626,14948,0.1150698728440136,0.14942528735632185,0.7988407773610637,0.12365872647209067
synth,A3,0.47,7003,940,2545,15029,0.11834319526627218,0.14481620575850687,0.8007546738322566,0.12496144788933086
synth,A3,0.48,6974,969,2482,15092,0.12199420873725293,0.14123136451576193,0.8016552675441118,0.12680349768188018
synth,A3,0.49,6944,999,2393,15181,0.12577111922447437,0.1361670649823603,0.8037037037037037,0.12837010566394585
synth,A3,0.5,6916,1027,2317,15257,0.12929623567921442,0.131842494594287,0.8053097345132744,0.12993280040798255
synth,A3,0.51,6881,1062,2246,15328,0.13370263124763943,0.1278024354159554,0.8062097246631518,0.13222758228971843
synth,A3,0.52,6839,1104,2170,15404,0.13899030592974945,0.12347786502788209,0.8068664464369986,0.1351121957042826
synth,A3,0.53,6802,1141,2113,15461,0.14364849553065592,0.12023443723682713,0.8069759164788232,0.13779498095719872
synth,A3,0.54,6765,1178,2056,15518,0.1483066851315624,0.11699100944577216,0.8070866141732284,0.14047776621011482
synth,A3,0.55,6730,1213,1992,15582,0.1527130806999874,0.11334926596107886,0.8076807680768077,0.14287212701526025
synth,A3,0.56,6703,1240,1926,15648,0.15611230013848673,0.1095937179924889,0.8089548636253923,0.14448265460198728
synth,A3,0.57,6683,1260,1864,15710,0.15863024046330101,0.10606577899169227,0.8105518496058217,0.14548912509539882
synth,A3,0.58,6644,1299,1802,15772,0.16354022409668892,0.10253783999089564,0.8107877234730612,0.1482896280702406
synth,A3,0.59,6599,1344,1726,15848,0.1692055898275211,0.09821326960282235,0.8112859601671994,0.15145750977134642
synth,A3,0.6,6558,1385,1672,15902,0.1743673674933904,0.09514054853761238,0.8109812650714153,0.15456066275444588
synth,A3,0.61,6506,1437,1609,15965,0.1809140123379076,0.09155570729486742,0.8103126167642297,0.15857443607714755
synth,A3,0.62,6467,1476,1547,16027,0.18582399597129548,0.08802776829407079,0.8105533621608072,0.1613749390519893
synth,A3,0.63,6424,1519,1497,16077,0.19123756766964622,0.08518265619665415,0.8098840141200202,0.16472383980139818
synth,A3,0.64,6380,1563,1451,16123,0.19677703638423769,0.08256515306703084,0.8089260808926081,0.16822406555493596
synth,A3,0.65,6334,1609,1411,16163,0.20256829913131058,0.08028906338909753,0.8074961754207037,0.1719984901957573
synth,A3,0.66,6296,1647,1347,16227,0.20735238574845777,0.07664731990440424,0.8079045297061466,0.17467611928744436
synth,A3,0.67,6253,1690,1274,16300,0.2127659574468085,0.07249345624217594,0.8084033613445378,0.17769783214565038
synth,A3,0.68,6210,1733,1217,16357,0.21817952914515926,0.06925002845112098,0.808067664281067,0.18094715397164968
synth,A3,0.69,6165,1778,1159,16415,0.22384489487599143,0.06594969841811768,0.8076242876793083,0.184371095761523
synth,A3,0.7,6121,1822,1111,16463,0.2293843635905829,0.06321839080459771,0.8067215815485996,0.1878428703940866
synth,A3,0.71,6080,1863,1066,16508,0.23454614125645223,0.06065778991692273,0.8058850818477036,0.19107405342156986
synth,A3,0.72,6022,1921,1021,16553,0.2418481681984137,0.05809718902924775,0.8036834378753503,0.19591042340612222
synth,A3,0.73,5975,1968,968,16606,0.24776532796172732,0.055081370205986115,0.8027677011957544,0.19959433852279201
synth,A3,0.74,5925,2018,928,16646,0.2540601787737631,0.052805280528052806,0.8008921330089214,0.2037464542123355
synth,A3,0.75,5877,2066,891,16683,0.2601032355533174,0.05069989757596449,0.7989939501053633,0.20775240105897916
synth,A3,0.76,5814,2129,847,16727,0.26803474757648243,0.048196198930237855,0.7962202136400987,0.2130751104149213
synth,A3,0.77,5742,2201,815,16759,0.27709933274581394,0.046375327187891204,0.792,0.21941833135633323
synth,A3,0.78,5683,2260,776,16798,0.28452725670401613,0.04415613975190622,0.7891959450076378,0.22443447746598866
synth,A3,0.79,5620,2323,746,16828,0.2924587687271812,0.042449072493456246,0.7855196030470334,0.22995634466874995
synth,A3,0.8,5550,2393,710,16864,0.3012715598640312,0.040400591783316266,0.7815250299232557,0.23605381784385246
synth,A3,0.81,5473,2470,676,16898,0.3109656301145663,0.03846591555707295,0.7767527675276753,0.24284070147519296
synth,A3,0.82,5402,2541,635,16939,0.3199043182676571,0.036132923637191304,0.7728183118741059,0.24896146961004065
synth,A3,0.83,5314,2629,599,16975,0.33098325569684,0.034084442927051324,0.7670323325635104,0.25675855250439283
synth,A3,0.84,5221,2722,569,17005,0.3426916782072265,0.03237737566860134,0.7603582611228428,0.26511310257257026
synth,A3,0.85,5113,2830,542,17032,0.3562885559612237,0.03084101513599636,0.7520223562288572,0.2749266707549169
synth,A3,0.86,5013,2930,518,17056,0.36887825758529524,0.029475361329236373,0.7440997476621641,0.2840275335212805
synth,A3,0.87,4894,3049,495,17079,0.38386000251794034,0.028166609764424717,0.7341734173417341,0.2949366543295614
synth,A3,0.88,4776,3167,465,17109,0.3987158504343447,0.026459542505974737,0.7245145631067961,0.30565177345225225
synth,A3,0.89,4630,3313,434,17140,0.4170968148054891,0.02469557300557642,0.7119243484277696,0.3189965043555109
synth,A3,0.9,4487,3456,414,17160,0.43510008812791134,0.023557528166609765,0.6986919962628465,0.33221444813758594
synth,A3,0.91,4337,3606,390,17184,0.45398464056401866,0.02219187435984978,0.6846093133385951,0.3460364490129764
synth,A3,0.92,4182,3761,374,17200,0.47349867808132945,0.021281438488676453,0.6691735338827106,0.36044436818316616
synth,A3,0.93,3998,3945,345,17229,0.49666372906962103,0.019631273472174804,0.650822073905258,0.3774056151702595
synth,A3,0.94,3796,4147,310,17264,0.5220949263502455,0.017639695003983158,0.6300937837164909,0.3959811185136799
synth,A3,0.95,3579,4364,273,17301,0.5494145788744806,0.015534312051894844,0.6068673166596015,0.4159445121688342
synth,A4,0.01,7940,3,13009,4565,0.0003776910487221453,0.7402412655058609,0.5496331164336148,0.18534358466300682
synth,A4,0.02,7930,13,11585,5989,0.0016366612111292963,0.659212472971435,0.5776094398718042,0.16603061415120574
synth,A4,0.03,7926,17,10787,6787,0.0021402492760921564,0.6138044838966655,0.59468787515006,0.1550563079312355
synth,A4,0.04,7920,23,10213,7361,0.002895631373536447,0.5811425970183225,0.6074551311550851,0.14745737278473295
synth,A4,0.05,7915,28,9763,7811,0.0035251164547400226,0.5555365881415728,0.6178525428359549,0.14152798437644823
synth,A4,0.06,7906,37,9332,8242,0.004658189600906458,0.5310117218618413,0.6279337595806362,0.13624657266614018
synth,A4,0.07,7899,44,9000,8574,0.005539468714591464,0.5121201775349948,0.6359391353353192,0.1321846459196923
synth,A4,0.08,7887,56,8647,8927,0.007050232909480045,0.4920336861272334,0.6444417207991175,0.12829609621391838
synth,A4,0.09,7872,71,8342,9232,0.008938688153090771,0.4746785023329919,0.6517365566916422,0.12537364169806606
synth,A4,0.1,7860,83,8074,9500,0.010449452347979353,0.45942870149083875,0.6583741676089961,0.1226942646336942
synth,A4,0.11,7844,99,7847,9727,0.012463804607830795,0.4465118925685672,0.6637894558686638,0.1209758265980149
synth,A4,0.12,7833,110,7614,9960,0.01384867178647866,0.43325367019460564,0.6697734074390765,0.1186999213885104
synth,A4,0.13,7820,123,7372,10202,0.015485332997607957,0.41948332764310914,0.6760319861681435,0.11648483165898325
synth,A4,0.14,7796,147,7153,10421,0.01850686138738512,0.40702173665642427,0.6811113052594793,0.1156355802046449
synth,A4,0.15,7771,172,6917,10657,0.021654286793402998,0.39359280755661774,0.6867571030886837,0.11463891698420668
synth,A4,0.16,7752,191,6701,10873,0.024046330101976585,0.38130192329577783,0.6922664761564565,0.1133602284004269
synth,A4,0.17,7731,212,6536,11038,0.026690167443031602,0.37191305337430297,0.6961728950923007,0.11299588892584944
synth,A4,0.18,7707,236,6354,11220,0.029711695832808763,0.3615568453397064,0.7005089983639339,0.11267298320953317
synth,A4,0.19,7694,249,6162,11412,0.03134835704393806,0.3506316148856265,0.7059039405477315,0.11116917150436018
synth,A4,0.2,7680,263,6025,11549,0.03311091527130807,0.34283600773870493,0.7095343680709535,0.11054218838815728
synth,A4,0.21,7663,280,5880,11694,0.035251164547400224,0.33458518265619663,0.713301684818021,0.11008466907459932
synth,A4,0.22,7645,298,5750,11824,0.0375173108397331,0.3271878912029134,0.7165620020620489,0.10993495593052818
synth,A4,0.23,7628,315,5610,11964,0.039657560115825254,0.31922157733014683,0.7202681648647372,0.10954856441940565
synth,A4,0.24,7609,334,5443,12131,0.04204960342439884,0.3097189029247752,0.7248392474398666,0.10896692829949294
synth,A4,0.25,7591,352,5311,12263,0.04431574971673171,0.3022078069875953,0.7283281362437035,0.10878876403444761
synth,A4,0.26,7574,369,5201,12373,0.04645599899282387,0.2959485603732787,0.731151655565209,0.10882913933793759
synth,A4,0.27,7556,387,5084,12490,0.04872214528515674,0.28929099806532377,0.7341981246659864,0.1088643584801985
synth,A4,0.28,7538,405,4957,12617,0.05098829157748962,0.2820644133378855,0.737645562188081,0.10875732201758859
synth,A4,0.29,7515,428,4843,12731,0.05388392295102606,0.2755775577557756,0.7403576178513374,0.10930733165221343
synth,A4,0.3,7493,450,4736,12838,0.056653657308321795,0.26948901786730395,0.7429109656950228,0.10986249744806734
synth,A4,0.31,7476,467,4636,12938,0.05879390658441395,0.2637987936724707,0.7455497382198953,0.11004512835642814
synth,A4,0.32,7454,489,4523,13051,0.06156364094170968,0.2573688403323091,0.7483935742971888,0.11051494078935953
synth,A4,0.33,7427,516,4420,13154,0.06496286038020899,0.2515079094116308,0.7505811015664478,0.11159912263806444
synth,A4,0.34,7415,528,4302,13272,0.06647362457509758,0.24479344486172755,0.754323499491353,0.11105357964675507
synth,A4,0.35,7396,547,4214,13360,0.06886566788367116,0.23978604757027427,0.7565079527438244,0.11159576280532194
synth,A4,0.36,7380,563,4120,13454,0.0708800201435226,0.234437236827131,0.7591421076994291,0.1117693243144247
synth,A4,0.37,7356,587,4025,13549,0.07390154853329976,0.22903152384203937,0.7613330573380253,0.11268404236048465
synth,A4,0.38,7338,605,3943,13631,0.07616769482563263,0.2243655400022761,0.7634207240948814,0.1132171561197935
synth,A4,0.39,7320,623,3841,13733,0.0784338411179655,0.21856151132354615,0.7663316582914573,0.11346575866936066
synth,A4,0.4,7300,643,3764,13810,0.0809517814427798,0.21418003869352453,0.7681380544010101,0.11425884575546598
synth,A4,0.41,7274,669,3652,13922,0.0842251038650384,0.20780698759531124,0.7710000529969792,0.11512057479760661
synth,A4,0.42,7246,697,3571,14003,0.08775022031977842,0.2031979059974963,0.7724946695095949,0.11661214173920789
synth,A4,0.43,7222,721,3495,14079,0.09077174870955558,0.19887333560942302,0.7740621650589496,0.11779714543452244
synth,A4,0.44,7201,742,3420,14154,0.0934155860506106,0.19460566746329805,0.7758026287438052,0.11871310640378245
synth,A4,0.45,7176,767,3336,14238,0.09656301145662848,0.1898258791396381,0.7776754267136278,0.11987872837738088
synth,A4,0.46,7161,782,3257,14317,0.0984514667002392,0.18533060202571983,0.7800228745711018,0.12017125053160936
synth,A4,0.47,7142,801,3180,14394,0.1008435100088128,0.18094912939569818,0.7820421571311251,0.12086991485553414
synth,A4,0.48,7117,826,3105,14469,0.10399093541483066,0.17668146124957324,0.7835948252133224,0.1221635668735163
synth,A4,0.49,7094,849,3019,14555,0.10688656678836711,0.17178786844201663,0.7857775808595481,0.12311189220177948
synth,A4,0.5,7071,872,2936,14638,0.10978219816190356,0.167064982360305,0.7878551532033427,0.12410289421150392
synth,A4,0.51,7046,897,2846,14728,0.11292962356792144,0.16194378058495504,0.7901317633865994,0.12518316282217984
synth,A4,0.52,7020,923,2778,14796,0.11620294599018004,0.15807442813246841,0.791387182233245,0.12667081652575213
synth,A4,0.53,6996,947,2719,14855,0.1192244743799572,0.15471719585751678,0.7923887189942236,0.1280976547493471
synth,A4,0.54,6969,974,2649,14925,0.1226236938184565,0.1507340389211335,0.7936905643186607,0.12965128009412574
synth,A4,0.55,6935,1008,2574,15000,0.12690419237064082,0.14646637077500854,0.7947513179005271,0.13179473697173275
synth,A4,0.56,6903,1040,2507,15067,0.1309328968903437,0.14265392056447024,0.7955973030599897,0.13386315280887534
synth,A4,0.57,6870,1073,2437,15137,0.13508749842628728,0.13867076362808695,0.7965217391304348,0.1359833147267372
synth,A4,0.58,6842,1101,2371,15203,0.13861261488102733,0.134915215659497,0.7976218232688272,0.13768826507564474
synth,A4,0.59,6799,1144,2298,15276,0.14402618657937807,0.13076135199726868,0.7980046948356807,0.14070997793385073
synth,A4,0.6,6770,1173,2233,15341,0.1476772000503588,0.12706270627062707,0.799008615602502,0.1425235766054259
synth,A4,0.61,6733,1210,2152,15422,0.15233538965126525,0.12245362467281211,0.8002139291656762,0.14486494840665196
synth,A4,0.62,6696,1247,2088,15486,0.15699357925217172,0.1188118811881188,0.8006217492676511,0.1474481547361585
synth,A4,0.63,6658,1285,2018,15556,0.1617776658693189,0.11482872425173551,0.8012515795174198,0.15004043046492305
synth,A4,0.64,6617,1326,1949,15625,0.16693944353518822,0.11090246955730056,0.8016233569568114,0.1529302000407163
synth,A4,0.65,6580,1363,1888,15686,0.17159763313609466,0.10743143279845226,0.8019011638535128,0.15555608305168406
synth,A4,0.66,6541,1402,1821,15753,0.17650761676948257,0.10361898258791397,0.8023305734437289,0.1582854582240904
synth,A4,0.67,6501,1442,1749,15825,0.18154349741911116,0.099522021167634,0.8029395417773112,0.16103812835624187
synth,A4,0.68,6456,1487,1693,15881,0.18720886314994334,0.09633549561852738,0.8023862788963461,0.16449052126708935
synth,A4,0.69,6427,1516,1635,15939,0.19085987662092407,0.09303516558552406,0.8031240237425804,0.16640369886207407
synth,A4,0.7,6384,1559,1584,15990,0.19627344831927485,0.0901331512461591,0.8024637043554773,0.1697383740509959
synth,A4,0.71,6345,1598,1519,16055,0.20118343195266272,0.08643450551951747,0.8028088821408237,0.1724962003443764
synth,A4,0.72,6307,1636,1453,16121,0.20596751856980988,0.08267895755092751,0.8032859963064383,0.17514537831508928
synth,A4,0.73,6257,1686,1392,16182,0.21226236938184564,0.07920792079207921,0.8025910723447922,0.17899875723440403
synth,A4,0.74,6212,1731,1332,16242,0.21792773511267782,0.07579378627517924,0.8022212177955704,0.18239424790330316
synth,A4,0.75,6168,1775,1277,16297,0.22346720382726928,0.07266416296802095,0.8016636340005199,0.1857664436124572
synth,A4,0.76,6128,1815,1229,16345,0.2285030844768979,0.06993285535450097,0.801045751633987,0.18886052719629867
synth,A4,0.77,6073,1870,1179,16395,0.23542742037013722,0.06708774325708433,0.7993418887792036,0.193342501091874
synth,A4,0.78,6017,1926,1137,16437,0.24247765327961726,0.06469784909525435,0.7971120090084123,0.19803270223352654
synth,A4,0.79,5966,1977,1090,16484,0.24889840110789374,0.062023443723682715,0.7955197013134209,0.202179661761841
synth,A4,0.8,5910,2033,1048,16526,0.2559486340173738,0.05963354956185274,0.7932353533319911,0.20686986290349352
synth,A4,0.81,5851,2092,1009,16565,0.26337655797557596,0.05741436212586776,0.7905154360602581,0.2118860090131489
synth,A4,0.82,5781,2162,961,16613,0.27218934911242604,0.054683054512347784,0.7873340143003065,0.21781277546240646
synth,A4,0.83,5719,2224,913,16661,0.2799949641193504,0.05195174689882781,0.7847684391080617,0.2229841598142197
synth,A4,0.84,5637,2306,861,16713,0.290318519451089,0.04899283031751451,0.7806938577660827,0.2299870971676954
synth,A4,0.85,5559,2384,823,16751,0.3001384867178648,0.04683054512347787,0.7761256544502618,0.23681150131926806
synth,A4,0.86,5463,2480,773,16801,0.31222460027697346,0.04398543302606123,0.7705762042457155,0.24516480846424538
synth,A4,0.87,5368,2575,738,16836,0.32418481681984135,0.04199385455786958,0.764182504092818,0.2536370762543484
synth,A4,0.88,5255,2688,679,16895,0.3384111796550422,0.03863662228291795,0.757368307271024,0.26346754031201114
synth,A4,0.89,5145,2798,638,16936,0.35225985144152083,0.036303630363036306,0.7496721550342416,0.2732707961718997
synth,A4,0.9,5015,2928,594,16980,0.3686264635528138,0.03379993171730966,0.740112160566706,0.2849198305939378
synth,A4,0.91,4879,3064,544,17030,0.38574845776155103,0.030954819619893024,0.7300613496932515,0.2970500482261365
synth,A4,0.92,4705,3238,511,17063,0.4076545385874355,0.029077045635598042,0.7150999316057451,0.3130101653494761
synth,A4,0.93,4554,3389,476,17098,0.4266649880397835,0.027085467167406396,0.7020735373467972,0.3267701078216892
synth,A4,0.94,4358,3585,438,17136,0.4513408032229636,0.024923181973369752,0.6841981317214852,0.34473639791056515
synth,A4,0.95,4113,3830,393,17181,0.4821855722019388,0.022362581085694777,0.6607759659410395,0.36722982442287777
